0.000000 0.000000
0.001000 0.001296
0.002000 0.002594
0.003000 0.003893
0.004000 0.005195
0.005000 0.006498
0.006000 0.007803
0.007000 0.009109
0.008000 0.010417
0.009000 0.011728
0.010000 0.013039
0.011000 0.014353
0.012000 0.015668
0.013000 0.016984
0.014000 0.018303
0.015000 0.019622
0.016000 0.020944
0.017000 0.022267
0.018000 0.023591
0.019000 0.024917
0.020000 0.026245
0.021000 0.027574
0.022000 0.028904
0.023000 0.030236
0.024000 0.031570
0.025000 0.032904
0.026000 0.034241
0.027000 0.035578
0.028000 0.036917
0.029000 0.038257
0.030000 0.039599
0.031000 0.040942
0.032000 0.042286
0.033000 0.043631
0.034000 0.044978
0.035000 0.046326
0.036000 0.047675
0.037000 0.049026
0.038000 0.050377
0.039000 0.051730
0.040000 0.053084
0.041000 0.054439
0.042000 0.055795
0.043000 0.057152
0.044000 0.058510
0.045000 0.059869
0.046000 0.061230
0.047000 0.062591
0.048000 0.063953
0.049000 0.065317
0.050000 0.066681
0.051000 0.068046
0.052000 0.069412
0.053000 0.070780
0.054000 0.072148
0.055000 0.073516
0.056000 0.074886
0.057000 0.076257
0.058000 0.077628
0.059000 0.079000
0.060000 0.080373
0.061000 0.081747
0.062000 0.083122
0.063000 0.084497
0.064000 0.085873
0.065000 0.087250
0.066000 0.088627
0.067000 0.090005
0.068000 0.091384
0.069000 0.092764
0.070000 0.094144
0.071000 0.095524
0.072000 0.096905
0.073000 0.098287
0.074000 0.099670
0.075000 0.101052
0.076000 0.102436
0.077000 0.103820
0.078000 0.105204
0.079000 0.106589
0.080000 0.107974
0.081000 0.109360
0.082000 0.110746
0.083000 0.112133
0.084000 0.113520
0.085000 0.114907
0.086000 0.116294
0.087000 0.117682
0.088000 0.119071
0.089000 0.120459
0.090000 0.121848
0.091000 0.123237
0.092000 0.124627
0.093000 0.126016
0.094000 0.127406
0.095000 0.128796
0.096000 0.130186
0.097000 0.131576
0.098000 0.132967
0.099000 0.134358
0.100000 0.135748
0.101000 0.137139
0.102000 0.138530
0.103000 0.139921
0.104000 0.141312
0.105000 0.142703
0.106000 0.144094
0.107000 0.145485
0.108000 0.146876
0.109000 0.148267
0.110000 0.149658
0.111000 0.151049
0.112000 0.152440
0.113000 0.153831
0.114000 0.155221
0.115000 0.156612
0.116000 0.158002
0.117000 0.159392
0.118000 0.160782
0.119000 0.162172
0.120000 0.163562
0.121000 0.164951
0.122000 0.166340
0.123000 0.167729
0.124000 0.169118
0.125000 0.170506
0.126000 0.171894
0.127000 0.173282
0.128000 0.174669
0.129000 0.176056
0.130000 0.177443
0.131000 0.178829
0.132000 0.180215
0.133000 0.181600
0.134000 0.182985
0.135000 0.184370
0.136000 0.185754
0.137000 0.187138
0.138000 0.188521
0.139000 0.189903
0.140000 0.191285
0.141000 0.192667
0.142000 0.194048
0.143000 0.195428
0.144000 0.196808
0.145000 0.198188
0.146000 0.199566
0.147000 0.200944
0.148000 0.202322
0.149000 0.203698
0.150000 0.205074
0.151000 0.206450
0.152000 0.207824
0.153000 0.209198
0.154000 0.210571
0.155000 0.211944
0.156000 0.213315
0.157000 0.214686
0.158000 0.216057
0.159000 0.217426
0.160000 0.218794
0.161000 0.220162
0.162000 0.221529
0.163000 0.222895
0.164000 0.224260
0.165000 0.225624
0.166000 0.226987
0.167000 0.228349
0.168000 0.229711
0.169000 0.231071
0.170000 0.232431
0.171000 0.233789
0.172000 0.235147
0.173000 0.236503
0.174000 0.237859
0.175000 0.239213
0.176000 0.240567
0.177000 0.241919
0.178000 0.243270
0.179000 0.244620
0.180000 0.245969
0.181000 0.247317
0.182000 0.248664
0.183000 0.250010
0.184000 0.251354
0.185000 0.252698
0.186000 0.254040
0.187000 0.255381
0.188000 0.256721
0.189000 0.258059
0.190000 0.259396
0.191000 0.260732
0.192000 0.262067
0.193000 0.263401
0.194000 0.264733
0.195000 0.266064
0.196000 0.267393
0.197000 0.268721
0.198000 0.270048
0.199000 0.271374
0.200000 0.272698
0.201000 0.274021
0.202000 0.275342
0.203000 0.276662
0.204000 0.277981
0.205000 0.279298
0.206000 0.280613
0.207000 0.281928
0.208000 0.283240
0.209000 0.284552
0.210000 0.285861
0.211000 0.287170
0.212000 0.288476
0.213000 0.289781
0.214000 0.291085
0.215000 0.292387
0.216000 0.293688
0.217000 0.294986
0.218000 0.296284
0.219000 0.297580
0.220000 0.298874
0.221000 0.300166
0.222000 0.301457
0.223000 0.302746
0.224000 0.304034
0.225000 0.305319
0.226000 0.306603
0.227000 0.307886
0.228000 0.309167
0.229000 0.310446
0.230000 0.311723
0.231000 0.312998
0.232000 0.314272
0.233000 0.315544
0.234000 0.316814
0.235000 0.318082
0.236000 0.319349
0.237000 0.320614
0.238000 0.321877
0.239000 0.323138
0.240000 0.324397
0.241000 0.325654
0.242000 0.326910
0.243000 0.328164
0.244000 0.329415
0.245000 0.330665
0.246000 0.331913
0.247000 0.333159
0.248000 0.334403
0.249000 0.335645
0.250000 0.336885
0.251000 0.338123
0.252000 0.339360
0.253000 0.340594
0.254000 0.341826
0.255000 0.343056
0.256000 0.344284
0.257000 0.345510
0.258000 0.346735
0.259000 0.347957
0.260000 0.349177
0.261000 0.350395
0.262000 0.351610
0.263000 0.352824
0.264000 0.354036
0.265000 0.355245
0.266000 0.356453
0.267000 0.357658
0.268000 0.358861
0.269000 0.360062
0.270000 0.361261
0.271000 0.362458
0.272000 0.363652
0.273000 0.364844
0.274000 0.366035
0.275000 0.367222
0.276000 0.368408
0.277000 0.369592
0.278000 0.370773
0.279000 0.371952
0.280000 0.373129
0.281000 0.374303
0.282000 0.375475
0.283000 0.376645
0.284000 0.377813
0.285000 0.378978
0.286000 0.380141
0.287000 0.381302
0.288000 0.382460
0.289000 0.383616
0.290000 0.384770
0.291000 0.385922
0.292000 0.387071
0.293000 0.388217
0.294000 0.389362
0.295000 0.390504
0.296000 0.391643
0.297000 0.392780
0.298000 0.393915
0.299000 0.395047
0.300000 0.396177
0.301000 0.397305
0.302000 0.398430
0.303000 0.399552
0.304000 0.400673
0.305000 0.401790
0.306000 0.402906
0.307000 0.404018
0.308000 0.405129
0.309000 0.406236
0.310000 0.407342
0.311000 0.408445
0.312000 0.409545
0.313000 0.410643
0.314000 0.411738
0.315000 0.412831
0.316000 0.413921
0.317000 0.415008
0.318000 0.416093
0.319000 0.417176
0.320000 0.418256
0.321000 0.419333
0.322000 0.420408
0.323000 0.421480
0.324000 0.422550
0.325000 0.423617
0.326000 0.424681
0.327000 0.425743
0.328000 0.426802
0.329000 0.427859
0.330000 0.428913
0.331000 0.429964
0.332000 0.431013
0.333000 0.432059
0.334000 0.433102
0.335000 0.434143
0.336000 0.435181
0.337000 0.436216
0.338000 0.437248
0.339000 0.438278
0.340000 0.439306
0.341000 0.440330
0.342000 0.441352
0.343000 0.442371
0.344000 0.443388
0.345000 0.444401
0.346000 0.445412
0.347000 0.446421
0.348000 0.447426
0.349000 0.448429
0.350000 0.449429
0.351000 0.450426
0.352000 0.451421
0.353000 0.452413
0.354000 0.453402
0.355000 0.454388
0.356000 0.455371
0.357000 0.456352
0.358000 0.457330
0.359000 0.458305
0.360000 0.459277
0.361000 0.460247
0.362000 0.461214
0.363000 0.462178
0.364000 0.463139
0.365000 0.464097
0.366000 0.465052
0.367000 0.466005
0.368000 0.466955
0.369000 0.467902
0.370000 0.468846
0.371000 0.469787
0.372000 0.470726
0.373000 0.471661
0.374000 0.472594
0.375000 0.473524
0.376000 0.474451
0.377000 0.475375
0.378000 0.476296
0.379000 0.477215
0.380000 0.478130
0.381000 0.479043
0.382000 0.479953
0.383000 0.480860
0.384000 0.481764
0.385000 0.482665
0.386000 0.483563
0.387000 0.484458
0.388000 0.485351
0.389000 0.486240
0.390000 0.487127
0.391000 0.488011
0.392000 0.488891
0.393000 0.489769
0.394000 0.490644
0.395000 0.491516
0.396000 0.492385
0.397000 0.493252
0.398000 0.494115
0.399000 0.494975
0.400000 0.495833
0.401000 0.496687
0.402000 0.497539
0.403000 0.498387
0.404000 0.499233
0.405000 0.500076
0.406000 0.500915
0.407000 0.501752
0.408000 0.502586
0.409000 0.503417
0.410000 0.504245
0.411000 0.505070
0.412000 0.505892
0.413000 0.506711
0.414000 0.507527
0.415000 0.508340
0.416000 0.509150
0.417000 0.509958
0.418000 0.510762
0.419000 0.511563
0.420000 0.512362
0.421000 0.513157
0.422000 0.513949
0.423000 0.514739
0.424000 0.515525
0.425000 0.516309
0.426000 0.517089
0.427000 0.517867
0.428000 0.518641
0.429000 0.519413
0.430000 0.520182
0.431000 0.520947
0.432000 0.521710
0.433000 0.522469
0.434000 0.523226
0.435000 0.523980
0.436000 0.524730
0.437000 0.525478
0.438000 0.526223
0.439000 0.526965
0.440000 0.527703
0.441000 0.528439
0.442000 0.529172
0.443000 0.529902
0.444000 0.530629
0.445000 0.531353
0.446000 0.532074
0.447000 0.532791
0.448000 0.533506
0.449000 0.534218
0.450000 0.534927
0.451000 0.535633
0.452000 0.536336
0.453000 0.537036
0.454000 0.537733
0.455000 0.538427
0.456000 0.539118
0.457000 0.539806
0.458000 0.540492
0.459000 0.541174
0.460000 0.541853
0.461000 0.542529
0.462000 0.543202
0.463000 0.543872
0.464000 0.544540
0.465000 0.545204
0.466000 0.545865
0.467000 0.546524
0.468000 0.547179
0.469000 0.547832
0.470000 0.548481
0.471000 0.549128
0.472000 0.549771
0.473000 0.550412
0.474000 0.551049
0.475000 0.551684
0.476000 0.552316
0.477000 0.552944
0.478000 0.553570
0.479000 0.554193
0.480000 0.554813
0.481000 0.555430
0.482000 0.556044
0.483000 0.556655
0.484000 0.557263
0.485000 0.557868
0.486000 0.558470
0.487000 0.559070
0.488000 0.559666
0.489000 0.560260
0.490000 0.560850
0.491000 0.561438
0.492000 0.562022
0.493000 0.562604
0.494000 0.563183
0.495000 0.563759
0.496000 0.564332
0.497000 0.564902
0.498000 0.565469
0.499000 0.566034
0.500000 0.566595
0.501000 0.567153
0.502000 0.567709
0.503000 0.568262
0.504000 0.568811
0.505000 0.569358
0.506000 0.569902
0.507000 0.570444
0.508000 0.570982
0.509000 0.571517
0.510000 0.572050
0.511000 0.572580
0.512000 0.573106
0.513000 0.573630
0.514000 0.574151
0.515000 0.574670
0.516000 0.575185
0.517000 0.575698
0.518000 0.576207
0.519000 0.576714
0.520000 0.577218
0.521000 0.577719
0.522000 0.578218
0.523000 0.578713
0.524000 0.579206
0.525000 0.579696
0.526000 0.580183
0.527000 0.580667
0.528000 0.581149
0.529000 0.581627
0.530000 0.582103
0.531000 0.582576
0.532000 0.583047
0.533000 0.583514
0.534000 0.583979
0.535000 0.584441
0.536000 0.584900
0.537000 0.585356
0.538000 0.585810
0.539000 0.586261
0.540000 0.586709
0.541000 0.587155
0.542000 0.587597
0.543000 0.588037
0.544000 0.588474
0.545000 0.588909
0.546000 0.589341
0.547000 0.589770
0.548000 0.590196
0.549000 0.590619
0.550000 0.591040
0.551000 0.591459
0.552000 0.591874
0.553000 0.592287
0.554000 0.592697
0.555000 0.593104
0.556000 0.593509
0.557000 0.593911
0.558000 0.594311
0.559000 0.594707
0.560000 0.595102
0.561000 0.595493
0.562000 0.595882
0.563000 0.596268
0.564000 0.596652
0.565000 0.597033
0.566000 0.597411
0.567000 0.597787
0.568000 0.598160
0.569000 0.598530
0.570000 0.598898
0.571000 0.599264
0.572000 0.599626
0.573000 0.599986
0.574000 0.600344
0.575000 0.600699
0.576000 0.601051
0.577000 0.601401
0.578000 0.601749
0.579000 0.602093
0.580000 0.602436
0.581000 0.602775
0.582000 0.603113
0.583000 0.603447
0.584000 0.603780
0.585000 0.604109
0.586000 0.604436
0.587000 0.604761
0.588000 0.605083
0.589000 0.605403
0.590000 0.605720
0.591000 0.606035
0.592000 0.606347
0.593000 0.606657
0.594000 0.606964
0.595000 0.607269
0.596000 0.607572
0.597000 0.607872
0.598000 0.608170
0.599000 0.608465
0.600000 0.608758
0.601000 0.609048
0.602000 0.609336
0.603000 0.609622
0.604000 0.609905
0.605000 0.610186
0.606000 0.610464
0.607000 0.610741
0.608000 0.611014
0.609000 0.611286
0.610000 0.611555
0.611000 0.611822
0.612000 0.612086
0.613000 0.612348
0.614000 0.612608
0.615000 0.612866
0.616000 0.613121
0.617000 0.613374
0.618000 0.613624
0.619000 0.613873
0.620000 0.614119
0.621000 0.614363
0.622000 0.614604
0.623000 0.614844
0.624000 0.615081
0.625000 0.615316
0.626000 0.615548
0.627000 0.615779
0.628000 0.616007
0.629000 0.616233
0.630000 0.616457
0.631000 0.616678
0.632000 0.616898
0.633000 0.617115
0.634000 0.617330
0.635000 0.617543
0.636000 0.617754
0.637000 0.617962
0.638000 0.618169
0.639000 0.618373
0.640000 0.618576
0.641000 0.618776
0.642000 0.618974
0.643000 0.619170
0.644000 0.619364
0.645000 0.619556
0.646000 0.619745
0.647000 0.619933
0.648000 0.620119
0.649000 0.620302
0.650000 0.620484
0.651000 0.620663
0.652000 0.620841
0.653000 0.621016
0.654000 0.621190
0.655000 0.621361
0.656000 0.621530
0.657000 0.621698
0.658000 0.621863
0.659000 0.622027
0.660000 0.622189
0.661000 0.622348
0.662000 0.622506
0.663000 0.622662
0.664000 0.622815
0.665000 0.622967
0.666000 0.623117
0.667000 0.623265
0.668000 0.623412
0.669000 0.623556
0.670000 0.623698
0.671000 0.623839
0.672000 0.623978
0.673000 0.624114
0.674000 0.624250
0.675000 0.624383
0.676000 0.624514
0.677000 0.624644
0.678000 0.624771
0.679000 0.624897
0.680000 0.625021
0.681000 0.625144
0.682000 0.625264
0.683000 0.625383
0.684000 0.625500
0.685000 0.625615
0.686000 0.625729
0.687000 0.625841
0.688000 0.625951
0.689000 0.626059
0.690000 0.626166
0.691000 0.626271
0.692000 0.626374
0.693000 0.626476
0.694000 0.626576
0.695000 0.626674
0.696000 0.626771
0.697000 0.626865
0.698000 0.626959
0.699000 0.627050
0.700000 0.627141
0.701000 0.627229
0.702000 0.627316
0.703000 0.627401
0.704000 0.627485
0.705000 0.627567
0.706000 0.627647
0.707000 0.627726
0.708000 0.627804
0.709000 0.627880
0.710000 0.627954
0.711000 0.628027
0.712000 0.628098
0.713000 0.628168
0.714000 0.628236
0.715000 0.628303
0.716000 0.628368
0.717000 0.628432
0.718000 0.628494
0.719000 0.628555
0.720000 0.628615
0.721000 0.628673
0.722000 0.628729
0.723000 0.628784
0.724000 0.628838
0.725000 0.628890
0.726000 0.628941
0.727000 0.628991
0.728000 0.629039
0.729000 0.629086
0.730000 0.629131
0.731000 0.629176
0.732000 0.629218
0.733000 0.629260
0.734000 0.629300
0.735000 0.629339
0.736000 0.629376
0.737000 0.629412
0.738000 0.629447
0.739000 0.629481
0.740000 0.629513
0.741000 0.629544
0.742000 0.629574
0.743000 0.629603
0.744000 0.629630
0.745000 0.629656
0.746000 0.629681
0.747000 0.629705
0.748000 0.629727
0.749000 0.629748
0.750000 0.629769
0.751000 0.629787
0.752000 0.629805
0.753000 0.629822
0.754000 0.629837
0.755000 0.629852
0.756000 0.629865
0.757000 0.629877
0.758000 0.629888
0.759000 0.629898
0.760000 0.629906
0.761000 0.629914
0.762000 0.629921
0.763000 0.629926
0.764000 0.629930
0.765000 0.629934
0.766000 0.629936
0.767000 0.629937
0.768000 0.629938
0.769000 0.629937
0.770000 0.629935
0.771000 0.629932
0.772000 0.629929
0.773000 0.629924
0.774000 0.629918
0.775000 0.629911
0.776000 0.629904
0.777000 0.629895
0.778000 0.629886
0.779000 0.629875
0.780000 0.629864
0.781000 0.629851
0.782000 0.629838
0.783000 0.629824
0.784000 0.629809
0.785000 0.629793
0.786000 0.629776
0.787000 0.629758
0.788000 0.629740
0.789000 0.629720
0.790000 0.629700
0.791000 0.629679
0.792000 0.629657
0.793000 0.629635
0.794000 0.629611
0.795000 0.629587
0.796000 0.629562
0.797000 0.629536
0.798000 0.629509
0.799000 0.629482
0.800000 0.629453
0.801000 0.629425
0.802000 0.629395
0.803000 0.629364
0.804000 0.629333
0.805000 0.629301
0.806000 0.629269
0.807000 0.629236
0.808000 0.629202
0.809000 0.629167
0.810000 0.629132
0.811000 0.629096
0.812000 0.629059
0.813000 0.629021
0.814000 0.628984
0.815000 0.628945
0.816000 0.628906
0.817000 0.628866
0.818000 0.628825
0.819000 0.628784
0.820000 0.628742
0.821000 0.628700
0.822000 0.628657
0.823000 0.628614
0.824000 0.628570
0.825000 0.628525
0.826000 0.628480
0.827000 0.628434
0.828000 0.628388
0.829000 0.628341
0.830000 0.628294
0.831000 0.628246
0.832000 0.628198
0.833000 0.628149
0.834000 0.628100
0.835000 0.628050
0.836000 0.628000
0.837000 0.627949
0.838000 0.627898
0.839000 0.627846
0.840000 0.627794
0.841000 0.627742
0.842000 0.627689
0.843000 0.627635
0.844000 0.627581
0.845000 0.627527
0.846000 0.627473
0.847000 0.627417
0.848000 0.627362
0.849000 0.627306
0.850000 0.627250
0.851000 0.627193
0.852000 0.627137
0.853000 0.627079
0.854000 0.627022
0.855000 0.626964
0.856000 0.626905
0.857000 0.626847
0.858000 0.626788
0.859000 0.626728
0.860000 0.626669
0.861000 0.626609
0.862000 0.626549
0.863000 0.626488
0.864000 0.626428
0.865000 0.626366
0.866000 0.626305
0.867000 0.626244
0.868000 0.626182
0.869000 0.626120
0.870000 0.626057
0.871000 0.625995
0.872000 0.625932
0.873000 0.625869
0.874000 0.625806
0.875000 0.625742
0.876000 0.625679
0.877000 0.625615
0.878000 0.625551
0.879000 0.625487
0.880000 0.625422
0.881000 0.625358
0.882000 0.625293
0.883000 0.625228
0.884000 0.625163
0.885000 0.625098
0.886000 0.625033
0.887000 0.624967
0.888000 0.624901
0.889000 0.624836
0.890000 0.624770
0.891000 0.624704
0.892000 0.624638
0.893000 0.624572
0.894000 0.624505
0.895000 0.624439
0.896000 0.624372
0.897000 0.624306
0.898000 0.624239
0.899000 0.624173
0.900000 0.624106
0.901000 0.624039
0.902000 0.623972
0.903000 0.623905
0.904000 0.623838
0.905000 0.623771
0.906000 0.623704
0.907000 0.623637
0.908000 0.623570
0.909000 0.623503
0.910000 0.623436
0.911000 0.623368
0.912000 0.623301
0.913000 0.623234
0.914000 0.623167
0.915000 0.623100
0.916000 0.623033
0.917000 0.622966
0.918000 0.622898
0.919000 0.622831
0.920000 0.622764
0.921000 0.622697
0.922000 0.622630
0.923000 0.622563
0.924000 0.622497
0.925000 0.622430
0.926000 0.622363
0.927000 0.622296
0.928000 0.622230
0.929000 0.622163
0.930000 0.622097
0.931000 0.622030
0.932000 0.621964
0.933000 0.621898
0.934000 0.621832
0.935000 0.621766
0.936000 0.621700
0.937000 0.621634
0.938000 0.621568
0.939000 0.621503
0.940000 0.621437
0.941000 0.621372
0.942000 0.621306
0.943000 0.621241
0.944000 0.621176
0.945000 0.621111
0.946000 0.621047
0.947000 0.620982
0.948000 0.620918
0.949000 0.620853
0.950000 0.620789
0.951000 0.620725
0.952000 0.620661
0.953000 0.620597
0.954000 0.620534
0.955000 0.620471
0.956000 0.620407
0.957000 0.620344
0.958000 0.620281
0.959000 0.620219
0.960000 0.620156
0.961000 0.620094
0.962000 0.620032
0.963000 0.619970
0.964000 0.619908
0.965000 0.619846
0.966000 0.619785
0.967000 0.619724
0.968000 0.619662
0.969000 0.619602
0.970000 0.619541
0.971000 0.619481
0.972000 0.619420
0.973000 0.619360
0.974000 0.619301
0.975000 0.619241
0.976000 0.619182
0.977000 0.619122
0.978000 0.619063
0.979000 0.619005
0.980000 0.618946
0.981000 0.618888
0.982000 0.618830
0.983000 0.618772
0.984000 0.618714
0.985000 0.618657
0.986000 0.618600
0.987000 0.618543
0.988000 0.618486
0.989000 0.618430
0.990000 0.618373
0.991000 0.618317
0.992000 0.618262
0.993000 0.618206
0.994000 0.618151
0.995000 0.618096
0.996000 0.618041
0.997000 0.617986
0.998000 0.617932
0.999000 0.617878
1.000000 0.617824
1.001000 0.617771
1.002000 0.617717
1.003000 0.617664
1.004000 0.617611
1.005000 0.617559
1.006000 0.617506
1.007000 0.617454
1.008000 0.617402
1.009000 0.617351
1.010000 0.617299
1.011000 0.617248
1.012000 0.617197
1.013000 0.617146
1.014000 0.617096
1.015000 0.617046
1.016000 0.616996
1.017000 0.616946
1.018000 0.616897
1.019000 0.616848
1.020000 0.616799
1.021000 0.616750
1.022000 0.616701
1.023000 0.616653
1.024000 0.616605
1.025000 0.616558
1.026000 0.616510
1.027000 0.616463
1.028000 0.616416
1.029000 0.616369
1.030000 0.616322
1.031000 0.616276
1.032000 0.616230
1.033000 0.616184
1.034000 0.616138
1.035000 0.616093
1.036000 0.616048
1.037000 0.616003
1.038000 0.615958
1.039000 0.615914
1.040000 0.615869
1.041000 0.615825
1.042000 0.615782
1.043000 0.615738
1.044000 0.615695
1.045000 0.615651
1.046000 0.615608
1.047000 0.615566
1.048000 0.615523
1.049000 0.615481
1.050000 0.615438
1.051000 0.615397
1.052000 0.615355
1.053000 0.615313
1.054000 0.615272
1.055000 0.615231
1.056000 0.615190
1.057000 0.615149
1.058000 0.615108
1.059000 0.615068
1.060000 0.615028
1.061000 0.614987
1.062000 0.614947
1.063000 0.614908
1.064000 0.614868
1.065000 0.614829
1.066000 0.614789
1.067000 0.614750
1.068000 0.614711
1.069000 0.614673
1.070000 0.614634
1.071000 0.614595
1.072000 0.614557
1.073000 0.614519
1.074000 0.614481
1.075000 0.614443
1.076000 0.614405
1.077000 0.614367
1.078000 0.614330
1.079000 0.614292
1.080000 0.614255
1.081000 0.614217
1.082000 0.614180
1.083000 0.614143
1.084000 0.614106
1.085000 0.614069
1.086000 0.614033
1.087000 0.613996
1.088000 0.613959
1.089000 0.613923
1.090000 0.613886
1.091000 0.613850
1.092000 0.613813
1.093000 0.613777
1.094000 0.613741
1.095000 0.613705
1.096000 0.613668
1.097000 0.613632
1.098000 0.613596
1.099000 0.613560
1.100000 0.613524
1.101000 0.613488
1.102000 0.613452
1.103000 0.613416
1.104000 0.613380
1.105000 0.613344
1.106000 0.613308
1.107000 0.613272
1.108000 0.613235
1.109000 0.613199
1.110000 0.613163
1.111000 0.613127
1.112000 0.613091
1.113000 0.613054
1.114000 0.613018
1.115000 0.612982
1.116000 0.612945
1.117000 0.612909
1.118000 0.612872
1.119000 0.612835
1.120000 0.612798
1.121000 0.612761
1.122000 0.612724
1.123000 0.612687
1.124000 0.612650
1.125000 0.612613
1.126000 0.612575
1.127000 0.612538
1.128000 0.612500
1.129000 0.612462
1.130000 0.612424
1.131000 0.612385
1.132000 0.612347
1.133000 0.612308
1.134000 0.612270
1.135000 0.612231
1.136000 0.612191
1.137000 0.612152
1.138000 0.612112
1.139000 0.612073
1.140000 0.612033
1.141000 0.611992
1.142000 0.611952
1.143000 0.611911
1.144000 0.611870
1.145000 0.611829
1.146000 0.611787
1.147000 0.611745
1.148000 0.611703
1.149000 0.611661
1.150000 0.611618
1.151000 0.611575
1.152000 0.611531
1.153000 0.611488
1.154000 0.611444
1.155000 0.611399
1.156000 0.611355
1.157000 0.611309
1.158000 0.611264
1.159000 0.611218
1.160000 0.611172
1.161000 0.611125
1.162000 0.611078
1.163000 0.611031
1.164000 0.610983
1.165000 0.610935
1.166000 0.610886
1.167000 0.610837
1.168000 0.610787
1.169000 0.610737
1.170000 0.610687
1.171000 0.610635
1.172000 0.610584
1.173000 0.610532
1.174000 0.610479
1.175000 0.610426
1.176000 0.610373
1.177000 0.610319
1.178000 0.610264
1.179000 0.610209
1.180000 0.610153
1.181000 0.610097
1.182000 0.610040
1.183000 0.609982
1.184000 0.609924
1.185000 0.609865
1.186000 0.609806
1.187000 0.609746
1.188000 0.609685
1.189000 0.609624
1.190000 0.609562
1.191000 0.609500
1.192000 0.609436
1.193000 0.609372
1.194000 0.609308
1.195000 0.609242
1.196000 0.609176
1.197000 0.609109
1.198000 0.609042
1.199000 0.608974
1.200000 0.608905
1.201000 0.608835
1.202000 0.608764
1.203000 0.608693
1.204000 0.608620
1.205000 0.608547
1.206000 0.608474
1.207000 0.608399
1.208000 0.608323
1.209000 0.608247
1.210000 0.608170
1.211000 0.608092
1.212000 0.608013
1.213000 0.607933
1.214000 0.607852
1.215000 0.607770
1.216000 0.607687
1.217000 0.607604
1.218000 0.607519
1.219000 0.607434
1.220000 0.607347
1.221000 0.607260
1.222000 0.607171
1.223000 0.607082
1.224000 0.606991
1.225000 0.606899
1.226000 0.606807
1.227000 0.606713
1.228000 0.606618
1.229000 0.606523
1.230000 0.606426
1.231000 0.606328
1.232000 0.606229
1.233000 0.606128
1.234000 0.606027
1.235000 0.605924
1.236000 0.605821
1.237000 0.605716
1.238000 0.605610
1.239000 0.605503
1.240000 0.605394
1.241000 0.605284
1.242000 0.605173
1.243000 0.605061
1.244000 0.604948
1.245000 0.604833
1.246000 0.604717
1.247000 0.604600
1.248000 0.604482
1.249000 0.604362
1.250000 0.604240
1.251000 0.604118
1.252000 0.603994
1.253000 0.603869
1.254000 0.603742
1.255000 0.603614
1.256000 0.603485
1.257000 0.603354
1.258000 0.603221
1.259000 0.603088
1.260000 0.602953
1.261000 0.602816
1.262000 0.602678
1.263000 0.602538
1.264000 0.602397
1.265000 0.602254
1.266000 0.602110
1.267000 0.601964
1.268000 0.601817
1.269000 0.601668
1.270000 0.601518
1.271000 0.601366
1.272000 0.601212
1.273000 0.601057
1.274000 0.600900
1.275000 0.600742
1.276000 0.600581
1.277000 0.600420
1.278000 0.600256
1.279000 0.600091
1.280000 0.599924
1.281000 0.599755
1.282000 0.599585
1.283000 0.599412
1.284000 0.599238
1.285000 0.599063
1.286000 0.598885
1.287000 0.598706
1.288000 0.598525
1.289000 0.598342
1.290000 0.598157
1.291000 0.597970
1.292000 0.597782
1.293000 0.597591
1.294000 0.597399
1.295000 0.597205
1.296000 0.597008
1.297000 0.596810
1.298000 0.596610
1.299000 0.596408
1.300000 0.596204
1.301000 0.595998
1.302000 0.595790
1.303000 0.595580
1.304000 0.595368
1.305000 0.595154
1.306000 0.594937
1.307000 0.594719
1.308000 0.594499
1.309000 0.594276
1.310000 0.594052
1.311000 0.593825
1.312000 0.593596
1.313000 0.593365
1.314000 0.593132
1.315000 0.592896
1.316000 0.592659
1.317000 0.592419
1.318000 0.592177
1.319000 0.591933
1.320000 0.591686
1.321000 0.591437
1.322000 0.591186
1.323000 0.590933
1.324000 0.590677
1.325000 0.590419
1.326000 0.590159
1.327000 0.589896
1.328000 0.589631
1.329000 0.589363
1.330000 0.589093
1.331000 0.588821
1.332000 0.588546
1.333000 0.588269
1.334000 0.587990
1.335000 0.587708
1.336000 0.587423
1.337000 0.587136
1.338000 0.586846
1.339000 0.586554
1.340000 0.586260
1.341000 0.585963
1.342000 0.585663
1.343000 0.585361
1.344000 0.585056
1.345000 0.584748
1.346000 0.584438
1.347000 0.584125
1.348000 0.583810
1.349000 0.583492
1.350000 0.583171
1.351000 0.582848
1.352000 0.582522
1.353000 0.582193
1.354000 0.581861
1.355000 0.581527
1.356000 0.581190
1.357000 0.580850
1.358000 0.580507
1.359000 0.580162
1.360000 0.579813
1.361000 0.579462
1.362000 0.579108
1.363000 0.578752
1.364000 0.578392
1.365000 0.578029
1.366000 0.577664
1.367000 0.577295
1.368000 0.576924
1.369000 0.576550
1.370000 0.576173
1.371000 0.575793
1.372000 0.575409
1.373000 0.575023
1.374000 0.574634
1.375000 0.574242
1.376000 0.573847
1.377000 0.573448
1.378000 0.573047
1.379000 0.572643
1.380000 0.572235
1.381000 0.571824
1.382000 0.571411
1.383000 0.570994
1.384000 0.570574
1.385000 0.570150
1.386000 0.569724
1.387000 0.569294
1.388000 0.568862
1.389000 0.568426
1.390000 0.567986
1.391000 0.567544
1.392000 0.567098
1.393000 0.566649
1.394000 0.566197
1.395000 0.565741
1.396000 0.565283
1.397000 0.564820
1.398000 0.564355
1.399000 0.563886
1.400000 0.563414
1.401000 0.562938
1.402000 0.562459
1.403000 0.561976
1.404000 0.561490
1.405000 0.561001
1.406000 0.560508
1.407000 0.560012
1.408000 0.559512
1.409000 0.559009
1.410000 0.558503
1.411000 0.557992
1.412000 0.557479
1.413000 0.556961
1.414000 0.556441
1.415000 0.555916
1.416000 0.555388
1.417000 0.554857
1.418000 0.554322
1.419000 0.553783
1.420000 0.553241
1.421000 0.552695
1.422000 0.552145
1.423000 0.551591
1.424000 0.551034
1.425000 0.550474
1.426000 0.549909
1.427000 0.549341
1.428000 0.548769
1.429000 0.548194
1.430000 0.547614
1.431000 0.547031
1.432000 0.546444
1.433000 0.545854
1.434000 0.545259
1.435000 0.544661
1.436000 0.544059
1.437000 0.543453
1.438000 0.542843
1.439000 0.542229
1.440000 0.541611
1.441000 0.540990
1.442000 0.540365
1.443000 0.539735
1.444000 0.539102
1.445000 0.538465
1.446000 0.537824
1.447000 0.537179
1.448000 0.536530
1.449000 0.535877
1.450000 0.535220
1.451000 0.534559
1.452000 0.533893
1.453000 0.533224
1.454000 0.532551
1.455000 0.531874
1.456000 0.531193
1.457000 0.530507
1.458000 0.529818
1.459000 0.529125
1.460000 0.528427
1.461000 0.527725
1.462000 0.527019
1.463000 0.526309
1.464000 0.525595
1.465000 0.524877
1.466000 0.524154
1.467000 0.523428
1.468000 0.522697
1.469000 0.521962
1.470000 0.521222
1.471000 0.520479
1.472000 0.519731
1.473000 0.518979
1.474000 0.518223
1.475000 0.517462
1.476000 0.516697
1.477000 0.515928
1.478000 0.515155
1.479000 0.514377
1.480000 0.513595
1.481000 0.512809
1.482000 0.512018
1.483000 0.511223
1.484000 0.510423
1.485000 0.509619
1.486000 0.508811
1.487000 0.507999
1.488000 0.507182
1.489000 0.506360
1.490000 0.505535
1.491000 0.504704
1.492000 0.503870
1.493000 0.503031
1.494000 0.502187
1.495000 0.501339
1.496000 0.500486
1.497000 0.499630
1.498000 0.498768
1.499000 0.497902
1.500000 0.497032
1.501000 0.496157
1.502000 0.495277
1.503000 0.494393
1.504000 0.493505
1.505000 0.492611
1.506000 0.491714
1.507000 0.490812
1.508000 0.489905
1.509000 0.488993
1.510000 0.488077
1.511000 0.487157
1.512000 0.486232
1.513000 0.485302
1.514000 0.484367
1.515000 0.483428
1.516000 0.482485
1.517000 0.481536
1.518000 0.480583
1.519000 0.479626
1.520000 0.478664
1.521000 0.477697
1.522000 0.476725
1.523000 0.475749
1.524000 0.474768
1.525000 0.473782
1.526000 0.472792
1.527000 0.471796
1.528000 0.470797
1.529000 0.469792
1.530000 0.468783
1.531000 0.467769
1.532000 0.466750
1.533000 0.465727
1.534000 0.464698
1.535000 0.463665
1.536000 0.462627
1.537000 0.461585
1.538000 0.460538
1.539000 0.459486
1.540000 0.458429
1.541000 0.457367
1.542000 0.456300
1.543000 0.455229
1.544000 0.454153
1.545000 0.453072
1.546000 0.451987
1.547000 0.450896
1.548000 0.449801
1.549000 0.448700
1.550000 0.447595
1.551000 0.446486
1.552000 0.445371
1.553000 0.444251
1.554000 0.443127
1.555000 0.441998
1.556000 0.440864
1.557000 0.439725
1.558000 0.438581
1.559000 0.437432
1.560000 0.436278
1.561000 0.435120
1.562000 0.433957
1.563000 0.432788
1.564000 0.431615
1.565000 0.430437
1.566000 0.429254
1.567000 0.428067
1.568000 0.426874
1.569000 0.425676
1.570000 0.424474
1.571000 0.423266
1.572000 0.422054
1.573000 0.420837
1.574000 0.419615
1.575000 0.418388
1.576000 0.417156
1.577000 0.415919
1.578000 0.414677
1.579000 0.413430
1.580000 0.412179
1.581000 0.410922
1.582000 0.409661
1.583000 0.408394
1.584000 0.407123
1.585000 0.405847
1.586000 0.404566
1.587000 0.403280
1.588000 0.401989
1.589000 0.400693
1.590000 0.399392
1.591000 0.398086
1.592000 0.396775
1.593000 0.395460
1.594000 0.394139
1.595000 0.392814
1.596000 0.391483
1.597000 0.390148
1.598000 0.388808
1.599000 0.387462
1.600000 0.386112
1.601000 0.384757
1.602000 0.383397
1.603000 0.382033
1.604000 0.380663
1.605000 0.379288
1.606000 0.377908
1.607000 0.376524
1.608000 0.375134
1.609000 0.373740
1.610000 0.372341
1.611000 0.370937
1.612000 0.369528
1.613000 0.368114
1.614000 0.366695
1.615000 0.365271
1.616000 0.363842
1.617000 0.362409
1.618000 0.360970
1.619000 0.359527
1.620000 0.358079
1.621000 0.356626
1.622000 0.355168
1.623000 0.353705
1.624000 0.352238
1.625000 0.350765
1.626000 0.349288
1.627000 0.347805
1.628000 0.346318
1.629000 0.344826
1.630000 0.343330
1.631000 0.341828
1.632000 0.340322
1.633000 0.338811
1.634000 0.337294
1.635000 0.335774
1.636000 0.334248
1.637000 0.332718
1.638000 0.331182
1.639000 0.329642
1.640000 0.328097
1.641000 0.326548
1.642000 0.324993
1.643000 0.323434
1.644000 0.321870
1.645000 0.320302
1.646000 0.318728
1.647000 0.317150
1.648000 0.315567
1.649000 0.313980
1.650000 0.312387
1.651000 0.310790
1.652000 0.309189
1.653000 0.307582
1.654000 0.305971
1.655000 0.304355
1.656000 0.302735
1.657000 0.301110
1.658000 0.299480
1.659000 0.297846
1.660000 0.296207
1.661000 0.294563
1.662000 0.292915
1.663000 0.291262
1.664000 0.289604
1.665000 0.287942
1.666000 0.286276
1.667000 0.284604
1.668000 0.282929
1.669000 0.281248
1.670000 0.279563
1.671000 0.277874
1.672000 0.276180
1.673000 0.274481
1.674000 0.272779
1.675000 0.271071
1.676000 0.269359
1.677000 0.267643
1.678000 0.265922
1.679000 0.264197
1.680000 0.262467
1.681000 0.260733
1.682000 0.258994
1.683000 0.257251
1.684000 0.255504
1.685000 0.253752
1.686000 0.251996
1.687000 0.250236
1.688000 0.248471
1.689000 0.246702
1.690000 0.244928
1.691000 0.243151
1.692000 0.241369
1.693000 0.239582
1.694000 0.237792
1.695000 0.235997
1.696000 0.234198
1.697000 0.232395
1.698000 0.230588
1.699000 0.228776
1.700000 0.226960
1.701000 0.225140
1.702000 0.223316
1.703000 0.221488
1.704000 0.219656
1.705000 0.217819
1.706000 0.215979
1.707000 0.214134
1.708000 0.212285
1.709000 0.210433
1.710000 0.208576
1.711000 0.206715
1.712000 0.204851
1.713000 0.202982
1.714000 0.201109
1.715000 0.199233
1.716000 0.197352
1.717000 0.195468
1.718000 0.193579
1.719000 0.191687
1.720000 0.189791
1.721000 0.187891
1.722000 0.185988
1.723000 0.184080
1.724000 0.182169
1.725000 0.180254
1.726000 0.178335
1.727000 0.176413
1.728000 0.174486
1.729000 0.172556
1.730000 0.170623
1.731000 0.168685
1.732000 0.166744
1.733000 0.164800
1.734000 0.162852
1.735000 0.160900
1.736000 0.158945
1.737000 0.156986
1.738000 0.155024
1.739000 0.153058
1.740000 0.151088
1.741000 0.149116
1.742000 0.147139
1.743000 0.145160
1.744000 0.143177
1.745000 0.141190
1.746000 0.139201
1.747000 0.137207
1.748000 0.135211
1.749000 0.133211
1.750000 0.131208
1.751000 0.129202
1.752000 0.127193
1.753000 0.125180
1.754000 0.123164
1.755000 0.121145
1.756000 0.119123
1.757000 0.117098
1.758000 0.115069
1.759000 0.113038
1.760000 0.111003
1.761000 0.108966
1.762000 0.106925
1.763000 0.104882
1.764000 0.102835
1.765000 0.100786
1.766000 0.098734
1.767000 0.096679
1.768000 0.094621
1.769000 0.092560
1.770000 0.090496
1.771000 0.088430
1.772000 0.086361
1.773000 0.084289
1.774000 0.082214
1.775000 0.080137
1.776000 0.078057
1.777000 0.075975
1.778000 0.073889
1.779000 0.071802
1.780000 0.069711
1.781000 0.067619
1.782000 0.065523
1.783000 0.063425
1.784000 0.061325
1.785000 0.059223
1.786000 0.057118
1.787000 0.055010
1.788000 0.052900
1.789000 0.050788
1.790000 0.048674
1.791000 0.046557
1.792000 0.044439
1.793000 0.042318
1.794000 0.040194
1.795000 0.038069
1.796000 0.035942
1.797000 0.033812
1.798000 0.031681
1.799000 0.029547
1.800000 0.027411
1.801000 0.025274
1.802000 0.023134
1.803000 0.020993
1.804000 0.018850
1.805000 0.016704
1.806000 0.014557
1.807000 0.012409
1.808000 0.010258
1.809000 0.008106
1.810000 0.005952
1.811000 0.003796
1.812000 0.001639
1.813000 -0.000520
1.814000 -0.002680
1.815000 -0.004842
1.816000 -0.007006
1.817000 -0.009171
1.818000 -0.011338
1.819000 -0.013505
1.820000 -0.015675
1.821000 -0.017845
1.822000 -0.020017
1.823000 -0.022191
1.824000 -0.024365
1.825000 -0.026541
1.826000 -0.028718
1.827000 -0.030896
1.828000 -0.033075
1.829000 -0.035256
1.830000 -0.037437
1.831000 -0.039620
1.832000 -0.041803
1.833000 -0.043987
1.834000 -0.046173
1.835000 -0.048359
1.836000 -0.050546
1.837000 -0.052734
1.838000 -0.054923
1.839000 -0.057112
1.840000 -0.059303
1.841000 -0.061494
1.842000 -0.063685
1.843000 -0.065877
1.844000 -0.068070
1.845000 -0.070264
1.846000 -0.072458
1.847000 -0.074652
1.848000 -0.076847
1.849000 -0.079042
1.850000 -0.081238
1.851000 -0.083434
1.852000 -0.085630
1.853000 -0.087826
1.854000 -0.090023
1.855000 -0.092220
1.856000 -0.094417
1.857000 -0.096615
1.858000 -0.098812
1.859000 -0.101009
1.860000 -0.103207
1.861000 -0.105404
1.862000 -0.107602
1.863000 -0.109799
1.864000 -0.111996
1.865000 -0.114193
1.866000 -0.116390
1.867000 -0.118586
1.868000 -0.120783
1.869000 -0.122979
1.870000 -0.125174
1.871000 -0.127369
1.872000 -0.129564
1.873000 -0.131758
1.874000 -0.133952
1.875000 -0.136145
1.876000 -0.138338
1.877000 -0.140530
1.878000 -0.142721
1.879000 -0.144912
1.880000 -0.147102
1.881000 -0.149291
1.882000 -0.151479
1.883000 -0.153667
1.884000 -0.155853
1.885000 -0.158039
1.886000 -0.160224
1.887000 -0.162407
1.888000 -0.164590
1.889000 -0.166771
1.890000 -0.168952
1.891000 -0.171131
1.892000 -0.173309
1.893000 -0.175485
1.894000 -0.177661
1.895000 -0.179835
1.896000 -0.182008
1.897000 -0.184179
1.898000 -0.186349
1.899000 -0.188517
1.900000 -0.190684
1.901000 -0.192849
1.902000 -0.195012
1.903000 -0.197174
1.904000 -0.199335
1.905000 -0.201493
1.906000 -0.203650
1.907000 -0.205804
1.908000 -0.207957
1.909000 -0.210108
1.910000 -0.212258
1.911000 -0.214405
1.912000 -0.216550
1.913000 -0.218693
1.914000 -0.220834
1.915000 -0.222972
1.916000 -0.225109
1.917000 -0.227243
1.918000 -0.229375
1.919000 -0.231505
1.920000 -0.233632
1.921000 -0.235757
1.922000 -0.237879
1.923000 -0.239999
1.924000 -0.242116
1.925000 -0.244231
1.926000 -0.246343
1.927000 -0.248453
1.928000 -0.250559
1.929000 -0.252663
1.930000 -0.254764
1.931000 -0.256863
1.932000 -0.258958
1.933000 -0.261051
1.934000 -0.263140
1.935000 -0.265227
1.936000 -0.267310
1.937000 -0.269390
1.938000 -0.271467
1.939000 -0.273541
1.940000 -0.275612
1.941000 -0.277680
1.942000 -0.279744
1.943000 -0.281804
1.944000 -0.283862
1.945000 -0.285916
1.946000 -0.287966
1.947000 -0.290013
1.948000 -0.292056
1.949000 -0.294096
1.950000 -0.296131
1.951000 -0.298164
1.952000 -0.300192
1.953000 -0.302217
1.954000 -0.304237
1.955000 -0.306254
1.956000 -0.308267
1.957000 -0.310276
1.958000 -0.312281
1.959000 -0.314282
1.960000 -0.316278
1.961000 -0.318271
1.962000 -0.320259
1.963000 -0.322243
1.964000 -0.324223
1.965000 -0.326198
1.966000 -0.328169
1.967000 -0.330136
1.968000 -0.332098
1.969000 -0.334055
1.970000 -0.336008
1.971000 -0.337956
1.972000 -0.339900
1.973000 -0.341839
1.974000 -0.343773
1.975000 -0.345703
1.976000 -0.347627
1.977000 -0.349547
1.978000 -0.351461
1.979000 -0.353371
1.980000 -0.355276
1.981000 -0.357176
1.982000 -0.359070
1.983000 -0.360959
1.984000 -0.362844
1.985000 -0.364722
1.986000 -0.366596
1.987000 -0.368464
1.988000 -0.370327
1.989000 -0.372185
1.990000 -0.374037
1.991000 -0.375883
1.992000 -0.377724
1.993000 -0.379559
1.994000 -0.381389
1.995000 -0.383212
1.996000 -0.385031
1.997000 -0.386843
1.998000 -0.388649
1.999000 -0.390450
2.000000 -0.392245
2.001000 -0.394033
2.002000 -0.395816
2.003000 -0.397593
2.004000 -0.399363
2.005000 -0.401127
2.006000 -0.402886
2.007000 -0.404637
2.008000 -0.406383
2.009000 -0.408122
2.010000 -0.409855
2.011000 -0.411582
2.012000 -0.413302
2.013000 -0.415015
2.014000 -0.416722
2.015000 -0.418422
2.016000 -0.420116
2.017000 -0.421803
2.018000 -0.423483
2.019000 -0.425156
2.020000 -0.426823
2.021000 -0.428482
2.022000 -0.430135
2.023000 -0.431781
2.024000 -0.433420
2.025000 -0.435051
2.026000 -0.436676
2.027000 -0.438293
2.028000 -0.439904
2.029000 -0.441507
2.030000 -0.443102
2.031000 -0.444691
2.032000 -0.446272
2.033000 -0.447846
2.034000 -0.449412
2.035000 -0.450970
2.036000 -0.452522
2.037000 -0.454065
2.038000 -0.455601
2.039000 -0.457129
2.040000 -0.458650
2.041000 -0.460163
2.042000 -0.461667
2.043000 -0.463165
2.044000 -0.464654
2.045000 -0.466135
2.046000 -0.467608
2.047000 -0.469073
2.048000 -0.470531
2.049000 -0.471980
2.050000 -0.473421
2.051000 -0.474853
2.052000 -0.476278
2.053000 -0.477694
2.054000 -0.479102
2.055000 -0.480501
2.056000 -0.481892
2.057000 -0.483275
2.058000 -0.484649
2.059000 -0.486015
2.060000 -0.487372
2.061000 -0.488720
2.062000 -0.490060
2.063000 -0.491390
2.064000 -0.492713
2.065000 -0.494026
2.066000 -0.495331
2.067000 -0.496626
2.068000 -0.497913
2.069000 -0.499191
2.070000 -0.500460
2.071000 -0.501720
2.072000 -0.502970
2.073000 -0.504212
2.074000 -0.505444
2.075000 -0.506667
2.076000 -0.507881
2.077000 -0.509086
2.078000 -0.510281
2.079000 -0.511467
2.080000 -0.512644
2.081000 -0.513811
2.082000 -0.514968
2.083000 -0.516116
2.084000 -0.517255
2.085000 -0.518384
2.086000 -0.519503
2.087000 -0.520612
2.088000 -0.521712
2.089000 -0.522802
2.090000 -0.523882
2.091000 -0.524953
2.092000 -0.526013
2.093000 -0.527064
2.094000 -0.528104
2.095000 -0.529135
2.096000 -0.530155
2.097000 -0.531166
2.098000 -0.532166
2.099000 -0.533156
2.100000 -0.534136
2.101000 -0.535106
2.102000 -0.536066
2.103000 -0.537015
2.104000 -0.537954
2.105000 -0.538882
2.106000 -0.539800
2.107000 -0.540708
2.108000 -0.541605
2.109000 -0.542491
2.110000 -0.543367
2.111000 -0.544233
2.112000 -0.545088
2.113000 -0.545932
2.114000 -0.546765
2.115000 -0.547588
2.116000 -0.548400
2.117000 -0.549201
2.118000 -0.549991
2.119000 -0.550770
2.120000 -0.551539
2.121000 -0.552296
2.122000 -0.553043
2.123000 -0.553778
2.124000 -0.554503
2.125000 -0.555216
2.126000 -0.555918
2.127000 -0.556609
2.128000 -0.557289
2.129000 -0.557958
2.130000 -0.558615
2.131000 -0.559262
2.132000 -0.559896
2.133000 -0.560520
2.134000 -0.561132
2.135000 -0.561733
2.136000 -0.562322
2.137000 -0.562900
2.138000 -0.563466
2.139000 -0.564021
2.140000 -0.564564
2.141000 -0.565095
2.142000 -0.565615
2.143000 -0.566124
2.144000 -0.566620
2.145000 -0.567105
2.146000 -0.567578
2.147000 -0.568040
2.148000 -0.568489
2.149000 -0.568927
2.150000 -0.569353
2.151000 -0.569767
2.152000 -0.570169
2.153000 -0.570559
2.154000 -0.570937
2.155000 -0.571303
2.156000 -0.571657
2.157000 -0.571999
2.158000 -0.572329
2.159000 -0.572647
2.160000 -0.572953
2.161000 -0.573246
2.162000 -0.573528
2.163000 -0.573797
2.164000 -0.574054
2.165000 -0.574298
2.166000 -0.574531
2.167000 -0.574751
2.168000 -0.574958
2.169000 -0.575154
2.170000 -0.575337
2.171000 -0.575507
2.172000 -0.575665
2.173000 -0.575811
2.174000 -0.575944
2.175000 -0.576065
2.176000 -0.576173
2.177000 -0.576268
2.178000 -0.576351
2.179000 -0.576422
2.180000 -0.576480
2.181000 -0.576525
2.182000 -0.576557
2.183000 -0.576577
2.184000 -0.576584
2.185000 -0.576579
2.186000 -0.576560
2.187000 -0.576529
2.188000 -0.576486
2.189000 -0.576429
2.190000 -0.576359
2.191000 -0.576277
2.192000 -0.576182
2.193000 -0.576074
2.194000 -0.575953
2.195000 -0.575819
2.196000 -0.575673
2.197000 -0.575513
2.198000 -0.575341
2.199000 -0.575155
2.200000 -0.574956
2.201000 -0.574745
2.202000 -0.574520
2.203000 -0.574283
2.204000 -0.574032
2.205000 -0.573768
2.206000 -0.573492
2.207000 -0.573202
2.208000 -0.572899
2.209000 -0.572583
2.210000 -0.572254
2.211000 -0.571911
2.212000 -0.571556
2.213000 -0.571187
2.214000 -0.570805
2.215000 -0.570410
2.216000 -0.570002
2.217000 -0.569581
2.218000 -0.569146
2.219000 -0.568698
2.220000 -0.568237
2.221000 -0.567763
2.222000 -0.567275
2.223000 -0.566774
2.224000 -0.566260
2.225000 -0.565733
2.226000 -0.565192
2.227000 -0.564638
2.228000 -0.564070
2.229000 -0.563490
2.230000 -0.562896
2.231000 -0.562288
2.232000 -0.561668
2.233000 -0.561034
2.234000 -0.560386
2.235000 -0.559726
2.236000 -0.559052
2.237000 -0.558364
2.238000 -0.557663
2.239000 -0.556949
2.240000 -0.556222
2.241000 -0.555481
2.242000 -0.554727
2.243000 -0.553959
2.244000 -0.553178
2.245000 -0.552384
2.246000 -0.551576
2.247000 -0.550755
2.248000 -0.549920
2.249000 -0.549072
2.250000 -0.548211
2.251000 -0.547336
2.252000 -0.546448
2.253000 -0.545546
2.254000 -0.544632
2.255000 -0.543703
2.256000 -0.542762
2.257000 -0.541807
2.258000 -0.540838
2.259000 -0.539856
2.260000 -0.538861
2.261000 -0.537853
2.262000 -0.536831
2.263000 -0.535796
2.264000 -0.534747
2.265000 -0.533685
2.266000 -0.532610
2.267000 -0.531522
2.268000 -0.530420
2.269000 -0.529304
2.270000 -0.528176
2.271000 -0.527034
2.272000 -0.525879
2.273000 -0.524711
2.274000 -0.523529
2.275000 -0.522334
2.276000 -0.521126
2.277000 -0.519904
2.278000 -0.518670
2.279000 -0.517422
2.280000 -0.516160
2.281000 -0.514886
2.282000 -0.513599
2.283000 -0.512298
2.284000 -0.510984
2.285000 -0.509657
2.286000 -0.508317
2.287000 -0.506963
2.288000 -0.505597
2.289000 -0.504217
2.290000 -0.502824
2.291000 -0.501419
2.292000 -0.500000
2.293000 -0.498568
2.294000 -0.497123
2.295000 -0.495665
2.296000 -0.494194
2.297000 -0.492710
2.298000 -0.491214
2.299000 -0.489704
2.300000 -0.488181
2.301000 -0.486646
2.302000 -0.485097
2.303000 -0.483536
2.304000 -0.481961
2.305000 -0.480374
2.306000 -0.478775
2.307000 -0.477162
2.308000 -0.475537
2.309000 -0.473899
2.310000 -0.472248
2.311000 -0.470584
2.312000 -0.468908
2.313000 -0.467219
2.314000 -0.465518
2.315000 -0.463804
2.316000 -0.462077
2.317000 -0.460338
2.318000 -0.458586
2.319000 -0.456822
2.320000 -0.455045
2.321000 -0.453256
2.322000 -0.451455
2.323000 -0.449641
2.324000 -0.447814
2.325000 -0.445976
2.326000 -0.444125
2.327000 -0.442262
2.328000 -0.440386
2.329000 -0.438499
2.330000 -0.436599
2.331000 -0.434687
2.332000 -0.432763
2.333000 -0.430826
2.334000 -0.428878
2.335000 -0.426918
2.336000 -0.424946
2.337000 -0.422961
2.338000 -0.420965
2.339000 -0.418957
2.340000 -0.416937
2.341000 -0.414905
2.342000 -0.412862
2.343000 -0.410806
2.344000 -0.408739
2.345000 -0.406661
2.346000 -0.404570
2.347000 -0.402468
2.348000 -0.400355
2.349000 -0.398230
2.350000 -0.396093
2.351000 -0.393945
2.352000 -0.391786
2.353000 -0.389615
2.354000 -0.387433
2.355000 -0.385239
2.356000 -0.383035
2.357000 -0.380819
2.358000 -0.378592
2.359000 -0.376354
2.360000 -0.374104
2.361000 -0.371844
2.362000 -0.369573
2.363000 -0.367290
2.364000 -0.364997
2.365000 -0.362693
2.366000 -0.360378
2.367000 -0.358053
2.368000 -0.355716
2.369000 -0.353369
2.370000 -0.351011
2.371000 -0.348643
2.372000 -0.346264
2.373000 -0.343875
2.374000 -0.341475
2.375000 -0.339065
2.376000 -0.336644
2.377000 -0.334213
2.378000 -0.331772
2.379000 -0.329321
2.380000 -0.326859
2.381000 -0.324388
2.382000 -0.321906
2.383000 -0.319415
2.384000 -0.316913
2.385000 -0.314402
2.386000 -0.311880
2.387000 -0.309349
2.388000 -0.306808
2.389000 -0.304258
2.390000 -0.301698
2.391000 -0.299128
2.392000 -0.296549
2.393000 -0.293960
2.394000 -0.291362
2.395000 -0.288755
2.396000 -0.286138
2.397000 -0.283512
2.398000 -0.280877
2.399000 -0.278232
2.400000 -0.275579
2.401000 -0.272917
2.402000 -0.270246
2.403000 -0.267565
2.404000 -0.264877
2.405000 -0.262179
2.406000 -0.259472
2.407000 -0.256757
2.408000 -0.254034
2.409000 -0.251302
2.410000 -0.248561
2.411000 -0.245812
2.412000 -0.243055
2.413000 -0.240289
2.414000 -0.237515
2.415000 -0.234733
2.416000 -0.231943
2.417000 -0.229145
2.418000 -0.226340
2.419000 -0.223526
2.420000 -0.220704
2.421000 -0.217875
2.422000 -0.215038
2.423000 -0.212193
2.424000 -0.209341
2.425000 -0.206481
2.426000 -0.203614
2.427000 -0.200740
2.428000 -0.197858
2.429000 -0.194969
2.430000 -0.192073
2.431000 -0.189170
2.432000 -0.186260
2.433000 -0.183343
2.434000 -0.180419
2.435000 -0.177489
2.436000 -0.174551
2.437000 -0.171608
2.438000 -0.168657
2.439000 -0.165700
2.440000 -0.162737
2.441000 -0.159767
2.442000 -0.156791
2.443000 -0.153809
2.444000 -0.150821
2.445000 -0.147826
2.446000 -0.144826
2.447000 -0.141820
2.448000 -0.138808
2.449000 -0.135790
2.450000 -0.132767
2.451000 -0.129738
2.452000 -0.126703
2.453000 -0.123664
2.454000 -0.120618
2.455000 -0.117568
2.456000 -0.114512
2.457000 -0.111451
2.458000 -0.108385
2.459000 -0.105315
2.460000 -0.102239
2.461000 -0.099159
2.462000 -0.096073
2.463000 -0.092984
2.464000 -0.089889
2.465000 -0.086790
2.466000 -0.083687
2.467000 -0.080580
2.468000 -0.077468
2.469000 -0.074352
2.470000 -0.071232
2.471000 -0.068108
2.472000 -0.064980
2.473000 -0.061849
2.474000 -0.058714
2.475000 -0.055575
2.476000 -0.052432
2.477000 -0.049286
2.478000 -0.046137
2.479000 -0.042984
2.480000 -0.039828
2.481000 -0.036669
2.482000 -0.033508
2.483000 -0.030343
2.484000 -0.027175
2.485000 -0.024004
2.486000 -0.020831
2.487000 -0.017655
2.488000 -0.014477
2.489000 -0.011296
2.490000 -0.008113
2.491000 -0.004928
2.492000 -0.001740
2.493000 0.001449
2.494000 0.004641
2.495000 0.007834
2.496000 0.011029
2.497000 0.014226
2.498000 0.017425
2.499000 0.020625
2.500000 0.023826
2.501000 0.027029
2.502000 0.030233
2.503000 0.033438
2.504000 0.036644
2.505000 0.039851
2.506000 0.043060
2.507000 0.046268
2.508000 0.049478
2.509000 0.052688
2.510000 0.055898
2.511000 0.059109
2.512000 0.062321
2.513000 0.065532
2.514000 0.068744
2.515000 0.071956
2.516000 0.075167
2.517000 0.078379
2.518000 0.081590
2.519000 0.084800
2.520000 0.088011
2.521000 0.091221
2.522000 0.094430
2.523000 0.097638
2.524000 0.100846
2.525000 0.104052
2.526000 0.107258
2.527000 0.110462
2.528000 0.113665
2.529000 0.116867
2.530000 0.120068
2.531000 0.123267
2.532000 0.126464
2.533000 0.129660
2.534000 0.132853
2.535000 0.136045
2.536000 0.139235
2.537000 0.142423
2.538000 0.145608
2.539000 0.148791
2.540000 0.151972
2.541000 0.155151
2.542000 0.158326
2.543000 0.161499
2.544000 0.164669
2.545000 0.167836
2.546000 0.171001
2.547000 0.174162
2.548000 0.177320
2.549000 0.180474
2.550000 0.183625
2.551000 0.186773
2.552000 0.189917
2.553000 0.193057
2.554000 0.196194
2.555000 0.199326
2.556000 0.202455
2.557000 0.205579
2.558000 0.208699
2.559000 0.211815
2.560000 0.214926
2.561000 0.218033
2.562000 0.221136
2.563000 0.224233
2.564000 0.227326
2.565000 0.230413
2.566000 0.233496
2.567000 0.236574
2.568000 0.239646
2.569000 0.242713
2.570000 0.245774
2.571000 0.248830
2.572000 0.251881
2.573000 0.254925
2.574000 0.257964
2.575000 0.260996
2.576000 0.264023
2.577000 0.267043
2.578000 0.270057
2.579000 0.273065
2.580000 0.276067
2.581000 0.279061
2.582000 0.282049
2.583000 0.285030
2.584000 0.288005
2.585000 0.290972
2.586000 0.293932
2.587000 0.296885
2.588000 0.299831
2.589000 0.302769
2.590000 0.305700
2.591000 0.308623
2.592000 0.311539
2.593000 0.314447
2.594000 0.317346
2.595000 0.320238
2.596000 0.323121
2.597000 0.325997
2.598000 0.328864
2.599000 0.331722
2.600000 0.334572
2.601000 0.337414
2.602000 0.340246
2.603000 0.343070
2.604000 0.345885
2.605000 0.348691
2.606000 0.351487
2.607000 0.354275
2.608000 0.357053
2.609000 0.359821
2.610000 0.362580
2.611000 0.365329
2.612000 0.368069
2.613000 0.370799
2.614000 0.373518
2.615000 0.376228
2.616000 0.378927
2.617000 0.381616
2.618000 0.384295
2.619000 0.386963
2.620000 0.389621
2.621000 0.392268
2.622000 0.394904
2.623000 0.397530
2.624000 0.400144
2.625000 0.402747
2.626000 0.405339
2.627000 0.407920
2.628000 0.410489
2.629000 0.413047
2.630000 0.415594
2.631000 0.418128
2.632000 0.420651
2.633000 0.423162
2.634000 0.425661
2.635000 0.428148
2.636000 0.430622
2.637000 0.433085
2.638000 0.435535
2.639000 0.437972
2.640000 0.440397
2.641000 0.442810
2.642000 0.445209
2.643000 0.447596
2.644000 0.449970
2.645000 0.452330
2.646000 0.454678
2.647000 0.457012
2.648000 0.459333
2.649000 0.461640
2.650000 0.463934
2.651000 0.466214
2.652000 0.468481
2.653000 0.470733
2.654000 0.472972
2.655000 0.475197
2.656000 0.477407
2.657000 0.479604
2.658000 0.481786
2.659000 0.483953
2.660000 0.486106
2.661000 0.488245
2.662000 0.490369
2.663000 0.492478
2.664000 0.494572
2.665000 0.496651
2.666000 0.498716
2.667000 0.500765
2.668000 0.502799
2.669000 0.504817
2.670000 0.506820
2.671000 0.508808
2.672000 0.510780
2.673000 0.512736
2.674000 0.514677
2.675000 0.516602
2.676000 0.518510
2.677000 0.520403
2.678000 0.522280
2.679000 0.524140
2.680000 0.525984
2.681000 0.527812
2.682000 0.529623
2.683000 0.531418
2.684000 0.533196
2.685000 0.534957
2.686000 0.536702
2.687000 0.538429
2.688000 0.540140
2.689000 0.541833
2.690000 0.543510
2.691000 0.545169
2.692000 0.546811
2.693000 0.548435
2.694000 0.550042
2.695000 0.551631
2.696000 0.553203
2.697000 0.554757
2.698000 0.556293
2.699000 0.557811
2.700000 0.559312
2.701000 0.560794
2.702000 0.562258
2.703000 0.563704
2.704000 0.565132
2.705000 0.566541
2.706000 0.567932
2.707000 0.569304
2.708000 0.570658
2.709000 0.571993
2.710000 0.573309
2.711000 0.574607
2.712000 0.575885
2.713000 0.577145
2.714000 0.578386
2.715000 0.579607
2.716000 0.580810
2.717000 0.581993
2.718000 0.583156
2.719000 0.584301
2.720000 0.585426
2.721000 0.586531
2.722000 0.587617
2.723000 0.588683
2.724000 0.589729
2.725000 0.590756
2.726000 0.591763
2.727000 0.592749
2.728000 0.593716
2.729000 0.594663
2.730000 0.595589
2.731000 0.596496
2.732000 0.597382
2.733000 0.598247
2.734000 0.599093
2.735000 0.599918
2.736000 0.600722
2.737000 0.601506
2.738000 0.602269
2.739000 0.603011
2.740000 0.603733
2.741000 0.604434
2.742000 0.605114
2.743000 0.605773
2.744000 0.606411
2.745000 0.607028
2.746000 0.607624
2.747000 0.608199
2.748000 0.608752
2.749000 0.609285
2.750000 0.609796
2.751000 0.610285
2.752000 0.610753
2.753000 0.611200
2.754000 0.611625
2.755000 0.612029
2.756000 0.612411
2.757000 0.612771
2.758000 0.613110
2.759000 0.613427
2.760000 0.613722
2.761000 0.613995
2.762000 0.614246
2.763000 0.614475
2.764000 0.614682
2.765000 0.614868
2.766000 0.615031
2.767000 0.615172
2.768000 0.615291
2.769000 0.615387
2.770000 0.615461
2.771000 0.615514
2.772000 0.615543
2.773000 0.615551
2.774000 0.615536
2.775000 0.615498
2.776000 0.615438
2.777000 0.615356
2.778000 0.615251
2.779000 0.615123
2.780000 0.614973
2.781000 0.614800
2.782000 0.614604
2.783000 0.614386
2.784000 0.614145
2.785000 0.613881
2.786000 0.613594
2.787000 0.613285
2.788000 0.612953
2.789000 0.612597
2.790000 0.612219
2.791000 0.611818
2.792000 0.611394
2.793000 0.610947
2.794000 0.610477
2.795000 0.609984
2.796000 0.609468
2.797000 0.608929
2.798000 0.608366
2.799000 0.607781
2.800000 0.607172
2.801000 0.606541
2.802000 0.605886
2.803000 0.605208
2.804000 0.604507
2.805000 0.603782
2.806000 0.603034
2.807000 0.602263
2.808000 0.601469
2.809000 0.600652
2.810000 0.599811
2.811000 0.598947
2.812000 0.598060
2.813000 0.597149
2.814000 0.596215
2.815000 0.595258
2.816000 0.594277
2.817000 0.593273
2.818000 0.592246
2.819000 0.591195
2.820000 0.590122
2.821000 0.589024
2.822000 0.587904
2.823000 0.586760
2.824000 0.585592
2.825000 0.584402
2.826000 0.583188
2.827000 0.581951
2.828000 0.580690
2.829000 0.579406
2.830000 0.578099
2.831000 0.576768
2.832000 0.575414
2.833000 0.574037
2.834000 0.572636
2.835000 0.571213
2.836000 0.569766
2.837000 0.568295
2.838000 0.566802
2.839000 0.565285
2.840000 0.563745
2.841000 0.562182
2.842000 0.560596
2.843000 0.558986
2.844000 0.557353
2.845000 0.555697
2.846000 0.554019
2.847000 0.552317
2.848000 0.550591
2.849000 0.548843
2.850000 0.547072
2.851000 0.545278
2.852000 0.543461
2.853000 0.541621
2.854000 0.539758
2.855000 0.537872
2.856000 0.535963
2.857000 0.534031
2.858000 0.532077
2.859000 0.530100
2.860000 0.528100
2.861000 0.526077
2.862000 0.524032
2.863000 0.521964
2.864000 0.519873
2.865000 0.517760
2.866000 0.515624
2.867000 0.513466
2.868000 0.511285
2.869000 0.509082
2.870000 0.506857
2.871000 0.504609
2.872000 0.502339
2.873000 0.500046
2.874000 0.497732
2.875000 0.495395
2.876000 0.493036
2.877000 0.490655
2.878000 0.488252
2.879000 0.485827
2.880000 0.483380
2.881000 0.480912
2.882000 0.478421
2.883000 0.475909
2.884000 0.473375
2.885000 0.470819
2.886000 0.468242
2.887000 0.465643
2.888000 0.463023
2.889000 0.460381
2.890000 0.457718
2.891000 0.455033
2.892000 0.452327
2.893000 0.449601
2.894000 0.446853
2.895000 0.444083
2.896000 0.441293
2.897000 0.438482
2.898000 0.435650
2.899000 0.432798
2.900000 0.429924
2.901000 0.427030
2.902000 0.424115
2.903000 0.421180
2.904000 0.418224
2.905000 0.415248
2.906000 0.412252
2.907000 0.409235
2.908000 0.406199
2.909000 0.403142
2.910000 0.400065
2.911000 0.396968
2.912000 0.393851
2.913000 0.390715
2.914000 0.387559
2.915000 0.384383
2.916000 0.381188
2.917000 0.377973
2.918000 0.374739
2.919000 0.371486
2.920000 0.368213
2.921000 0.364922
2.922000 0.361611
2.923000 0.358282
2.924000 0.354933
2.925000 0.351566
2.926000 0.348181
2.927000 0.344776
2.928000 0.341353
2.929000 0.337912
2.930000 0.334453
2.931000 0.330975
2.932000 0.327480
2.933000 0.323966
2.934000 0.320434
2.935000 0.316885
2.936000 0.313318
2.937000 0.309733
2.938000 0.306131
2.939000 0.302512
2.940000 0.298875
2.941000 0.295221
2.942000 0.291550
2.943000 0.287862
2.944000 0.284158
2.945000 0.280436
2.946000 0.276698
2.947000 0.272943
2.948000 0.269172
2.949000 0.265385
2.950000 0.261581
2.951000 0.257761
2.952000 0.253926
2.953000 0.250074
2.954000 0.246207
2.955000 0.242324
2.956000 0.238425
2.957000 0.234512
2.958000 0.230583
2.959000 0.226639
2.960000 0.222679
2.961000 0.218705
2.962000 0.214716
2.963000 0.210713
2.964000 0.206695
2.965000 0.202662
2.966000 0.198616
2.967000 0.194555
2.968000 0.190480
2.969000 0.186391
2.970000 0.182288
2.971000 0.178172
2.972000 0.174042
2.973000 0.169899
2.974000 0.165743
2.975000 0.161573
2.976000 0.157391
2.977000 0.153196
2.978000 0.148988
2.979000 0.144767
2.980000 0.140534
2.981000 0.136289
2.982000 0.132031
2.983000 0.127762
2.984000 0.123480
2.985000 0.119187
2.986000 0.114882
2.987000 0.110566
2.988000 0.106239
2.989000 0.101900
2.990000 0.097550
2.991000 0.093190
2.992000 0.088818
2.993000 0.084436
2.994000 0.080044
2.995000 0.075641
2.996000 0.071228
2.997000 0.066805
2.998000 0.062373
2.999000 0.057930
3.000000 0.053478
3.001000 0.049017
3.002000 0.044546
3.003000 0.040067
3.004000 0.035578
3.005000 0.031080
3.006000 0.026574
3.007000 0.022060
3.008000 0.017537
3.009000 0.013006
3.010000 0.008467
3.011000 0.003920
3.012000 -0.000634
3.013000 -0.005197
3.014000 -0.009766
3.015000 -0.014343
3.016000 -0.018926
3.017000 -0.023517
3.018000 -0.028114
3.019000 -0.032718
3.020000 -0.037328
3.021000 -0.041945
3.022000 -0.046567
3.023000 -0.051196
3.024000 -0.055830
3.025000 -0.060470
3.026000 -0.065115
3.027000 -0.069765
3.028000 -0.074420
3.029000 -0.079081
3.030000 -0.083746
3.031000 -0.088415
3.032000 -0.093089
3.033000 -0.097767
3.034000 -0.102449
3.035000 -0.107135
3.036000 -0.111825
3.037000 -0.116518
3.038000 -0.121215
3.039000 -0.125915
3.040000 -0.130617
3.041000 -0.135323
3.042000 -0.140031
3.043000 -0.144742
3.044000 -0.149455
3.045000 -0.154170
3.046000 -0.158887
3.047000 -0.163605
3.048000 -0.168326
3.049000 -0.173047
3.050000 -0.177770
3.051000 -0.182494
3.052000 -0.187219
3.053000 -0.191945
3.054000 -0.196671
3.055000 -0.201397
3.056000 -0.206124
3.057000 -0.210850
3.058000 -0.215576
3.059000 -0.220302
3.060000 -0.225027
3.061000 -0.229752
3.062000 -0.234475
3.063000 -0.239198
3.064000 -0.243919
3.065000 -0.248638
3.066000 -0.253356
3.067000 -0.258072
3.068000 -0.262786
3.069000 -0.267497
3.070000 -0.272206
3.071000 -0.276913
3.072000 -0.281616
3.073000 -0.286317
3.074000 -0.291014
3.075000 -0.295709
3.076000 -0.300399
3.077000 -0.305086
3.078000 -0.309769
3.079000 -0.314447
3.080000 -0.319122
3.081000 -0.323792
3.082000 -0.328457
3.083000 -0.333117
3.084000 -0.337772
3.085000 -0.342422
3.086000 -0.347066
3.087000 -0.351705
3.088000 -0.356338
3.089000 -0.360965
3.090000 -0.365586
3.091000 -0.370200
3.092000 -0.374808
3.093000 -0.379409
3.094000 -0.384002
3.095000 -0.388589
3.096000 -0.393168
3.097000 -0.397740
3.098000 -0.402304
3.099000 -0.406860
3.100000 -0.411408
3.101000 -0.415948
3.102000 -0.420479
3.103000 -0.425001
3.104000 -0.429515
3.105000 -0.434019
3.106000 -0.438514
3.107000 -0.442999
3.108000 -0.447475
3.109000 -0.451941
3.110000 -0.456397
3.111000 -0.460843
3.112000 -0.465278
3.113000 -0.469703
3.114000 -0.474117
3.115000 -0.478519
3.116000 -0.482911
3.117000 -0.487291
3.118000 -0.491660
3.119000 -0.496017
3.120000 -0.500361
3.121000 -0.504694
3.122000 -0.509014
3.123000 -0.513322
3.124000 -0.517617
3.125000 -0.521899
3.126000 -0.526168
3.127000 -0.530423
3.128000 -0.534665
3.129000 -0.538894
3.130000 -0.543108
3.131000 -0.547308
3.132000 -0.551495
3.133000 -0.555666
3.134000 -0.559823
3.135000 -0.563965
3.136000 -0.568092
3.137000 -0.572204
3.138000 -0.576301
3.139000 -0.580382
3.140000 -0.584447
3.141000 -0.588496
3.142000 -0.592529
3.143000 -0.596546
3.144000 -0.600546
3.145000 -0.604529
3.146000 -0.608496
3.147000 -0.612445
3.148000 -0.616377
3.149000 -0.620292
3.150000 -0.624189
3.151000 -0.628068
3.152000 -0.631929
3.153000 -0.635772
3.154000 -0.639597
3.155000 -0.643403
3.156000 -0.647190
3.157000 -0.650958
3.158000 -0.654707
3.159000 -0.658437
3.160000 -0.662148
3.161000 -0.665838
3.162000 -0.669509
3.163000 -0.673160
3.164000 -0.676791
3.165000 -0.680401
3.166000 -0.683991
3.167000 -0.687560
3.168000 -0.691108
3.169000 -0.694635
3.170000 -0.698141
3.171000 -0.701625
3.172000 -0.705087
3.173000 -0.708528
3.174000 -0.711947
3.175000 -0.715344
3.176000 -0.718718
3.177000 -0.722070
3.178000 -0.725400
3.179000 -0.728706
3.180000 -0.731989
3.181000 -0.735250
3.182000 -0.738487
3.183000 -0.741700
3.184000 -0.744890
3.185000 -0.748056
3.186000 -0.751198
3.187000 -0.754315
3.188000 -0.757409
3.189000 -0.760477
3.190000 -0.763522
3.191000 -0.766541
3.192000 -0.769535
3.193000 -0.772504
3.194000 -0.775448
3.195000 -0.778367
3.196000 -0.781259
3.197000 -0.784126
3.198000 -0.786967
3.199000 -0.789782
3.200000 -0.792570
3.201000 -0.795332
3.202000 -0.798068
3.203000 -0.800777
3.204000 -0.803458
3.205000 -0.806113
3.206000 -0.808741
3.207000 -0.811341
3.208000 -0.813914
3.209000 -0.816459
3.210000 -0.818976
3.211000 -0.821465
3.212000 -0.823927
3.213000 -0.826360
3.214000 -0.828764
3.215000 -0.831140
3.216000 -0.833488
3.217000 -0.835806
3.218000 -0.838096
3.219000 -0.840356
3.220000 -0.842587
3.221000 -0.844789
3.222000 -0.846962
3.223000 -0.849104
3.224000 -0.851217
3.225000 -0.853300
3.226000 -0.855353
3.227000 -0.857376
3.228000 -0.859368
3.229000 -0.861330
3.230000 -0.863261
3.231000 -0.865162
3.232000 -0.867032
3.233000 -0.868871
3.234000 -0.870679
3.235000 -0.872455
3.236000 -0.874200
3.237000 -0.875914
3.238000 -0.877596
3.239000 -0.879247
3.240000 -0.880865
3.241000 -0.882452
3.242000 -0.884007
3.243000 -0.885529
3.244000 -0.887019
3.245000 -0.888477
3.246000 -0.889902
3.247000 -0.891295
3.248000 -0.892655
3.249000 -0.893982
3.250000 -0.895276
3.251000 -0.896537
3.252000 -0.897765
3.253000 -0.898960
3.254000 -0.900121
3.255000 -0.901249
3.256000 -0.902343
3.257000 -0.903404
3.258000 -0.904430
3.259000 -0.905423
3.260000 -0.906383
3.261000 -0.907307
3.262000 -0.908198
3.263000 -0.909055
3.264000 -0.909877
3.265000 -0.910665
3.266000 -0.911419
3.267000 -0.912137
3.268000 -0.912821
3.269000 -0.913471
3.270000 -0.914085
3.271000 -0.914665
3.272000 -0.915210
3.273000 -0.915719
3.274000 -0.916194
3.275000 -0.916633
3.276000 -0.917037
3.277000 -0.917405
3.278000 -0.917739
3.279000 -0.918036
3.280000 -0.918298
3.281000 -0.918525
3.282000 -0.918715
3.283000 -0.918870
3.284000 -0.918989
3.285000 -0.919072
3.286000 -0.919119
3.287000 -0.919131
3.288000 -0.919106
3.289000 -0.919045
3.290000 -0.918948
3.291000 -0.918814
3.292000 -0.918644
3.293000 -0.918438
3.294000 -0.918196
3.295000 -0.917917
3.296000 -0.917602
3.297000 -0.917250
3.298000 -0.916861
3.299000 -0.916436
3.300000 -0.915975
3.301000 -0.915476
3.302000 -0.914941
3.303000 -0.914369
3.304000 -0.913761
3.305000 -0.913115
3.306000 -0.912433
3.307000 -0.911714
3.308000 -0.910958
3.309000 -0.910165
3.310000 -0.909335
3.311000 -0.908468
3.312000 -0.907564
3.313000 -0.906623
3.314000 -0.905645
3.315000 -0.904630
3.316000 -0.903578
3.317000 -0.902489
3.318000 -0.901363
3.319000 -0.900199
3.320000 -0.898999
3.321000 -0.897762
3.322000 -0.896487
3.323000 -0.895175
3.324000 -0.893826
3.325000 -0.892440
3.326000 -0.891017
3.327000 -0.889557
3.328000 -0.888060
3.329000 -0.886525
3.330000 -0.884954
3.331000 -0.883345
3.332000 -0.881700
3.333000 -0.880017
3.334000 -0.878297
3.335000 -0.876540
3.336000 -0.874747
3.337000 -0.872916
3.338000 -0.871048
3.339000 -0.869143
3.340000 -0.867202
3.341000 -0.865223
3.342000 -0.863208
3.343000 -0.861156
3.344000 -0.859067
3.345000 -0.856941
3.346000 -0.854778
3.347000 -0.852579
3.348000 -0.850343
3.349000 -0.848071
3.350000 -0.845762
3.351000 -0.843416
3.352000 -0.841034
3.353000 -0.838616
3.354000 -0.836161
3.355000 -0.833669
3.356000 -0.831142
3.357000 -0.828578
3.358000 -0.825978
3.359000 -0.823342
3.360000 -0.820670
3.361000 -0.817961
3.362000 -0.815217
3.363000 -0.812437
3.364000 -0.809622
3.365000 -0.806770
3.366000 -0.803883
3.367000 -0.800960
3.368000 -0.798001
3.369000 -0.795008
3.370000 -0.791978
3.371000 -0.788914
3.372000 -0.785814
3.373000 -0.782679
3.374000 -0.779509
3.375000 -0.776304
3.376000 -0.773064
3.377000 -0.769789
3.378000 -0.766480
3.379000 -0.763136
3.380000 -0.759757
3.381000 -0.756344
3.382000 -0.752897
3.383000 -0.749415
3.384000 -0.745899
3.385000 -0.742350
3.386000 -0.738766
3.387000 -0.735148
3.388000 -0.731497
3.389000 -0.727812
3.390000 -0.724093
3.391000 -0.720342
3.392000 -0.716556
3.393000 -0.712738
3.394000 -0.708887
3.395000 -0.705002
3.396000 -0.701085
3.397000 -0.697135
3.398000 -0.693153
3.399000 -0.689138
3.400000 -0.685091
3.401000 -0.681012
3.402000 -0.676900
3.403000 -0.672757
3.404000 -0.668582
3.405000 -0.664375
3.406000 -0.660136
3.407000 -0.655867
3.408000 -0.651566
3.409000 -0.647234
3.410000 -0.642871
3.411000 -0.638477
3.412000 -0.634052
3.413000 -0.629597
3.414000 -0.625112
3.415000 -0.620596
3.416000 -0.616050
3.417000 -0.611475
3.418000 -0.606869
3.419000 -0.602234
3.420000 -0.597570
3.421000 -0.592876
3.422000 -0.588154
3.423000 -0.583402
3.424000 -0.578621
3.425000 -0.573812
3.426000 -0.568975
3.427000 -0.564109
3.428000 -0.559215
3.429000 -0.554293
3.430000 -0.549343
3.431000 -0.544366
3.432000 -0.539362
3.433000 -0.534330
3.434000 -0.529271
3.435000 -0.524185
3.436000 -0.519073
3.437000 -0.513934
3.438000 -0.508769
3.439000 -0.503578
3.440000 -0.498361
3.441000 -0.493118
3.442000 -0.487850
3.443000 -0.482556
3.444000 -0.477237
3.445000 -0.471893
3.446000 -0.466525
3.447000 -0.461132
3.448000 -0.455715
3.449000 -0.450273
3.450000 -0.444808
3.451000 -0.439319
3.452000 -0.433806
3.453000 -0.428270
3.454000 -0.422712
3.455000 -0.417130
3.456000 -0.411525
3.457000 -0.405899
3.458000 -0.400249
3.459000 -0.394578
3.460000 -0.388886
3.461000 -0.383171
3.462000 -0.377435
3.463000 -0.371679
3.464000 -0.365901
3.465000 -0.360102
3.466000 -0.354284
3.467000 -0.348445
3.468000 -0.342586
3.469000 -0.336707
3.470000 -0.330809
3.471000 -0.324891
3.472000 -0.318955
3.473000 -0.312999
3.474000 -0.307026
3.475000 -0.301033
3.476000 -0.295023
3.477000 -0.288995
3.478000 -0.282949
3.479000 -0.276886
3.480000 -0.270806
3.481000 -0.264709
3.482000 -0.258596
3.483000 -0.252466
3.484000 -0.246320
3.485000 -0.240158
3.486000 -0.233980
3.487000 -0.227787
3.488000 -0.221579
3.489000 -0.215357
3.490000 -0.209119
3.491000 -0.202868
3.492000 -0.196602
3.493000 -0.190322
3.494000 -0.184029
3.495000 -0.177723
3.496000 -0.171403
3.497000 -0.165071
3.498000 -0.158727
3.499000 -0.152370
3.500000 -0.146001
3.501000 -0.139621
3.502000 -0.133229
3.503000 -0.126826
3.504000 -0.120412
3.505000 -0.113987
3.506000 -0.107553
3.507000 -0.101108
3.508000 -0.094653
3.509000 -0.088189
3.510000 -0.081716
3.511000 -0.075234
3.512000 -0.068743
3.513000 -0.062243
3.514000 -0.055736
3.515000 -0.049221
3.516000 -0.042698
3.517000 -0.036168
3.518000 -0.029631
3.519000 -0.023087
3.520000 -0.016537
3.521000 -0.009981
3.522000 -0.003419
3.523000 0.003149
3.524000 0.009722
3.525000 0.016299
3.526000 0.022882
3.527000 0.029469
3.528000 0.036060
3.529000 0.042655
3.530000 0.049253
3.531000 0.055854
3.532000 0.062459
3.533000 0.069066
3.534000 0.075675
3.535000 0.082287
3.536000 0.088900
3.537000 0.095515
3.538000 0.102131
3.539000 0.108747
3.540000 0.115365
3.541000 0.121982
3.542000 0.128600
3.543000 0.135217
3.544000 0.141833
3.545000 0.148449
3.546000 0.155063
3.547000 0.161676
3.548000 0.168287
3.549000 0.174896
3.550000 0.181503
3.551000 0.188106
3.552000 0.194707
3.553000 0.201305
3.554000 0.207898
3.555000 0.214488
3.556000 0.221074
3.557000 0.227654
3.558000 0.234231
3.559000 0.240802
3.560000 0.247367
3.561000 0.253927
3.562000 0.260480
3.563000 0.267028
3.564000 0.273568
3.565000 0.280102
3.566000 0.286628
3.567000 0.293147
3.568000 0.299658
3.569000 0.306160
3.570000 0.312654
3.571000 0.319140
3.572000 0.325616
3.573000 0.332083
3.574000 0.338540
3.575000 0.344987
3.576000 0.351423
3.577000 0.357849
3.578000 0.364264
3.579000 0.370668
3.580000 0.377060
3.581000 0.383441
3.582000 0.389809
3.583000 0.396164
3.584000 0.402507
3.585000 0.408837
3.586000 0.415154
3.587000 0.421456
3.588000 0.427745
3.589000 0.434020
3.590000 0.440279
3.591000 0.446524
3.592000 0.452754
3.593000 0.458968
3.594000 0.465167
3.595000 0.471349
3.596000 0.477515
3.597000 0.483664
3.598000 0.489797
3.599000 0.495911
3.600000 0.502009
3.601000 0.508088
3.602000 0.514149
3.603000 0.520192
3.604000 0.526216
3.605000 0.532221
3.606000 0.538206
3.607000 0.544172
3.608000 0.550117
3.609000 0.556043
3.610000 0.561948
3.611000 0.567832
3.612000 0.573695
3.613000 0.579536
3.614000 0.585356
3.615000 0.591153
3.616000 0.596929
3.617000 0.602681
3.618000 0.608411
3.619000 0.614118
3.620000 0.619801
3.621000 0.625460
3.622000 0.631096
3.623000 0.636707
3.624000 0.642293
3.625000 0.647855
3.626000 0.653391
3.627000 0.658902
3.628000 0.664387
3.629000 0.669846
3.630000 0.675279
3.631000 0.680685
3.632000 0.686065
3.633000 0.691417
3.634000 0.696742
3.635000 0.702039
3.636000 0.707309
3.637000 0.712550
3.638000 0.717762
3.639000 0.722946
3.640000 0.728101
3.641000 0.733227
3.642000 0.738323
3.643000 0.743389
3.644000 0.748425
3.645000 0.753431
3.646000 0.758406
3.647000 0.763350
3.648000 0.768263
3.649000 0.773145
3.650000 0.777995
3.651000 0.782814
3.652000 0.787600
3.653000 0.792353
3.654000 0.797074
3.655000 0.801763
3.656000 0.806418
3.657000 0.811039
3.658000 0.815627
3.659000 0.820181
3.660000 0.824701
3.661000 0.829187
3.662000 0.833638
3.663000 0.838054
3.664000 0.842435
3.665000 0.846781
3.666000 0.851091
3.667000 0.855366
3.668000 0.859604
3.669000 0.863806
3.670000 0.867972
3.671000 0.872101
3.672000 0.876193
3.673000 0.880248
3.674000 0.884266
3.675000 0.888246
3.676000 0.892188
3.677000 0.896092
3.678000 0.899958
3.679000 0.903786
3.680000 0.907575
3.681000 0.911325
3.682000 0.915035
3.683000 0.918707
3.684000 0.922339
3.685000 0.925932
3.686000 0.929484
3.687000 0.932997
3.688000 0.936469
3.689000 0.939901
3.690000 0.943292
3.691000 0.946642
3.692000 0.949951
3.693000 0.953219
3.694000 0.956445
3.695000 0.959630
3.696000 0.962773
3.697000 0.965874
3.698000 0.968933
3.699000 0.971950
3.700000 0.974924
3.701000 0.977856
3.702000 0.980744
3.703000 0.983590
3.704000 0.986392
3.705000 0.989151
3.706000 0.991867
3.707000 0.994539
3.708000 0.997167
3.709000 0.999751
3.710000 1.002291
3.711000 1.004787
3.712000 1.007238
3.713000 1.009645
3.714000 1.012007
3.715000 1.014324
3.716000 1.016596
3.717000 1.018823
3.718000 1.021005
3.719000 1.023141
3.720000 1.025232
3.721000 1.027277
3.722000 1.029276
3.723000 1.031230
3.724000 1.033137
3.725000 1.034998
3.726000 1.036813
3.727000 1.038582
3.728000 1.040304
3.729000 1.041979
3.730000 1.043608
3.731000 1.045190
3.732000 1.046725
3.733000 1.048212
3.734000 1.049653
3.735000 1.051047
3.736000 1.052393
3.737000 1.053692
3.738000 1.054943
3.739000 1.056146
3.740000 1.057302
3.741000 1.058411
3.742000 1.059471
3.743000 1.060483
3.744000 1.061448
3.745000 1.062364
3.746000 1.063232
3.747000 1.064052
3.748000 1.064824
3.749000 1.065547
3.750000 1.066222
3.751000 1.066849
3.752000 1.067427
3.753000 1.067956
3.754000 1.068437
3.755000 1.068870
3.756000 1.069253
3.757000 1.069588
3.758000 1.069874
3.759000 1.070111
3.760000 1.070299
3.761000 1.070439
3.762000 1.070530
3.763000 1.070571
3.764000 1.070564
3.765000 1.070508
3.766000 1.070402
3.767000 1.070248
3.768000 1.070045
3.769000 1.069792
3.770000 1.069491
3.771000 1.069140
3.772000 1.068741
3.773000 1.068292
3.774000 1.067794
3.775000 1.067248
3.776000 1.066652
3.777000 1.066007
3.778000 1.065313
3.779000 1.064571
3.780000 1.063779
3.781000 1.062938
3.782000 1.062049
3.783000 1.061110
3.784000 1.060123
3.785000 1.059086
3.786000 1.058001
3.787000 1.056867
3.788000 1.055685
3.789000 1.054454
3.790000 1.053174
3.791000 1.051845
3.792000 1.050468
3.793000 1.049043
3.794000 1.047569
3.795000 1.046046
3.796000 1.044476
3.797000 1.042857
3.798000 1.041190
3.799000 1.039474
3.800000 1.037711
3.801000 1.035900
3.802000 1.034041
3.803000 1.032134
3.804000 1.030180
3.805000 1.028177
3.806000 1.026128
3.807000 1.024030
3.808000 1.021886
3.809000 1.019694
3.810000 1.017455
3.811000 1.015169
3.812000 1.012836
3.813000 1.010456
3.814000 1.008030
3.815000 1.005557
3.816000 1.003037
3.817000 1.000471
3.818000 0.997859
3.819000 0.995201
3.820000 0.992496
3.821000 0.989746
3.822000 0.986950
3.823000 0.984108
3.824000 0.981221
3.825000 0.978289
3.826000 0.975311
3.827000 0.972289
3.828000 0.969221
3.829000 0.966109
3.830000 0.962952
3.831000 0.959751
3.832000 0.956506
3.833000 0.953216
3.834000 0.949882
3.835000 0.946505
3.836000 0.943084
3.837000 0.939620
3.838000 0.936112
3.839000 0.932562
3.840000 0.928968
3.841000 0.925332
3.842000 0.921653
3.843000 0.917932
3.844000 0.914169
3.845000 0.910363
3.846000 0.906516
3.847000 0.902628
3.848000 0.898698
3.849000 0.894727
3.850000 0.890715
3.851000 0.886662
3.852000 0.882569
3.853000 0.878435
3.854000 0.874262
3.855000 0.870048
3.856000 0.865795
3.857000 0.861502
3.858000 0.857170
3.859000 0.852799
3.860000 0.848390
3.861000 0.843942
3.862000 0.839455
3.863000 0.834931
3.864000 0.830369
3.865000 0.825769
3.866000 0.821132
3.867000 0.816457
3.868000 0.811746
3.869000 0.806999
3.870000 0.802215
3.871000 0.797395
3.872000 0.792539
3.873000 0.787648
3.874000 0.782721
3.875000 0.777760
3.876000 0.772764
3.877000 0.767733
3.878000 0.762668
3.879000 0.757569
3.880000 0.752437
3.881000 0.747271
3.882000 0.742072
3.883000 0.736840
3.884000 0.731576
3.885000 0.726280
3.886000 0.720951
3.887000 0.715591
3.888000 0.710200
3.889000 0.704778
3.890000 0.699325
3.891000 0.693841
3.892000 0.688327
3.893000 0.682784
3.894000 0.677211
3.895000 0.671608
3.896000 0.665977
3.897000 0.660317
3.898000 0.654629
3.899000 0.648913
3.900000 0.643170
3.901000 0.637398
3.902000 0.631600
3.903000 0.625776
3.904000 0.619925
3.905000 0.614048
3.906000 0.608145
3.907000 0.602217
3.908000 0.596263
3.909000 0.590285
3.910000 0.584283
3.911000 0.578257
3.912000 0.572207
3.913000 0.566134
3.914000 0.560037
3.915000 0.553918
3.916000 0.547777
3.917000 0.541614
3.918000 0.535429
3.919000 0.529223
3.920000 0.522996
3.921000 0.516748
3.922000 0.510480
3.923000 0.504193
3.924000 0.497886
3.925000 0.491559
3.926000 0.485215
3.927000 0.478851
3.928000 0.472470
3.929000 0.466071
3.930000 0.459654
3.931000 0.453221
3.932000 0.446771
3.933000 0.440305
3.934000 0.433823
3.935000 0.427326
3.936000 0.420814
3.937000 0.414287
3.938000 0.407746
3.939000 0.401190
3.940000 0.394621
3.941000 0.388039
3.942000 0.381445
3.943000 0.374837
3.944000 0.368218
3.945000 0.361587
3.946000 0.354945
3.947000 0.348292
3.948000 0.341629
3.949000 0.334955
3.950000 0.328272
3.951000 0.321580
3.952000 0.314878
3.953000 0.308168
3.954000 0.301450
3.955000 0.294724
3.956000 0.287991
3.957000 0.281251
3.958000 0.274504
3.959000 0.267751
3.960000 0.260993
3.961000 0.254229
3.962000 0.247460
3.963000 0.240686
3.964000 0.233909
3.965000 0.227127
3.966000 0.220343
3.967000 0.213555
3.968000 0.206765
3.969000 0.199972
3.970000 0.193178
3.971000 0.186382
3.972000 0.179586
3.973000 0.172789
3.974000 0.165992
3.975000 0.159195
3.976000 0.152399
3.977000 0.145604
3.978000 0.138810
3.979000 0.132018
3.980000 0.125229
3.981000 0.118442
3.982000 0.111659
3.983000 0.104879
3.984000 0.098102
3.985000 0.091331
3.986000 0.084563
3.987000 0.077802
3.988000 0.071045
3.989000 0.064295
3.990000 0.057551
3.991000 0.050813
3.992000 0.044083
3.993000 0.037360
3.994000 0.030646
3.995000 0.023940
3.996000 0.017242
3.997000 0.010554
3.998000 0.003875
3.999000 -0.002793
4.000000 -0.009451
4.001000 -0.016099
4.002000 -0.022735
4.003000 -0.029359
4.004000 -0.035972
4.005000 -0.042572
4.006000 -0.049159
4.007000 -0.055733
4.008000 -0.062294
4.009000 -0.068840
4.010000 -0.075372
4.011000 -0.081889
4.012000 -0.088391
4.013000 -0.094878
4.014000 -0.101348
4.015000 -0.107802
4.016000 -0.114239
4.017000 -0.120659
4.018000 -0.127061
4.019000 -0.133445
4.020000 -0.139811
4.021000 -0.146158
4.022000 -0.152486
4.023000 -0.158795
4.024000 -0.165083
4.025000 -0.171352
4.026000 -0.177599
4.027000 -0.183826
4.028000 -0.190031
4.029000 -0.196214
4.030000 -0.202375
4.031000 -0.208513
4.032000 -0.214628
4.033000 -0.220720
4.034000 -0.226788
4.035000 -0.232832
4.036000 -0.238852
4.037000 -0.244847
4.038000 -0.250816
4.039000 -0.256760
4.040000 -0.262678
4.041000 -0.268569
4.042000 -0.274434
4.043000 -0.280272
4.044000 -0.286082
4.045000 -0.291865
4.046000 -0.297619
4.047000 -0.303345
4.048000 -0.309042
4.049000 -0.314710
4.050000 -0.320348
4.051000 -0.325957
4.052000 -0.331535
4.053000 -0.337082
4.054000 -0.342599
4.055000 -0.348084
4.056000 -0.353538
4.057000 -0.358959
4.058000 -0.364348
4.059000 -0.369705
4.060000 -0.375029
4.061000 -0.380319
4.062000 -0.385576
4.063000 -0.390798
4.064000 -0.395987
4.065000 -0.401140
4.066000 -0.406259
4.067000 -0.411343
4.068000 -0.416390
4.069000 -0.421402
4.070000 -0.426378
4.071000 -0.431317
4.072000 -0.436220
4.073000 -0.441085
4.074000 -0.445913
4.075000 -0.450703
4.076000 -0.455455
4.077000 -0.460168
4.078000 -0.464843
4.079000 -0.469479
4.080000 -0.474076
4.081000 -0.478633
4.082000 -0.483151
4.083000 -0.487628
4.084000 -0.492065
4.085000 -0.496462
4.086000 -0.500817
4.087000 -0.505131
4.088000 -0.509404
4.089000 -0.513635
4.090000 -0.517824
4.091000 -0.521971
4.092000 -0.526076
4.093000 -0.530137
4.094000 -0.534156
4.095000 -0.538131
4.096000 -0.542062
4.097000 -0.545950
4.098000 -0.549794
4.099000 -0.553594
4.100000 -0.557349
4.101000 -0.561060
4.102000 -0.564725
4.103000 -0.568345
4.104000 -0.571920
4.105000 -0.575449
4.106000 -0.578933
4.107000 -0.582370
4.108000 -0.585761
4.109000 -0.589106
4.110000 -0.592403
4.111000 -0.595654
4.112000 -0.598858
4.113000 -0.602015
4.114000 -0.605124
4.115000 -0.608185
4.116000 -0.611198
4.117000 -0.614163
4.118000 -0.617081
4.119000 -0.619949
4.120000 -0.622769
4.121000 -0.625540
4.122000 -0.628263
4.123000 -0.630936
4.124000 -0.633560
4.125000 -0.636134
4.126000 -0.638659
4.127000 -0.641134
4.128000 -0.643559
4.129000 -0.645934
4.130000 -0.648259
4.131000 -0.650534
4.132000 -0.652758
4.133000 -0.654931
4.134000 -0.657054
4.135000 -0.659126
4.136000 -0.661147
4.137000 -0.663117
4.138000 -0.665035
4.139000 -0.666903
4.140000 -0.668719
4.141000 -0.670483
4.142000 -0.672196
4.143000 -0.673856
4.144000 -0.675466
4.145000 -0.677023
4.146000 -0.678528
4.147000 -0.679981
4.148000 -0.681382
4.149000 -0.682730
4.150000 -0.684027
4.151000 -0.685271
4.152000 -0.686462
4.153000 -0.687601
4.154000 -0.688687
4.155000 -0.689721
4.156000 -0.690702
4.157000 -0.691630
4.158000 -0.692506
4.159000 -0.693329
4.160000 -0.694098
4.161000 -0.694815
4.162000 -0.695479
4.163000 -0.696090
4.164000 -0.696649
4.165000 -0.697154
4.166000 -0.697606
4.167000 -0.698005
4.168000 -0.698351
4.169000 -0.698644
4.170000 -0.698885
4.171000 -0.699072
4.172000 -0.699206
4.173000 -0.699287
4.174000 -0.699315
4.175000 -0.699290
4.176000 -0.699213
4.177000 -0.699082
4.178000 -0.698899
4.179000 -0.698663
4.180000 -0.698374
4.181000 -0.698032
4.182000 -0.697637
4.183000 -0.697190
4.184000 -0.696690
4.185000 -0.696138
4.186000 -0.695534
4.187000 -0.694877
4.188000 -0.694167
4.189000 -0.693405
4.190000 -0.692592
4.191000 -0.691726
4.192000 -0.690808
4.193000 -0.689838
4.194000 -0.688816
4.195000 -0.687743
4.196000 -0.686618
4.197000 -0.685441
4.198000 -0.684213
4.199000 -0.682934
4.200000 -0.681603
4.201000 -0.680222
4.202000 -0.678789
4.203000 -0.677306
4.204000 -0.675772
4.205000 -0.674187
4.206000 -0.672552
4.207000 -0.670867
4.208000 -0.669132
4.209000 -0.667346
4.210000 -0.665511
4.211000 -0.663626
4.212000 -0.661692
4.213000 -0.659708
4.214000 -0.657675
4.215000 -0.655594
4.216000 -0.653463
4.217000 -0.651284
4.218000 -0.649056
4.219000 -0.646780
4.220000 -0.644456
4.221000 -0.642084
4.222000 -0.639664
4.223000 -0.637197
4.224000 -0.634683
4.225000 -0.632121
4.226000 -0.629513
4.227000 -0.626858
4.228000 -0.624157
4.229000 -0.621409
4.230000 -0.618616
4.231000 -0.615777
4.232000 -0.612892
4.233000 -0.609962
4.234000 -0.606987
4.235000 -0.603967
4.236000 -0.600903
4.237000 -0.597795
4.238000 -0.594642
4.239000 -0.591446
4.240000 -0.588206
4.241000 -0.584923
4.242000 -0.581597
4.243000 -0.578228
4.244000 -0.574817
4.245000 -0.571364
4.246000 -0.567869
4.247000 -0.564333
4.248000 -0.560755
4.249000 -0.557136
4.250000 -0.553477
4.251000 -0.549777
4.252000 -0.546037
4.253000 -0.542257
4.254000 -0.538438
4.255000 -0.534580
4.256000 -0.530683
4.257000 -0.526748
4.258000 -0.522774
4.259000 -0.518762
4.260000 -0.514713
4.261000 -0.510627
4.262000 -0.506504
4.263000 -0.502344
4.264000 -0.498148
4.265000 -0.493916
4.266000 -0.489649
4.267000 -0.485347
4.268000 -0.481009
4.269000 -0.476638
4.270000 -0.472232
4.271000 -0.467793
4.272000 -0.463320
4.273000 -0.458814
4.274000 -0.454276
4.275000 -0.449705
4.276000 -0.445103
4.277000 -0.440469
4.278000 -0.435804
4.279000 -0.431108
4.280000 -0.426382
4.281000 -0.421626
4.282000 -0.416840
4.283000 -0.412026
4.284000 -0.407182
4.285000 -0.402310
4.286000 -0.397410
4.287000 -0.392483
4.288000 -0.387528
4.289000 -0.382547
4.290000 -0.377539
4.291000 -0.372505
4.292000 -0.367446
4.293000 -0.362362
4.294000 -0.357253
4.295000 -0.352120
4.296000 -0.346963
4.297000 -0.341783
4.298000 -0.336580
4.299000 -0.331354
4.300000 -0.326106
4.301000 -0.320836
4.302000 -0.315545
4.303000 -0.310234
4.304000 -0.304902
4.305000 -0.299550
4.306000 -0.294179
4.307000 -0.288788
4.308000 -0.283379
4.309000 -0.277952
4.310000 -0.272508
4.311000 -0.267046
4.312000 -0.261567
4.313000 -0.256072
4.314000 -0.250562
4.315000 -0.245035
4.316000 -0.239494
4.317000 -0.233939
4.318000 -0.228370
4.319000 -0.222787
4.320000 -0.217191
4.321000 -0.211582
4.322000 -0.205961
4.323000 -0.200329
4.324000 -0.194686
4.325000 -0.189032
4.326000 -0.183367
4.327000 -0.177693
4.328000 -0.172010
4.329000 -0.166318
4.330000 -0.160618
4.331000 -0.154910
4.332000 -0.149194
4.333000 -0.143472
4.334000 -0.137743
4.335000 -0.132009
4.336000 -0.126269
4.337000 -0.120524
4.338000 -0.114775
4.339000 -0.109022
4.340000 -0.103266
4.341000 -0.097506
4.342000 -0.091744
4.343000 -0.085981
4.344000 -0.080215
4.345000 -0.074449
4.346000 -0.068683
4.347000 -0.062916
4.348000 -0.057150
4.349000 -0.051385
4.350000 -0.045621
4.351000 -0.039860
4.352000 -0.034101
4.353000 -0.028345
4.354000 -0.022592
4.355000 -0.016844
4.356000 -0.011099
4.357000 -0.005360
4.358000 0.000373
4.359000 0.006101
4.360000 0.011822
4.361000 0.017536
4.362000 0.023243
4.363000 0.028941
4.364000 0.034632
4.365000 0.040313
4.366000 0.045985
4.367000 0.051646
4.368000 0.057298
4.369000 0.062938
4.370000 0.068567
4.371000 0.074184
4.372000 0.079789
4.373000 0.085381
4.374000 0.090959
4.375000 0.096524
4.376000 0.102074
4.377000 0.107609
4.378000 0.113129
4.379000 0.118632
4.380000 0.124120
4.381000 0.129591
4.382000 0.135044
4.383000 0.140480
4.384000 0.145897
4.385000 0.151296
4.386000 0.156675
4.387000 0.162034
4.388000 0.167374
4.389000 0.172692
4.390000 0.177990
4.391000 0.183266
4.392000 0.188519
4.393000 0.193751
4.394000 0.198959
4.395000 0.204143
4.396000 0.209304
4.397000 0.214440
4.398000 0.219551
4.399000 0.224636
4.400000 0.229696
4.401000 0.234730
4.402000 0.239736
4.403000 0.244716
4.404000 0.249667
4.405000 0.254591
4.406000 0.259486
4.407000 0.264352
4.408000 0.269188
4.409000 0.273995
4.410000 0.278771
4.411000 0.283516
4.412000 0.288230
4.413000 0.292912
4.414000 0.297562
4.415000 0.302180
4.416000 0.306764
4.417000 0.311315
4.418000 0.315832
4.419000 0.320315
4.420000 0.324763
4.421000 0.329176
4.422000 0.333553
4.423000 0.337895
4.424000 0.342200
4.425000 0.346468
4.426000 0.350699
4.427000 0.354892
4.428000 0.359048
4.429000 0.363165
4.430000 0.367243
4.431000 0.371282
4.432000 0.375281
4.433000 0.379241
4.434000 0.383160
4.435000 0.387038
4.436000 0.390875
4.437000 0.394671
4.438000 0.398425
4.439000 0.402137
4.440000 0.405806
4.441000 0.409432
4.442000 0.413014
4.443000 0.416553
4.444000 0.420048
4.445000 0.423499
4.446000 0.426905
4.447000 0.430266
4.448000 0.433581
4.449000 0.436851
4.450000 0.440074
4.451000 0.443251
4.452000 0.446382
4.453000 0.449465
4.454000 0.452501
4.455000 0.455489
4.456000 0.458430
4.457000 0.461322
4.458000 0.464165
4.459000 0.466959
4.460000 0.469704
4.461000 0.472400
4.462000 0.475046
4.463000 0.477642
4.464000 0.480187
4.465000 0.482682
4.466000 0.485126
4.467000 0.487518
4.468000 0.489860
4.469000 0.492149
4.470000 0.494387
4.471000 0.496572
4.472000 0.498705
4.473000 0.500785
4.474000 0.502812
4.475000 0.504786
4.476000 0.506706
4.477000 0.508573
4.478000 0.510386
4.479000 0.512145
4.480000 0.513850
4.481000 0.515500
4.482000 0.517095
4.483000 0.518635
4.484000 0.520121
4.485000 0.521551
4.486000 0.522925
4.487000 0.524244
4.488000 0.525507
4.489000 0.526713
4.490000 0.527864
4.491000 0.528958
4.492000 0.529996
4.493000 0.530977
4.494000 0.531901
4.495000 0.532768
4.496000 0.533578
4.497000 0.534331
4.498000 0.535026
4.499000 0.535663
4.500000 0.536244
4.501000 0.536766
4.502000 0.537230
4.503000 0.537636
4.504000 0.537985
4.505000 0.538275
4.506000 0.538506
4.507000 0.538679
4.508000 0.538794
4.509000 0.538850
4.510000 0.538848
4.511000 0.538787
4.512000 0.538667
4.513000 0.538488
4.514000 0.538250
4.515000 0.537954
4.516000 0.537598
4.517000 0.537184
4.518000 0.536710
4.519000 0.536177
4.520000 0.535585
4.521000 0.534934
4.522000 0.534224
4.523000 0.533455
4.524000 0.532626
4.525000 0.531738
4.526000 0.530791
4.527000 0.529785
4.528000 0.528720
4.529000 0.527596
4.530000 0.526412
4.531000 0.525170
4.532000 0.523868
4.533000 0.522508
4.534000 0.521088
4.535000 0.519610
4.536000 0.518073
4.537000 0.516477
4.538000 0.514822
4.539000 0.513109
4.540000 0.511337
4.541000 0.509506
4.542000 0.507618
4.543000 0.505670
4.544000 0.503665
4.545000 0.501602
4.546000 0.499480
4.547000 0.497301
4.548000 0.495064
4.549000 0.492769
4.550000 0.490417
4.551000 0.488008
4.552000 0.485541
4.553000 0.483017
4.554000 0.480436
4.555000 0.477798
4.556000 0.475104
4.557000 0.472353
4.558000 0.469546
4.559000 0.466683
4.560000 0.463764
4.561000 0.460789
4.562000 0.457759
4.563000 0.454673
4.564000 0.451532
4.565000 0.448336
4.566000 0.445085
4.567000 0.441780
4.568000 0.438420
4.569000 0.435006
4.570000 0.431538
4.571000 0.428017
4.572000 0.424442
4.573000 0.420815
4.574000 0.417134
4.575000 0.413400
4.576000 0.409615
4.577000 0.405777
4.578000 0.401887
4.579000 0.397946
4.580000 0.393953
4.581000 0.389909
4.582000 0.385815
4.583000 0.381670
4.584000 0.377475
4.585000 0.373230
4.586000 0.368936
4.587000 0.364592
4.588000 0.360199
4.589000 0.355758
4.590000 0.351269
4.591000 0.346732
4.592000 0.342147
4.593000 0.337515
4.594000 0.332836
4.595000 0.328110
4.596000 0.323339
4.597000 0.318521
4.598000 0.313658
4.599000 0.308750
4.600000 0.303797
4.601000 0.298800
4.602000 0.293759
4.603000 0.288674
4.604000 0.283546
4.605000 0.278375
4.606000 0.273162
4.607000 0.267907
4.608000 0.262610
4.609000 0.257272
4.610000 0.251893
4.611000 0.246474
4.612000 0.241015
4.613000 0.235516
4.614000 0.229979
4.615000 0.224402
4.616000 0.218788
4.617000 0.213136
4.618000 0.207446
4.619000 0.201720
4.620000 0.195957
4.621000 0.190158
4.622000 0.184324
4.623000 0.178455
4.624000 0.172551
4.625000 0.166613
4.626000 0.160642
4.627000 0.154638
4.628000 0.148600
4.629000 0.142531
4.630000 0.136430
4.631000 0.130298
4.632000 0.124136
4.633000 0.117943
4.634000 0.111720
4.635000 0.105469
4.636000 0.099188
4.637000 0.092880
4.638000 0.086544
4.639000 0.080181
4.640000 0.073792
4.641000 0.067376
4.642000 0.060935
4.643000 0.054469
4.644000 0.047979
4.645000 0.041464
4.646000 0.034927
4.647000 0.028366
4.648000 0.021784
4.649000 0.015179
4.650000 0.008554
4.651000 0.001908
4.652000 -0.004758
4.653000 -0.011444
4.654000 -0.018148
4.655000 -0.024871
4.656000 -0.031611
4.657000 -0.038369
4.658000 -0.045143
4.659000 -0.051934
4.660000 -0.058739
4.661000 -0.065560
4.662000 -0.072395
4.663000 -0.079244
4.664000 -0.086106
4.665000 -0.092980
4.666000 -0.099866
4.667000 -0.106764
4.668000 -0.113673
4.669000 -0.120591
4.670000 -0.127520
4.671000 -0.134457
4.672000 -0.141402
4.673000 -0.148356
4.674000 -0.155316
4.675000 -0.162283
4.676000 -0.169257
4.677000 -0.176235
4.678000 -0.183218
4.679000 -0.190206
4.680000 -0.197196
4.681000 -0.204190
4.682000 -0.211186
4.683000 -0.218184
4.684000 -0.225183
4.685000 -0.232182
4.686000 -0.239181
4.687000 -0.246179
4.688000 -0.253176
4.689000 -0.260171
4.690000 -0.267164
4.691000 -0.274153
4.692000 -0.281138
4.693000 -0.288118
4.694000 -0.295094
4.695000 -0.302063
4.696000 -0.309027
4.697000 -0.315983
4.698000 -0.322932
4.699000 -0.329872
4.700000 -0.336804
4.701000 -0.343726
4.702000 -0.350638
4.703000 -0.357539
4.704000 -0.364429
4.705000 -0.371307
4.706000 -0.378172
4.707000 -0.385024
4.708000 -0.391862
4.709000 -0.398685
4.710000 -0.405494
4.711000 -0.412287
4.712000 -0.419063
4.713000 -0.425822
4.714000 -0.432564
4.715000 -0.439288
4.716000 -0.445992
4.717000 -0.452678
4.718000 -0.459343
4.719000 -0.465987
4.720000 -0.472611
4.721000 -0.479212
4.722000 -0.485791
4.723000 -0.492346
4.724000 -0.498878
4.725000 -0.505386
4.726000 -0.511868
4.727000 -0.518325
4.728000 -0.524756
4.729000 -0.531160
4.730000 -0.537537
4.731000 -0.543885
4.732000 -0.550205
4.733000 -0.556496
4.734000 -0.562757
4.735000 -0.568988
4.736000 -0.575188
4.737000 -0.581356
4.738000 -0.587492
4.739000 -0.593595
4.740000 -0.599665
4.741000 -0.605701
4.742000 -0.611703
4.743000 -0.617669
4.744000 -0.623600
4.745000 -0.629495
4.746000 -0.635353
4.747000 -0.641174
4.748000 -0.646957
4.749000 -0.652701
4.750000 -0.658406
4.751000 -0.664072
4.752000 -0.669698
4.753000 -0.675283
4.754000 -0.680826
4.755000 -0.686328
4.756000 -0.691788
4.757000 -0.697205
4.758000 -0.702578
4.759000 -0.707908
4.760000 -0.713193
4.761000 -0.718433
4.762000 -0.723628
4.763000 -0.728777
4.764000 -0.733879
4.765000 -0.738934
4.766000 -0.743941
4.767000 -0.748901
4.768000 -0.753812
4.769000 -0.758674
4.770000 -0.763486
4.771000 -0.768249
4.772000 -0.772960
4.773000 -0.777621
4.774000 -0.782231
4.775000 -0.786788
4.776000 -0.791293
4.777000 -0.795745
4.778000 -0.800144
4.779000 -0.804489
4.780000 -0.808780
4.781000 -0.813016
4.782000 -0.817197
4.783000 -0.821322
4.784000 -0.825392
4.785000 -0.829404
4.786000 -0.833360
4.787000 -0.837259
4.788000 -0.841100
4.789000 -0.844883
4.790000 -0.848607
4.791000 -0.852272
4.792000 -0.855878
4.793000 -0.859424
4.794000 -0.862911
4.795000 -0.866336
4.796000 -0.869701
4.797000 -0.873004
4.798000 -0.876246
4.799000 -0.879426
4.800000 -0.882543
4.801000 -0.885598
4.802000 -0.888590
4.803000 -0.891518
4.804000 -0.894383
4.805000 -0.897183
4.806000 -0.899919
4.807000 -0.902591
4.808000 -0.905197
4.809000 -0.907738
4.810000 -0.910213
4.811000 -0.912623
4.812000 -0.914966
4.813000 -0.917243
4.814000 -0.919452
4.815000 -0.921595
4.816000 -0.923670
4.817000 -0.925678
4.818000 -0.927618
4.819000 -0.929490
4.820000 -0.931293
4.821000 -0.933028
4.822000 -0.934694
4.823000 -0.936291
4.824000 -0.937818
4.825000 -0.939276
4.826000 -0.940664
4.827000 -0.941982
4.828000 -0.943230
4.829000 -0.944408
4.830000 -0.945515
4.831000 -0.946552
4.832000 -0.947517
4.833000 -0.948412
4.834000 -0.949235
4.835000 -0.949987
4.836000 -0.950668
4.837000 -0.951276
4.838000 -0.951813
4.839000 -0.952278
4.840000 -0.952671
4.841000 -0.952992
4.842000 -0.953241
4.843000 -0.953417
4.844000 -0.953520
4.845000 -0.953551
4.846000 -0.953510
4.847000 -0.953395
4.848000 -0.953208
4.849000 -0.952948
4.850000 -0.952615
4.851000 -0.952209
4.852000 -0.951730
4.853000 -0.951178
4.854000 -0.950553
4.855000 -0.949854
4.856000 -0.949083
4.857000 -0.948238
4.858000 -0.947320
4.859000 -0.946329
4.860000 -0.945265
4.861000 -0.944128
4.862000 -0.942917
4.863000 -0.941634
4.864000 -0.940277
4.865000 -0.938847
4.866000 -0.937345
4.867000 -0.935769
4.868000 -0.934121
4.869000 -0.932399
4.870000 -0.930605
4.871000 -0.928739
4.872000 -0.926800
4.873000 -0.924788
4.874000 -0.922704
4.875000 -0.920548
4.876000 -0.918320
4.877000 -0.916019
4.878000 -0.913647
4.879000 -0.911203
4.880000 -0.908688
4.881000 -0.906101
4.882000 -0.903442
4.883000 -0.900713
4.884000 -0.897913
4.885000 -0.895042
4.886000 -0.892100
4.887000 -0.889088
4.888000 -0.886005
4.889000 -0.882853
4.890000 -0.879631
4.891000 -0.876339
4.892000 -0.872978
4.893000 -0.869548
4.894000 -0.866049
4.895000 -0.862482
4.896000 -0.858845
4.897000 -0.855141
4.898000 -0.851369
4.899000 -0.847530
4.900000 -0.843623
4.901000 -0.839648
4.902000 -0.835608
4.903000 -0.831500
4.904000 -0.827327
4.905000 -0.823088
4.906000 -0.818783
4.907000 -0.814413
4.908000 -0.809978
4.909000 -0.805479
4.910000 -0.800915
4.911000 -0.796288
4.912000 -0.791597
4.913000 -0.786843
4.914000 -0.782026
4.915000 -0.777147
4.916000 -0.772206
4.917000 -0.767203
4.918000 -0.762139
4.919000 -0.757014
4.920000 -0.751828
4.921000 -0.746583
4.922000 -0.741278
4.923000 -0.735913
4.924000 -0.730490
4.925000 -0.725009
4.926000 -0.719469
4.927000 -0.713873
4.928000 -0.708219
4.929000 -0.702509
4.930000 -0.696742
4.931000 -0.690920
4.932000 -0.685043
4.933000 -0.679111
4.934000 -0.673125
4.935000 -0.667086
4.936000 -0.660993
4.937000 -0.654847
4.938000 -0.648649
4.939000 -0.642400
4.940000 -0.636099
4.941000 -0.629748
4.942000 -0.623347
4.943000 -0.616896
4.944000 -0.610396
4.945000 -0.603848
4.946000 -0.597251
4.947000 -0.590608
4.948000 -0.583917
4.949000 -0.577180
4.950000 -0.570398
4.951000 -0.563570
4.952000 -0.556698
4.953000 -0.549782
4.954000 -0.542823
4.955000 -0.535820
4.956000 -0.528776
4.957000 -0.521690
4.958000 -0.514563
4.959000 -0.507396
4.960000 -0.500189
4.961000 -0.492942
4.962000 -0.485658
4.963000 -0.478335
4.964000 -0.470975
4.965000 -0.463579
4.966000 -0.456146
4.967000 -0.448679
4.968000 -0.441176
4.969000 -0.433640
4.970000 -0.426070
4.971000 -0.418467
4.972000 -0.410833
4.973000 -0.403167
4.974000 -0.395470
4.975000 -0.387743
4.976000 -0.379987
4.977000 -0.372203
4.978000 -0.364390
4.979000 -0.356550
4.980000 -0.348683
4.981000 -0.340791
4.982000 -0.332873
4.983000 -0.324931
4.984000 -0.316964
4.985000 -0.308975
4.986000 -0.300963
4.987000 -0.292930
4.988000 -0.284876
4.989000 -0.276801
4.990000 -0.268707
4.991000 -0.260594
4.992000 -0.252463
4.993000 -0.244314
4.994000 -0.236149
4.995000 -0.227968
4.996000 -0.219772
4.997000 -0.211561
4.998000 -0.203336
4.999000 -0.195099
5.000000 -0.186849
5.001000 -0.178588
5.002000 -0.170316
5.003000 -0.162034
5.004000 -0.153743
5.005000 -0.145443
5.006000 -0.137136
5.007000 -0.128821
5.008000 -0.120500
5.009000 -0.112174
5.010000 -0.103843
5.011000 -0.095508
5.012000 -0.087170
5.013000 -0.078829
5.014000 -0.070486
5.015000 -0.062143
5.016000 -0.053799
5.017000 -0.045456
5.018000 -0.037115
5.019000 -0.028775
5.020000 -0.020438
5.021000 -0.012105
5.022000 -0.003776
5.023000 0.004548
5.024000 0.012866
5.025000 0.021177
5.026000 0.029481
5.027000 0.037776
5.028000 0.046063
5.029000 0.054340
5.030000 0.062607
5.031000 0.070862
5.032000 0.079105
5.033000 0.087336
5.034000 0.095553
5.035000 0.103756
5.036000 0.111944
5.037000 0.120116
5.038000 0.128271
5.039000 0.136410
5.040000 0.144530
5.041000 0.152631
5.042000 0.160713
5.043000 0.168775
5.044000 0.176815
5.045000 0.184834
5.046000 0.192830
5.047000 0.200803
5.048000 0.208752
5.049000 0.216676
5.050000 0.224575
5.051000 0.232448
5.052000 0.240293
5.053000 0.248111
5.054000 0.255901
5.055000 0.263661
5.056000 0.271391
5.057000 0.279091
5.058000 0.286760
5.059000 0.294397
5.060000 0.302000
5.061000 0.309571
5.062000 0.317107
5.063000 0.324609
5.064000 0.332074
5.065000 0.339504
5.066000 0.346897
5.067000 0.354252
5.068000 0.361568
5.069000 0.368846
5.070000 0.376084
5.071000 0.383282
5.072000 0.390438
5.073000 0.397553
5.074000 0.404625
5.075000 0.411655
5.076000 0.418640
5.077000 0.425582
5.078000 0.432478
5.079000 0.439329
5.080000 0.446133
5.081000 0.452890
5.082000 0.459600
5.083000 0.466262
5.084000 0.472874
5.085000 0.479437
5.086000 0.485951
5.087000 0.492413
5.088000 0.498824
5.089000 0.505183
5.090000 0.511490
5.091000 0.517744
5.092000 0.523944
5.093000 0.530090
5.094000 0.536180
5.095000 0.542216
5.096000 0.548195
5.097000 0.554118
5.098000 0.559984
5.099000 0.565792
5.100000 0.571542
5.101000 0.577234
5.102000 0.582866
5.103000 0.588438
5.104000 0.593950
5.105000 0.599401
5.106000 0.604790
5.107000 0.610118
5.108000 0.615384
5.109000 0.620586
5.110000 0.625726
5.111000 0.630801
5.112000 0.635812
5.113000 0.640759
5.114000 0.645640
5.115000 0.650456
5.116000 0.655205
5.117000 0.659888
5.118000 0.664504
5.119000 0.669053
5.120000 0.673533
5.121000 0.677946
5.122000 0.682290
5.123000 0.686564
5.124000 0.690770
5.125000 0.694905
5.126000 0.698970
5.127000 0.702965
5.128000 0.706888
5.129000 0.710741
5.130000 0.714521
5.131000 0.718230
5.132000 0.721866
5.133000 0.725429
5.134000 0.728920
5.135000 0.732337
5.136000 0.735681
5.137000 0.738950
5.138000 0.742146
5.139000 0.745266
5.140000 0.748312
5.141000 0.751283
5.142000 0.754179
5.143000 0.756999
5.144000 0.759743
5.145000 0.762411
5.146000 0.765003
5.147000 0.767519
5.148000 0.769957
5.149000 0.772319
5.150000 0.774603
5.151000 0.776810
5.152000 0.778940
5.153000 0.780992
5.154000 0.782966
5.155000 0.784862
5.156000 0.786680
5.157000 0.788419
5.158000 0.790081
5.159000 0.791663
5.160000 0.793167
5.161000 0.794592
5.162000 0.795938
5.163000 0.797205
5.164000 0.798393
5.165000 0.799501
5.166000 0.800531
5.167000 0.801481
5.168000 0.802352
5.169000 0.803143
5.170000 0.803855
5.171000 0.804488
5.172000 0.805041
5.173000 0.805515
5.174000 0.805909
5.175000 0.806223
5.176000 0.806458
5.177000 0.806614
5.178000 0.806690
5.179000 0.806687
5.180000 0.806604
5.181000 0.806443
5.182000 0.806202
5.183000 0.805882
5.184000 0.805482
5.185000 0.805004
5.186000 0.804447
5.187000 0.803812
5.188000 0.803097
5.189000 0.802304
5.190000 0.801433
5.191000 0.800484
5.192000 0.799456
5.193000 0.798351
5.194000 0.797167
5.195000 0.795906
5.196000 0.794568
5.197000 0.793153
5.198000 0.791660
5.199000 0.790091
5.200000 0.788445
5.201000 0.786723
5.202000 0.784925
5.203000 0.783051
5.204000 0.781101
5.205000 0.779076
5.206000 0.776975
5.207000 0.774800
5.208000 0.772551
5.209000 0.770227
5.210000 0.767829
5.211000 0.765358
5.212000 0.762813
5.213000 0.760195
5.214000 0.757505
5.215000 0.754742
5.216000 0.751908
5.217000 0.749002
5.218000 0.746024
5.219000 0.742976
5.220000 0.739857
5.221000 0.736668
5.222000 0.733409
5.223000 0.730081
5.224000 0.726685
5.225000 0.723219
5.226000 0.719686
5.227000 0.716085
5.228000 0.712417
5.229000 0.708682
5.230000 0.704881
5.231000 0.701014
5.232000 0.697082
5.233000 0.693085
5.234000 0.689024
5.235000 0.684899
5.236000 0.680711
5.237000 0.676459
5.238000 0.672146
5.239000 0.667770
5.240000 0.663334
5.241000 0.658836
5.242000 0.654279
5.243000 0.649662
5.244000 0.644985
5.245000 0.640251
5.246000 0.635458
5.247000 0.630608
5.248000 0.625701
5.249000 0.620738
5.250000 0.615720
5.251000 0.610647
5.252000 0.605519
5.253000 0.600337
5.254000 0.595103
5.255000 0.589815
5.256000 0.584477
5.257000 0.579086
5.258000 0.573646
5.259000 0.568155
5.260000 0.562615
5.261000 0.557027
5.262000 0.551391
5.263000 0.545707
5.264000 0.539977
5.265000 0.534201
5.266000 0.528380
5.267000 0.522515
5.268000 0.516606
5.269000 0.510653
5.270000 0.504659
5.271000 0.498623
5.272000 0.492546
5.273000 0.486428
5.274000 0.480272
5.275000 0.474077
5.276000 0.467844
5.277000 0.461573
5.278000 0.455267
5.279000 0.448924
5.280000 0.442547
5.281000 0.436136
5.282000 0.429691
5.283000 0.423214
5.284000 0.416705
5.285000 0.410165
5.286000 0.403594
5.287000 0.396995
5.288000 0.390366
5.289000 0.383710
5.290000 0.377027
5.291000 0.370317
5.292000 0.363582
5.293000 0.356823
5.294000 0.350040
5.295000 0.343234
5.296000 0.336405
5.297000 0.329556
5.298000 0.322685
5.299000 0.315796
5.300000 0.308887
5.301000 0.301960
5.302000 0.295017
5.303000 0.288056
5.304000 0.281081
5.305000 0.274091
5.306000 0.267087
5.307000 0.260070
5.308000 0.253041
5.309000 0.246001
5.310000 0.238950
5.311000 0.231890
5.312000 0.224822
5.313000 0.217745
5.314000 0.210662
5.315000 0.203572
5.316000 0.196478
5.317000 0.189379
5.318000 0.182276
5.319000 0.175171
5.320000 0.168064
5.321000 0.160956
5.322000 0.153849
5.323000 0.146742
5.324000 0.139637
5.325000 0.132534
5.326000 0.125435
5.327000 0.118341
5.328000 0.111251
5.329000 0.104168
5.330000 0.097091
5.331000 0.090023
5.332000 0.082963
5.333000 0.075912
5.334000 0.068872
5.335000 0.061844
5.336000 0.054827
5.337000 0.047824
5.338000 0.040834
5.339000 0.033859
5.340000 0.026900
5.341000 0.019957
5.342000 0.013032
5.343000 0.006124
5.344000 -0.000764
5.345000 -0.007632
5.346000 -0.014480
5.347000 -0.021306
5.348000 -0.028110
5.349000 -0.034890
5.350000 -0.041646
5.351000 -0.048378
5.352000 -0.055083
5.353000 -0.061762
5.354000 -0.068413
5.355000 -0.075036
5.356000 -0.081630
5.357000 -0.088194
5.358000 -0.094727
5.359000 -0.101229
5.360000 -0.107698
5.361000 -0.114134
5.362000 -0.120536
5.363000 -0.126903
5.364000 -0.133235
5.365000 -0.139530
5.366000 -0.145788
5.367000 -0.152008
5.368000 -0.158189
5.369000 -0.164330
5.370000 -0.170431
5.371000 -0.176491
5.372000 -0.182510
5.373000 -0.188485
5.374000 -0.194417
5.375000 -0.200305
5.376000 -0.206148
5.377000 -0.211945
5.378000 -0.217696
5.379000 -0.223400
5.380000 -0.229056
5.381000 -0.234663
5.382000 -0.240221
5.383000 -0.245729
5.384000 -0.251187
5.385000 -0.256593
5.386000 -0.261946
5.387000 -0.267247
5.388000 -0.272495
5.389000 -0.277688
5.390000 -0.282826
5.391000 -0.287909
5.392000 -0.292936
5.393000 -0.297906
5.394000 -0.302818
5.395000 -0.307673
5.396000 -0.312468
5.397000 -0.317204
5.398000 -0.321881
5.399000 -0.326496
5.400000 -0.331051
5.401000 -0.335543
5.402000 -0.339973
5.403000 -0.344340
5.404000 -0.348644
5.405000 -0.352883
5.406000 -0.357058
5.407000 -0.361168
5.408000 -0.365211
5.409000 -0.369189
5.410000 -0.373099
5.411000 -0.376942
5.412000 -0.380717
5.413000 -0.384424
5.414000 -0.388061
5.415000 -0.391630
5.416000 -0.395128
5.417000 -0.398556
5.418000 -0.401913
5.419000 -0.405199
5.420000 -0.408413
5.421000 -0.411554
5.422000 -0.414623
5.423000 -0.417619
5.424000 -0.420542
5.425000 -0.423390
5.426000 -0.426165
5.427000 -0.428864
5.428000 -0.431488
5.429000 -0.434037
5.430000 -0.436511
5.431000 -0.438907
5.432000 -0.441228
5.433000 -0.443471
5.434000 -0.445638
5.435000 -0.447726
5.436000 -0.449737
5.437000 -0.451670
5.438000 -0.453525
5.439000 -0.455300
5.440000 -0.456997
5.441000 -0.458614
5.442000 -0.460152
5.443000 -0.461610
5.444000 -0.462988
5.445000 -0.464286
5.446000 -0.465504
5.447000 -0.466641
5.448000 -0.467697
5.449000 -0.468672
5.450000 -0.469566
5.451000 -0.470378
5.452000 -0.471109
5.453000 -0.471759
5.454000 -0.472326
5.455000 -0.472812
5.456000 -0.473215
5.457000 -0.473537
5.458000 -0.473776
5.459000 -0.473933
5.460000 -0.474007
5.461000 -0.473999
5.462000 -0.473909
5.463000 -0.473735
5.464000 -0.473480
5.465000 -0.473141
5.466000 -0.472720
5.467000 -0.472217
5.468000 -0.471630
5.469000 -0.470961
5.470000 -0.470210
5.471000 -0.469376
5.472000 -0.468459
5.473000 -0.467460
5.474000 -0.466378
5.475000 -0.465214
5.476000 -0.463968
5.477000 -0.462640
5.478000 -0.461230
5.479000 -0.459738
5.480000 -0.458164
5.481000 -0.456508
5.482000 -0.454771
5.483000 -0.452953
5.484000 -0.451053
5.485000 -0.449072
5.486000 -0.447011
5.487000 -0.444869
5.488000 -0.442647
5.489000 -0.440344
5.490000 -0.437962
5.491000 -0.435500
5.492000 -0.432958
5.493000 -0.430338
5.494000 -0.427638
5.495000 -0.424860
5.496000 -0.422004
5.497000 -0.419069
5.498000 -0.416057
5.499000 -0.412967
5.500000 -0.409801
5.501000 -0.406557
5.502000 -0.403238
5.503000 -0.399842
5.504000 -0.396371
5.505000 -0.392824
5.506000 -0.389203
5.507000 -0.385507
5.508000 -0.381737
5.509000 -0.377894
5.510000 -0.373977
5.511000 -0.369988
5.512000 -0.365926
5.513000 -0.361793
5.514000 -0.357588
5.515000 -0.353312
5.516000 -0.348966
5.517000 -0.344550
5.518000 -0.340065
5.519000 -0.335511
5.520000 -0.330888
5.521000 -0.326198
5.522000 -0.321440
5.523000 -0.316616
5.524000 -0.311726
5.525000 -0.306770
5.526000 -0.301749
5.527000 -0.296663
5.528000 -0.291514
5.529000 -0.286302
5.530000 -0.281027
5.531000 -0.275690
5.532000 -0.270291
5.533000 -0.264832
5.534000 -0.259313
5.535000 -0.253735
5.536000 -0.248098
5.537000 -0.242403
5.538000 -0.236650
5.539000 -0.230841
5.540000 -0.224976
5.541000 -0.219055
5.542000 -0.213080
5.543000 -0.207051
5.544000 -0.200969
5.545000 -0.194834
5.546000 -0.188648
5.547000 -0.182411
5.548000 -0.176124
5.549000 -0.169788
5.550000 -0.163402
5.551000 -0.156969
5.552000 -0.150489
5.553000 -0.143963
5.554000 -0.137391
5.555000 -0.130775
5.556000 -0.124115
5.557000 -0.117411
5.558000 -0.110666
5.559000 -0.103879
5.560000 -0.097052
5.561000 -0.090185
5.562000 -0.083279
5.563000 -0.076335
5.564000 -0.069354
5.565000 -0.062337
5.566000 -0.055284
5.567000 -0.048197
5.568000 -0.041076
5.569000 -0.033923
5.570000 -0.026737
5.571000 -0.019521
5.572000 -0.012274
5.573000 -0.004999
5.574000 0.002305
5.575000 0.009636
5.576000 0.016993
5.577000 0.024376
5.578000 0.031784
5.579000 0.039215
5.580000 0.046668
5.581000 0.054144
5.582000 0.061640
5.583000 0.069156
5.584000 0.076691
5.585000 0.084244
5.586000 0.091814
5.587000 0.099400
5.588000 0.107000
5.589000 0.114615
5.590000 0.122243
5.591000 0.129883
5.592000 0.137535
5.593000 0.145196
5.594000 0.152867
5.595000 0.160545
5.596000 0.168231
5.597000 0.175924
5.598000 0.183621
5.599000 0.191323
5.600000 0.199027
5.601000 0.206734
5.602000 0.214443
5.603000 0.222151
5.604000 0.229859
5.605000 0.237565
5.606000 0.245269
5.607000 0.252968
5.608000 0.260663
5.609000 0.268352
5.610000 0.276034
5.611000 0.283709
5.612000 0.291375
5.613000 0.299031
5.614000 0.306676
5.615000 0.314309
5.616000 0.321930
5.617000 0.329536
5.618000 0.337128
5.619000 0.344704
5.620000 0.352264
5.621000 0.359805
5.622000 0.367328
5.623000 0.374831
5.624000 0.382313
5.625000 0.389774
5.626000 0.397211
5.627000 0.404625
5.628000 0.412014
5.629000 0.419377
5.630000 0.426714
5.631000 0.434023
5.632000 0.441303
5.633000 0.448553
5.634000 0.455773
5.635000 0.462961
5.636000 0.470117
5.637000 0.477238
5.638000 0.484326
5.639000 0.491378
5.640000 0.498393
5.641000 0.505372
5.642000 0.512311
5.643000 0.519212
5.644000 0.526072
5.645000 0.532891
5.646000 0.539668
5.647000 0.546402
5.648000 0.553092
5.649000 0.559737
5.650000 0.566336
5.651000 0.572889
5.652000 0.579394
5.653000 0.585850
5.654000 0.592257
5.655000 0.598614
5.656000 0.604920
5.657000 0.611173
5.658000 0.617374
5.659000 0.623521
5.660000 0.629613
5.661000 0.635649
5.662000 0.641630
5.663000 0.647553
5.664000 0.653417
5.665000 0.659224
5.666000 0.664970
5.667000 0.670656
5.668000 0.676280
5.669000 0.681843
5.670000 0.687342
5.671000 0.692778
5.672000 0.698149
5.673000 0.703455
5.674000 0.708695
5.675000 0.713868
5.676000 0.718974
5.677000 0.724011
5.678000 0.728979
5.679000 0.733878
5.680000 0.738706
5.681000 0.743462
5.682000 0.748147
5.683000 0.752759
5.684000 0.757298
5.685000 0.761764
5.686000 0.766154
5.687000 0.770469
5.688000 0.774708
5.689000 0.778871
5.690000 0.782956
5.691000 0.786964
5.692000 0.790893
5.693000 0.794743
5.694000 0.798514
5.695000 0.802204
5.696000 0.805813
5.697000 0.809341
5.698000 0.812787
5.699000 0.816151
5.700000 0.819431
5.701000 0.822629
5.702000 0.825742
5.703000 0.828770
5.704000 0.831713
5.705000 0.834571
5.706000 0.837343
5.707000 0.840028
5.708000 0.842627
5.709000 0.845138
5.710000 0.847561
5.711000 0.849896
5.712000 0.852142
5.713000 0.854299
5.714000 0.856367
5.715000 0.858345
5.716000 0.860233
5.717000 0.862030
5.718000 0.863737
5.719000 0.865352
5.720000 0.866876
5.721000 0.868307
5.722000 0.869647
5.723000 0.870894
5.724000 0.872049
5.725000 0.873111
5.726000 0.874079
5.727000 0.874954
5.728000 0.875735
5.729000 0.876423
5.730000 0.877016
5.731000 0.877515
5.732000 0.877920
5.733000 0.878230
5.734000 0.878445
5.735000 0.878565
5.736000 0.878590
5.737000 0.878520
5.738000 0.878355
5.739000 0.878094
5.740000 0.877738
5.741000 0.877286
5.742000 0.876739
5.743000 0.876096
5.744000 0.875357
5.745000 0.874523
5.746000 0.873593
5.747000 0.872567
5.748000 0.871445
5.749000 0.870228
5.750000 0.868915
5.751000 0.867507
5.752000 0.866003
5.753000 0.864404
5.754000 0.862709
5.755000 0.860920
5.756000 0.859035
5.757000 0.857055
5.758000 0.854980
5.759000 0.852811
5.760000 0.850547
5.761000 0.848188
5.762000 0.845736
5.763000 0.843189
5.764000 0.840549
5.765000 0.837815
5.766000 0.834988
5.767000 0.832068
5.768000 0.829056
5.769000 0.825950
5.770000 0.822753
5.771000 0.819464
5.772000 0.816083
5.773000 0.812611
5.774000 0.809048
5.775000 0.805394
5.776000 0.801650
5.777000 0.797817
5.778000 0.793894
5.779000 0.789881
5.780000 0.785781
5.781000 0.781592
5.782000 0.777315
5.783000 0.772951
5.784000 0.768500
5.785000 0.763963
5.786000 0.759339
5.787000 0.754631
5.788000 0.749837
5.789000 0.744959
5.790000 0.739997
5.791000 0.734952
5.792000 0.729824
5.793000 0.724614
5.794000 0.719322
5.795000 0.713949
5.796000 0.708496
5.797000 0.702963
5.798000 0.697350
5.799000 0.691659
5.800000 0.685890
5.801000 0.680044
5.802000 0.674121
5.803000 0.668122
5.804000 0.662047
5.805000 0.655898
5.806000 0.649675
5.807000 0.643379
5.808000 0.637011
5.809000 0.630570
5.810000 0.624059
5.811000 0.617477
5.812000 0.610826
5.813000 0.604107
5.814000 0.597319
5.815000 0.590464
5.816000 0.583543
5.817000 0.576556
5.818000 0.569505
5.819000 0.562390
5.820000 0.555211
5.821000 0.547971
5.822000 0.540669
5.823000 0.533307
5.824000 0.525885
5.825000 0.518404
5.826000 0.510866
5.827000 0.503271
5.828000 0.495619
5.829000 0.487913
5.830000 0.480153
5.831000 0.472339
5.832000 0.464473
5.833000 0.456555
5.834000 0.448588
5.835000 0.440570
5.836000 0.432505
5.837000 0.424392
5.838000 0.416232
5.839000 0.408027
5.840000 0.399777
5.841000 0.391484
5.842000 0.383148
5.843000 0.374771
5.844000 0.366354
5.845000 0.357897
5.846000 0.349401
5.847000 0.340869
5.848000 0.332300
5.849000 0.323695
5.850000 0.315057
5.851000 0.306385
5.852000 0.297682
5.853000 0.288947
5.854000 0.280183
5.855000 0.271389
5.856000 0.262568
5.857000 0.253721
5.858000 0.244847
5.859000 0.235950
5.860000 0.227029
5.861000 0.218086
5.862000 0.209121
5.863000 0.200137
5.864000 0.191134
5.865000 0.182113
5.866000 0.173075
5.867000 0.164022
5.868000 0.154955
5.869000 0.145874
5.870000 0.136782
5.871000 0.127678
5.872000 0.118565
5.873000 0.109443
5.874000 0.100313
5.875000 0.091177
5.876000 0.082036
5.877000 0.072890
5.878000 0.063742
5.879000 0.054592
5.880000 0.045442
5.881000 0.036292
5.882000 0.027143
5.883000 0.017998
5.884000 0.008856
5.885000 -0.000280
5.886000 -0.009410
5.887000 -0.018532
5.888000 -0.027646
5.889000 -0.036750
5.890000 -0.045843
5.891000 -0.054924
5.892000 -0.063992
5.893000 -0.073045
5.894000 -0.082082
5.895000 -0.091103
5.896000 -0.100106
5.897000 -0.109091
5.898000 -0.118054
5.899000 -0.126997
5.900000 -0.135917
5.901000 -0.144814
5.902000 -0.153686
5.903000 -0.162532
5.904000 -0.171351
5.905000 -0.180141
5.906000 -0.188903
5.907000 -0.197634
5.908000 -0.206334
5.909000 -0.215001
5.910000 -0.223635
5.911000 -0.232234
5.912000 -0.240797
5.913000 -0.249322
5.914000 -0.257810
5.915000 -0.266259
5.916000 -0.274667
5.917000 -0.283034
5.918000 -0.291359
5.919000 -0.299640
5.920000 -0.307876
5.921000 -0.316067
5.922000 -0.324211
5.923000 -0.332308
5.924000 -0.340355
5.925000 -0.348353
5.926000 -0.356301
5.927000 -0.364196
5.928000 -0.372038
5.929000 -0.379827
5.930000 -0.387561
5.931000 -0.395239
5.932000 -0.402860
5.933000 -0.410423
5.934000 -0.417928
5.935000 -0.425372
5.936000 -0.432756
5.937000 -0.440079
5.938000 -0.447338
5.939000 -0.454535
5.940000 -0.461666
5.941000 -0.468733
5.942000 -0.475733
5.943000 -0.482666
5.944000 -0.489531
5.945000 -0.496327
5.946000 -0.503053
5.947000 -0.509708
5.948000 -0.516292
5.949000 -0.522804
5.950000 -0.529242
5.951000 -0.535606
5.952000 -0.541895
5.953000 -0.548109
5.954000 -0.554246
5.955000 -0.560307
5.956000 -0.566289
5.957000 -0.572192
5.958000 -0.578016
5.959000 -0.583759
5.960000 -0.589422
5.961000 -0.595002
5.962000 -0.600501
5.963000 -0.605916
5.964000 -0.611247
5.965000 -0.616494
5.966000 -0.621656
5.967000 -0.626732
5.968000 -0.631721
5.969000 -0.636624
5.970000 -0.641439
5.971000 -0.646165
5.972000 -0.650803
5.973000 -0.655351
5.974000 -0.659809
5.975000 -0.664177
5.976000 -0.668453
5.977000 -0.672638
5.978000 -0.676731
5.979000 -0.680731
5.980000 -0.684637
5.981000 -0.688451
5.982000 -0.692170
5.983000 -0.695794
5.984000 -0.699324
5.985000 -0.702758
5.986000 -0.706096
5.987000 -0.709338
5.988000 -0.712483
5.989000 -0.715532
5.990000 -0.718483
5.991000 -0.721336
5.992000 -0.724091
5.993000 -0.726748
5.994000 -0.729307
5.995000 -0.731766
5.996000 -0.734126
5.997000 -0.736387
5.998000 -0.738548
5.999000 -0.740609
6.000000 -0.742569
6.001000 -0.744430
6.002000 -0.746190
6.003000 -0.747849
6.004000 -0.749407
6.005000 -0.750864
6.006000 -0.752220
6.007000 -0.753474
6.008000 -0.754628
6.009000 -0.755679
6.010000 -0.756629
6.011000 -0.757478
6.012000 -0.758225
6.013000 -0.758870
6.014000 -0.759413
6.015000 -0.759854
6.016000 -0.760194
6.017000 -0.760432
6.018000 -0.760569
6.019000 -0.760603
6.020000 -0.760537
6.021000 -0.760368
6.022000 -0.760099
6.023000 -0.759728
6.024000 -0.759256
6.025000 -0.758683
6.026000 -0.758009
6.027000 -0.757235
6.028000 -0.756360
6.029000 -0.755385
6.030000 -0.754310
6.031000 -0.753135
6.032000 -0.751861
6.033000 -0.750487
6.034000 -0.749014
6.035000 -0.747443
6.036000 -0.745773
6.037000 -0.744005
6.038000 -0.742139
6.039000 -0.740176
6.040000 -0.738116
6.041000 -0.735959
6.042000 -0.733706
6.043000 -0.731357
6.044000 -0.728912
6.045000 -0.726372
6.046000 -0.723738
6.047000 -0.721010
6.048000 -0.718188
6.049000 -0.715272
6.050000 -0.712265
6.051000 -0.709165
6.052000 -0.705973
6.053000 -0.702690
6.054000 -0.699317
6.055000 -0.695854
6.056000 -0.692301
6.057000 -0.688660
6.058000 -0.684930
6.059000 -0.681113
6.060000 -0.677209
6.061000 -0.673219
6.062000 -0.669143
6.063000 -0.664983
6.064000 -0.660738
6.065000 -0.656409
6.066000 -0.651998
6.067000 -0.647505
6.068000 -0.642930
6.069000 -0.638275
6.070000 -0.633540
6.071000 -0.628725
6.072000 -0.623833
6.073000 -0.618863
6.074000 -0.613817
6.075000 -0.608694
6.076000 -0.603497
6.077000 -0.598225
6.078000 -0.592881
6.079000 -0.587463
6.080000 -0.581975
6.081000 -0.576415
6.082000 -0.570786
6.083000 -0.565088
6.084000 -0.559322
6.085000 -0.553489
6.086000 -0.547590
6.087000 -0.541626
6.088000 -0.535598
6.089000 -0.529507
6.090000 -0.523353
6.091000 -0.517139
6.092000 -0.510864
6.093000 -0.504530
6.094000 -0.498138
6.095000 -0.491689
6.096000 -0.485184
6.097000 -0.478623
6.098000 -0.472009
6.099000 -0.465342
6.100000 -0.458623
6.101000 -0.451854
6.102000 -0.445034
6.103000 -0.438166
6.104000 -0.431251
6.105000 -0.424290
6.106000 -0.417283
6.107000 -0.410232
6.108000 -0.403138
6.109000 -0.396003
6.110000 -0.388826
6.111000 -0.381611
6.112000 -0.374357
6.113000 -0.367065
6.114000 -0.359738
6.115000 -0.352376
6.116000 -0.344981
6.117000 -0.337553
6.118000 -0.330093
6.119000 -0.322604
6.120000 -0.315086
6.121000 -0.307540
6.122000 -0.299968
6.123000 -0.292371
6.124000 -0.284750
6.125000 -0.277106
6.126000 -0.269441
6.127000 -0.261755
6.128000 -0.254051
6.129000 -0.246329
6.130000 -0.238590
6.131000 -0.230836
6.132000 -0.223068
6.133000 -0.215287
6.134000 -0.207495
6.135000 -0.199693
6.136000 -0.191881
6.137000 -0.184062
6.138000 -0.176237
6.139000 -0.168406
6.140000 -0.160572
6.141000 -0.152735
6.142000 -0.144897
6.143000 -0.137058
6.144000 -0.129221
6.145000 -0.121386
6.146000 -0.113555
6.147000 -0.105730
6.148000 -0.097910
6.149000 -0.090098
6.150000 -0.082295
6.151000 -0.074502
6.152000 -0.066721
6.153000 -0.058952
6.154000 -0.051197
6.155000 -0.043458
6.156000 -0.035734
6.157000 -0.028029
6.158000 -0.020343
6.159000 -0.012677
6.160000 -0.005032
6.161000 0.002590
6.162000 0.010187
6.163000 0.017760
6.164000 0.025305
6.165000 0.032824
6.166000 0.040313
6.167000 0.047771
6.168000 0.055199
6.169000 0.062593
6.170000 0.069954
6.171000 0.077280
6.172000 0.084569
6.173000 0.091821
6.174000 0.099034
6.175000 0.106207
6.176000 0.113338
6.177000 0.120428
6.178000 0.127474
6.179000 0.134475
6.180000 0.141430
6.181000 0.148339
6.182000 0.155199
6.183000 0.162010
6.184000 0.168771
6.185000 0.175480
6.186000 0.182136
6.187000 0.188738
6.188000 0.195286
6.189000 0.201777
6.190000 0.208212
6.191000 0.214588
6.192000 0.220905
6.193000 0.227161
6.194000 0.233357
6.195000 0.239489
6.196000 0.245559
6.197000 0.251563
6.198000 0.257503
6.199000 0.263375
6.200000 0.269181
6.201000 0.274917
6.202000 0.280584
6.203000 0.286181
6.204000 0.291706
6.205000 0.297159
6.206000 0.302538
6.207000 0.307843
6.208000 0.313074
6.209000 0.318228
6.210000 0.323305
6.211000 0.328304
6.212000 0.333224
6.213000 0.338065
6.214000 0.342826
6.215000 0.347505
6.216000 0.352102
6.217000 0.356616
6.218000 0.361047
6.219000 0.365393
6.220000 0.369654
6.221000 0.373829
6.222000 0.377917
6.223000 0.381918
6.224000 0.385831
6.225000 0.389655
6.226000 0.393389
6.227000 0.397033
6.228000 0.400586
6.229000 0.404048
6.230000 0.407417
6.231000 0.410694
6.232000 0.413877
6.233000 0.416967
6.234000 0.419961
6.235000 0.422861
6.236000 0.425665
6.237000 0.428373
6.238000 0.430984
6.239000 0.433498
6.240000 0.435914
6.241000 0.438232
6.242000 0.440452
6.243000 0.442572
6.244000 0.444593
6.245000 0.446514
6.246000 0.448335
6.247000 0.450055
6.248000 0.451674
6.249000 0.453192
6.250000 0.454608
6.251000 0.455922
6.252000 0.457134
6.253000 0.458243
6.254000 0.459250
6.255000 0.460153
6.256000 0.460954
6.257000 0.461650
6.258000 0.462243
6.259000 0.462732
6.260000 0.463117
6.261000 0.463398
6.262000 0.463574
6.263000 0.463646
6.264000 0.463614
6.265000 0.463477
6.266000 0.463235
6.267000 0.462888
6.268000 0.462437
6.269000 0.461881
6.270000 0.461220
6.271000 0.460454
6.272000 0.459584
6.273000 0.458609
6.274000 0.457529
6.275000 0.456345
6.276000 0.455057
6.277000 0.453664
6.278000 0.452167
6.279000 0.450566
6.280000 0.448862
6.281000 0.447054
6.282000 0.445142
6.283000 0.443127
6.284000 0.441010
6.285000 0.438789
6.286000 0.436467
6.287000 0.434042
6.288000 0.431515
6.289000 0.428887
6.290000 0.426158
6.291000 0.423328
6.292000 0.420398
6.293000 0.417367
6.294000 0.414237
6.295000 0.411008
6.296000 0.407681
6.297000 0.404254
6.298000 0.400731
6.299000 0.397110
6.300000 0.393392
6.301000 0.389578
6.302000 0.385668
6.303000 0.381663
6.304000 0.377563
6.305000 0.373369
6.306000 0.369082
6.307000 0.364703
6.308000 0.360231
6.309000 0.355667
6.310000 0.351013
6.311000 0.346269
6.312000 0.341435
6.313000 0.336512
6.314000 0.331502
6.315000 0.326404
6.316000 0.321220
6.317000 0.315950
6.318000 0.310595
6.319000 0.305156
6.320000 0.299633
6.321000 0.294028
6.322000 0.288342
6.323000 0.282574
6.324000 0.276727
6.325000 0.270800
6.326000 0.264796
6.327000 0.258714
6.328000 0.252556
6.329000 0.246323
6.330000 0.240015
6.331000 0.233634
6.332000 0.227180
6.333000 0.220655
6.334000 0.214060
6.335000 0.207395
6.336000 0.200661
6.337000 0.193861
6.338000 0.186993
6.339000 0.180061
6.340000 0.173065
6.341000 0.166005
6.342000 0.158884
6.343000 0.151701
6.344000 0.144459
6.345000 0.137158
6.346000 0.129800
6.347000 0.122386
6.348000 0.114916
6.349000 0.107392
6.350000 0.099816
6.351000 0.092188
6.352000 0.084509
6.353000 0.076782
6.354000 0.069006
6.355000 0.061184
6.356000 0.053316
6.357000 0.045405
6.358000 0.037450
6.359000 0.029453
6.360000 0.021416
6.361000 0.013340
6.362000 0.005226
6.363000 -0.002924
6.364000 -0.011110
6.365000 -0.019330
6.366000 -0.027582
6.367000 -0.035866
6.368000 -0.044179
6.369000 -0.052522
6.370000 -0.060891
6.371000 -0.069286
6.372000 -0.077706
6.373000 -0.086149
6.374000 -0.094614
6.375000 -0.103100
6.376000 -0.111604
6.377000 -0.120126
6.378000 -0.128665
6.379000 -0.137218
6.380000 -0.145785
6.381000 -0.154365
6.382000 -0.162955
6.383000 -0.171554
6.384000 -0.180161
6.385000 -0.188775
6.386000 -0.197394
6.387000 -0.206016
6.388000 -0.214641
6.389000 -0.223267
6.390000 -0.231892
6.391000 -0.240515
6.392000 -0.249135
6.393000 -0.257750
6.394000 -0.266358
6.395000 -0.274959
6.396000 -0.283551
6.397000 -0.292133
6.398000 -0.300702
6.399000 -0.309259
6.400000 -0.317800
6.401000 -0.326325
6.402000 -0.334833
6.403000 -0.343321
6.404000 -0.351790
6.405000 -0.360236
6.406000 -0.368659
6.407000 -0.377057
6.408000 -0.385429
6.409000 -0.393774
6.410000 -0.402090
6.411000 -0.410375
6.412000 -0.418629
6.413000 -0.426850
6.414000 -0.435036
6.415000 -0.443187
6.416000 -0.451300
6.417000 -0.459374
6.418000 -0.467409
6.419000 -0.475402
6.420000 -0.483353
6.421000 -0.491260
6.422000 -0.499121
6.423000 -0.506935
6.424000 -0.514702
6.425000 -0.522419
6.426000 -0.530085
6.427000 -0.537699
6.428000 -0.545260
6.429000 -0.552766
6.430000 -0.560217
6.431000 -0.567610
6.432000 -0.574945
6.433000 -0.582220
6.434000 -0.589434
6.435000 -0.596586
6.436000 -0.603674
6.437000 -0.610698
6.438000 -0.617655
6.439000 -0.624546
6.440000 -0.631368
6.441000 -0.638121
6.442000 -0.644803
6.443000 -0.651413
6.444000 -0.657950
6.445000 -0.664412
6.446000 -0.670800
6.447000 -0.677111
6.448000 -0.683344
6.449000 -0.689499
6.450000 -0.695574
6.451000 -0.701568
6.452000 -0.707480
6.453000 -0.713310
6.454000 -0.719055
6.455000 -0.724715
6.456000 -0.730289
6.457000 -0.735776
6.458000 -0.741175
6.459000 -0.746485
6.460000 -0.751705
6.461000 -0.756834
6.462000 -0.761872
6.463000 -0.766816
6.464000 -0.771667
6.465000 -0.776423
6.466000 -0.781084
6.467000 -0.785648
6.468000 -0.790115
6.469000 -0.794484
6.470000 -0.798755
6.471000 -0.802926
6.472000 -0.806996
6.473000 -0.810965
6.474000 -0.814833
6.475000 -0.818597
6.476000 -0.822259
6.477000 -0.825816
6.478000 -0.829268
6.479000 -0.832615
6.480000 -0.835856
6.481000 -0.838991
6.482000 -0.842018
6.483000 -0.844937
6.484000 -0.847747
6.485000 -0.850449
6.486000 -0.853041
6.487000 -0.855522
6.488000 -0.857893
6.489000 -0.860153
6.490000 -0.862301
6.491000 -0.864337
6.492000 -0.866260
6.493000 -0.868071
6.494000 -0.869768
6.495000 -0.871351
6.496000 -0.872821
6.497000 -0.874175
6.498000 -0.875415
6.499000 -0.876540
6.500000 -0.877549
6.501000 -0.878443
6.502000 -0.879221
6.503000 -0.879882
6.504000 -0.880427
6.505000 -0.880856
6.506000 -0.881167
6.507000 -0.881362
6.508000 -0.881440
6.509000 -0.881400
6.510000 -0.881243
6.511000 -0.880969
6.512000 -0.880577
6.513000 -0.880068
6.514000 -0.879442
6.515000 -0.878697
6.516000 -0.877836
6.517000 -0.876857
6.518000 -0.875760
6.519000 -0.874546
6.520000 -0.873215
6.521000 -0.871766
6.522000 -0.870201
6.523000 -0.868519
6.524000 -0.866720
6.525000 -0.864805
6.526000 -0.862773
6.527000 -0.860625
6.528000 -0.858362
6.529000 -0.855983
6.530000 -0.853489
6.531000 -0.850879
6.532000 -0.848156
6.533000 -0.845317
6.534000 -0.842366
6.535000 -0.839300
6.536000 -0.836122
6.537000 -0.832830
6.538000 -0.829427
6.539000 -0.825912
6.540000 -0.822285
6.541000 -0.818548
6.542000 -0.814700
6.543000 -0.810743
6.544000 -0.806677
6.545000 -0.802502
6.546000 -0.798219
6.547000 -0.793828
6.548000 -0.789331
6.549000 -0.784728
6.550000 -0.780019
6.551000 -0.775206
6.552000 -0.770288
6.553000 -0.765267
6.554000 -0.760144
6.555000 -0.754918
6.556000 -0.749592
6.557000 -0.744166
6.558000 -0.738640
6.559000 -0.733015
6.560000 -0.727292
6.561000 -0.721473
6.562000 -0.715558
6.563000 -0.709547
6.564000 -0.703442
6.565000 -0.697244
6.566000 -0.690954
6.567000 -0.684572
6.568000 -0.678100
6.569000 -0.671538
6.570000 -0.664888
6.571000 -0.658151
6.572000 -0.651327
6.573000 -0.644418
6.574000 -0.637424
6.575000 -0.630348
6.576000 -0.623189
6.577000 -0.615950
6.578000 -0.608630
6.579000 -0.601232
6.580000 -0.593757
6.581000 -0.586205
6.582000 -0.578578
6.583000 -0.570877
6.584000 -0.563103
6.585000 -0.555258
6.586000 -0.547343
6.587000 -0.539358
6.588000 -0.531306
6.589000 -0.523187
6.590000 -0.515003
6.591000 -0.506755
6.592000 -0.498444
6.593000 -0.490073
6.594000 -0.481641
6.595000 -0.473150
6.596000 -0.464603
6.597000 -0.455999
6.598000 -0.447341
6.599000 -0.438630
6.600000 -0.429866
6.601000 -0.421053
6.602000 -0.412191
6.603000 -0.403281
6.604000 -0.394325
6.605000 -0.385325
6.606000 -0.376281
6.607000 -0.367195
6.608000 -0.358070
6.609000 -0.348905
6.610000 -0.339703
6.611000 -0.330466
6.612000 -0.321194
6.613000 -0.311889
6.614000 -0.302553
6.615000 -0.293187
6.616000 -0.283792
6.617000 -0.274371
6.618000 -0.264925
6.619000 -0.255455
6.620000 -0.245962
6.621000 -0.236449
6.622000 -0.226917
6.623000 -0.217368
6.624000 -0.207802
6.625000 -0.198222
6.626000 -0.188630
6.627000 -0.179026
6.628000 -0.169412
6.629000 -0.159790
6.630000 -0.150161
6.631000 -0.140528
6.632000 -0.130891
6.633000 -0.121252
6.634000 -0.111613
6.635000 -0.101975
6.636000 -0.092340
6.637000 -0.082709
6.638000 -0.073085
6.639000 -0.063468
6.640000 -0.053861
6.641000 -0.044264
6.642000 -0.034679
6.643000 -0.025109
6.644000 -0.015553
6.645000 -0.006015
6.646000 0.003504
6.647000 0.013003
6.648000 0.022480
6.649000 0.031934
6.650000 0.041364
6.651000 0.050766
6.652000 0.060141
6.653000 0.069486
6.654000 0.078800
6.655000 0.088082
6.656000 0.097329
6.657000 0.106541
6.658000 0.115715
6.659000 0.124851
6.660000 0.133947
6.661000 0.143000
6.662000 0.152011
6.663000 0.160977
6.664000 0.169897
6.665000 0.178769
6.666000 0.187592
6.667000 0.196364
6.668000 0.205085
6.669000 0.213751
6.670000 0.222363
6.671000 0.230919
6.672000 0.239417
6.673000 0.247856
6.674000 0.256234
6.675000 0.264551
6.676000 0.272804
6.677000 0.280992
6.678000 0.289115
6.679000 0.297170
6.680000 0.305156
6.681000 0.313073
6.682000 0.320918
6.683000 0.328690
6.684000 0.336389
6.685000 0.344013
6.686000 0.351560
6.687000 0.359030
6.688000 0.366420
6.689000 0.373731
6.690000 0.380960
6.691000 0.388107
6.692000 0.395171
6.693000 0.402149
6.694000 0.409041
6.695000 0.415847
6.696000 0.422564
6.697000 0.429192
6.698000 0.435730
6.699000 0.442176
6.700000 0.448530
6.701000 0.454790
6.702000 0.460955
6.703000 0.467026
6.704000 0.472999
6.705000 0.478875
6.706000 0.484653
6.707000 0.490331
6.708000 0.495909
6.709000 0.501386
6.710000 0.506760
6.711000 0.512032
6.712000 0.517200
6.713000 0.522263
6.714000 0.527221
6.715000 0.532072
6.716000 0.536817
6.717000 0.541454
6.718000 0.545982
6.719000 0.550401
6.720000 0.554710
6.721000 0.558909
6.722000 0.562997
6.723000 0.566972
6.724000 0.570836
6.725000 0.574586
6.726000 0.578222
6.727000 0.581744
6.728000 0.585152
6.729000 0.588444
6.730000 0.591621
6.731000 0.594681
6.732000 0.597625
6.733000 0.600452
6.734000 0.603161
6.735000 0.605752
6.736000 0.608225
6.737000 0.610579
6.738000 0.612815
6.739000 0.614931
6.740000 0.616928
6.741000 0.618805
6.742000 0.620562
6.743000 0.622199
6.744000 0.623715
6.745000 0.625111
6.746000 0.626386
6.747000 0.627540
6.748000 0.628573
6.749000 0.629485
6.750000 0.630276
6.751000 0.630946
6.752000 0.631495
6.753000 0.631923
6.754000 0.632229
6.755000 0.632414
6.756000 0.632479
6.757000 0.632422
6.758000 0.632245
6.759000 0.631947
6.760000 0.631528
6.761000 0.630989
6.762000 0.630330
6.763000 0.629552
6.764000 0.628653
6.765000 0.627635
6.766000 0.626498
6.767000 0.625242
6.768000 0.623868
6.769000 0.622376
6.770000 0.620766
6.771000 0.619039
6.772000 0.617195
6.773000 0.615234
6.774000 0.613158
6.775000 0.610966
6.776000 0.608659
6.777000 0.606238
6.778000 0.603703
6.779000 0.601055
6.780000 0.598294
6.781000 0.595421
6.782000 0.592436
6.783000 0.589341
6.784000 0.586135
6.785000 0.582821
6.786000 0.579397
6.787000 0.575866
6.788000 0.572227
6.789000 0.568483
6.790000 0.564632
6.791000 0.560677
6.792000 0.556618
6.793000 0.552456
6.794000 0.548192
6.795000 0.543826
6.796000 0.539360
6.797000 0.534795
6.798000 0.530131
6.799000 0.525370
6.800000 0.520513
6.801000 0.515560
6.802000 0.510512
6.803000 0.505372
6.804000 0.500138
6.805000 0.494814
6.806000 0.489400
6.807000 0.483897
6.808000 0.478305
6.809000 0.472628
6.810000 0.466864
6.811000 0.461016
6.812000 0.455086
6.813000 0.449073
6.814000 0.442980
6.815000 0.436807
6.816000 0.430556
6.817000 0.424228
6.818000 0.417825
6.819000 0.411348
6.820000 0.404797
6.821000 0.398175
6.822000 0.391483
6.823000 0.384722
6.824000 0.377894
6.825000 0.370999
6.826000 0.364040
6.827000 0.357018
6.828000 0.349934
6.829000 0.342789
6.830000 0.335586
6.831000 0.328325
6.832000 0.321009
6.833000 0.313638
6.834000 0.306214
6.835000 0.298738
6.836000 0.291213
6.837000 0.283640
6.838000 0.276019
6.839000 0.268354
6.840000 0.260645
6.841000 0.252894
6.842000 0.245102
6.843000 0.237271
6.844000 0.229403
6.845000 0.221500
6.846000 0.213562
6.847000 0.205592
6.848000 0.197591
6.849000 0.189560
6.850000 0.181503
6.851000 0.173419
6.852000 0.165311
6.853000 0.157181
6.854000 0.149030
6.855000 0.140859
6.856000 0.132671
6.857000 0.124467
6.858000 0.116249
6.859000 0.108018
6.860000 0.099776
6.861000 0.091526
6.862000 0.083268
6.863000 0.075004
6.864000 0.066736
6.865000 0.058466
6.866000 0.050195
6.867000 0.041925
6.868000 0.033658
6.869000 0.025395
6.870000 0.017139
6.871000 0.008891
6.872000 0.000652
6.873000 -0.007576
6.874000 -0.015790
6.875000 -0.023990
6.876000 -0.032173
6.877000 -0.040339
6.878000 -0.048484
6.879000 -0.056608
6.880000 -0.064709
6.881000 -0.072785
6.882000 -0.080835
6.883000 -0.088856
6.884000 -0.096848
6.885000 -0.104807
6.886000 -0.112734
6.887000 -0.120626
6.888000 -0.128481
6.889000 -0.136298
6.890000 -0.144076
6.891000 -0.151812
6.892000 -0.159505
6.893000 -0.167153
6.894000 -0.174755
6.895000 -0.182309
6.896000 -0.189813
6.897000 -0.197267
6.898000 -0.204668
6.899000 -0.212015
6.900000 -0.219306
6.901000 -0.226539
6.902000 -0.233714
6.903000 -0.240829
6.904000 -0.247881
6.905000 -0.254871
6.906000 -0.261795
6.907000 -0.268653
6.908000 -0.275444
6.909000 -0.282165
6.910000 -0.288815
6.911000 -0.295393
6.912000 -0.301898
6.913000 -0.308328
6.914000 -0.314681
6.915000 -0.320957
6.916000 -0.327153
6.917000 -0.333270
6.918000 -0.339304
6.919000 -0.345255
6.920000 -0.351122
6.921000 -0.356904
6.922000 -0.362598
6.923000 -0.368204
6.924000 -0.373721
6.925000 -0.379147
6.926000 -0.384482
6.927000 -0.389723
6.928000 -0.394870
6.929000 -0.399922
6.930000 -0.404877
6.931000 -0.409735
6.932000 -0.414494
6.933000 -0.419153
6.934000 -0.423711
6.935000 -0.428168
6.936000 -0.432521
6.937000 -0.436771
6.938000 -0.440916
6.939000 -0.444955
6.940000 -0.448887
6.941000 -0.452712
6.942000 -0.456427
6.943000 -0.460034
6.944000 -0.463530
6.945000 -0.466915
6.946000 -0.470188
6.947000 -0.473348
6.948000 -0.476395
6.949000 -0.479327
6.950000 -0.482144
6.951000 -0.484845
6.952000 -0.487430
6.953000 -0.489898
6.954000 -0.492249
6.955000 -0.494480
6.956000 -0.496593
6.957000 -0.498587
6.958000 -0.500460
6.959000 -0.502213
6.960000 -0.503844
6.961000 -0.505354
6.962000 -0.506742
6.963000 -0.508008
6.964000 -0.509150
6.965000 -0.510169
6.966000 -0.511065
6.967000 -0.511837
6.968000 -0.512484
6.969000 -0.513007
6.970000 -0.513406
6.971000 -0.513679
6.972000 -0.513827
6.973000 -0.513849
6.974000 -0.513746
6.975000 -0.513517
6.976000 -0.513162
6.977000 -0.512681
6.978000 -0.512074
6.979000 -0.511341
6.980000 -0.510482
6.981000 -0.509497
6.982000 -0.508386
6.983000 -0.507149
6.984000 -0.505786
6.985000 -0.504298
6.986000 -0.502683
6.987000 -0.500944
6.988000 -0.499079
6.989000 -0.497088
6.990000 -0.494973
6.991000 -0.492734
6.992000 -0.490370
6.993000 -0.487882
6.994000 -0.485270
6.995000 -0.482535
6.996000 -0.479677
6.997000 -0.476697
6.998000 -0.473595
6.999000 -0.470371
7.000000 -0.467026
7.001000 -0.463560
7.002000 -0.459974
7.003000 -0.456269
7.004000 -0.452444
7.005000 -0.448501
7.006000 -0.444441
7.007000 -0.440264
7.008000 -0.435970
7.009000 -0.431560
7.010000 -0.427035
7.011000 -0.422397
7.012000 -0.417644
7.013000 -0.412779
7.014000 -0.407803
7.015000 -0.402715
7.016000 -0.397517
7.017000 -0.392210
7.018000 -0.386794
7.019000 -0.381271
7.020000 -0.375642
7.021000 -0.369907
7.022000 -0.364067
7.023000 -0.358124
7.024000 -0.352079
7.025000 -0.345932
7.026000 -0.339685
7.027000 -0.333339
7.028000 -0.326894
7.029000 -0.320353
7.030000 -0.313716
7.031000 -0.306984
7.032000 -0.300159
7.033000 -0.293242
7.034000 -0.286234
7.035000 -0.279136
7.036000 -0.271950
7.037000 -0.264677
7.038000 -0.257318
7.039000 -0.249874
7.040000 -0.242348
7.041000 -0.234739
7.042000 -0.227051
7.043000 -0.219284
7.044000 -0.211439
7.045000 -0.203518
7.046000 -0.195522
7.047000 -0.187453
7.048000 -0.179313
7.049000 -0.171103
7.050000 -0.162824
7.051000 -0.154478
7.052000 -0.146066
7.053000 -0.137591
7.054000 -0.129053
7.055000 -0.120454
7.056000 -0.111796
7.057000 -0.103081
7.058000 -0.094310
7.059000 -0.085484
7.060000 -0.076606
7.061000 -0.067677
7.062000 -0.058698
7.063000 -0.049672
7.064000 -0.040601
7.065000 -0.031485
7.066000 -0.022326
7.067000 -0.013127
7.068000 -0.003889
7.069000 0.005387
7.070000 0.014697
7.071000 0.024042
7.072000 0.033418
7.073000 0.042825
7.074000 0.052260
7.075000 0.061721
7.076000 0.071207
7.077000 0.080716
7.078000 0.090246
7.079000 0.099795
7.080000 0.109362
7.081000 0.118944
7.082000 0.128541
7.083000 0.138149
7.084000 0.147766
7.085000 0.157393
7.086000 0.167025
7.087000 0.176662
7.088000 0.186302
7.089000 0.195942
7.090000 0.205581
7.091000 0.215218
7.092000 0.224849
7.093000 0.234474
7.094000 0.244090
7.095000 0.253695
7.096000 0.263289
7.097000 0.272868
7.098000 0.282431
7.099000 0.291976
7.100000 0.301501
7.101000 0.311005
7.102000 0.320485
7.103000 0.329940
7.104000 0.339367
7.105000 0.348766
7.106000 0.358133
7.107000 0.367468
7.108000 0.376768
7.109000 0.386032
7.110000 0.395258
7.111000 0.404443
7.112000 0.413587
7.113000 0.422687
7.114000 0.431742
7.115000 0.440749
7.116000 0.449707
7.117000 0.458615
7.118000 0.467469
7.119000 0.476270
7.120000 0.485015
7.121000 0.493701
7.122000 0.502328
7.123000 0.510894
7.124000 0.519397
7.125000 0.527836
7.126000 0.536208
7.127000 0.544512
7.128000 0.552746
7.129000 0.560909
7.130000 0.569000
7.131000 0.577015
7.132000 0.584955
7.133000 0.592817
7.134000 0.600599
7.135000 0.608301
7.136000 0.615920
7.137000 0.623456
7.138000 0.630906
7.139000 0.638269
7.140000 0.645543
7.141000 0.652728
7.142000 0.659821
7.143000 0.666821
7.144000 0.673728
7.145000 0.680538
7.146000 0.687252
7.147000 0.693868
7.148000 0.700383
7.149000 0.706798
7.150000 0.713111
7.151000 0.719319
7.152000 0.725424
7.153000 0.731422
7.154000 0.737312
7.155000 0.743094
7.156000 0.748767
7.157000 0.754328
7.158000 0.759778
7.159000 0.765115
7.160000 0.770337
7.161000 0.775444
7.162000 0.780435
7.163000 0.785308
7.164000 0.790063
7.165000 0.794699
7.166000 0.799214
7.167000 0.803609
7.168000 0.807881
7.169000 0.812030
7.170000 0.816055
7.171000 0.819956
7.172000 0.823731
7.173000 0.827379
7.174000 0.830901
7.175000 0.834294
7.176000 0.837560
7.177000 0.840696
7.178000 0.843702
7.179000 0.846577
7.180000 0.849322
7.181000 0.851934
7.182000 0.854415
7.183000 0.856763
7.184000 0.858977
7.185000 0.861057
7.186000 0.863004
7.187000 0.864815
7.188000 0.866492
7.189000 0.868033
7.190000 0.869439
7.191000 0.870708
7.192000 0.871841
7.193000 0.872837
7.194000 0.873697
7.195000 0.874419
7.196000 0.875004
7.197000 0.875452
7.198000 0.875762
7.199000 0.875935
7.200000 0.875970
7.201000 0.875867
7.202000 0.875626
7.203000 0.875248
7.204000 0.874732
7.205000 0.874078
7.206000 0.873287
7.207000 0.872359
7.208000 0.871293
7.209000 0.870091
7.210000 0.868751
7.211000 0.867275
7.212000 0.865663
7.213000 0.863914
7.214000 0.862030
7.215000 0.860011
7.216000 0.857857
7.217000 0.855568
7.218000 0.853145
7.219000 0.850588
7.220000 0.847898
7.221000 0.845076
7.222000 0.842122
7.223000 0.839036
7.224000 0.835819
7.225000 0.832472
7.226000 0.828995
7.227000 0.825389
7.228000 0.821655
7.229000 0.817794
7.230000 0.813805
7.231000 0.809691
7.232000 0.805452
7.233000 0.801088
7.234000 0.796601
7.235000 0.791992
7.236000 0.787261
7.237000 0.782409
7.238000 0.777437
7.239000 0.772347
7.240000 0.767139
7.241000 0.761814
7.242000 0.756374
7.243000 0.750819
7.244000 0.745151
7.245000 0.739371
7.246000 0.733479
7.247000 0.727478
7.248000 0.721368
7.249000 0.715150
7.250000 0.708826
7.251000 0.702398
7.252000 0.695865
7.253000 0.689231
7.254000 0.682495
7.255000 0.675660
7.256000 0.668727
7.257000 0.661697
7.258000 0.654571
7.259000 0.647352
7.260000 0.640040
7.261000 0.632637
7.262000 0.625144
7.263000 0.617564
7.264000 0.609897
7.265000 0.602146
7.266000 0.594311
7.267000 0.586395
7.268000 0.578398
7.269000 0.570323
7.270000 0.562172
7.271000 0.553945
7.272000 0.545645
7.273000 0.537273
7.274000 0.528831
7.275000 0.520321
7.276000 0.511745
7.277000 0.503104
7.278000 0.494399
7.279000 0.485634
7.280000 0.476809
7.281000 0.467927
7.282000 0.458989
7.283000 0.449997
7.284000 0.440953
7.285000 0.431858
7.286000 0.422716
7.287000 0.413527
7.288000 0.404293
7.289000 0.395017
7.290000 0.385700
7.291000 0.376345
7.292000 0.366952
7.293000 0.357525
7.294000 0.348064
7.295000 0.338573
7.296000 0.329052
7.297000 0.319505
7.298000 0.309932
7.299000 0.300336
7.300000 0.290719
7.301000 0.281083
7.302000 0.271430
7.303000 0.261762
7.304000 0.252080
7.305000 0.242388
7.306000 0.232686
7.307000 0.222977
7.308000 0.213263
7.309000 0.203546
7.310000 0.193828
7.311000 0.184111
7.312000 0.174397
7.313000 0.164688
7.314000 0.154986
7.315000 0.145293
7.316000 0.135611
7.317000 0.125942
7.318000 0.116288
7.319000 0.106651
7.320000 0.097034
7.321000 0.087437
7.322000 0.077864
7.323000 0.068316
7.324000 0.058794
7.325000 0.049302
7.326000 0.039841
7.327000 0.030413
7.328000 0.021020
7.329000 0.011664
7.330000 0.002347
7.331000 -0.006929
7.332000 -0.016162
7.333000 -0.025351
7.334000 -0.034493
7.335000 -0.043587
7.336000 -0.052630
7.337000 -0.061620
7.338000 -0.070557
7.339000 -0.079437
7.340000 -0.088260
7.341000 -0.097023
7.342000 -0.105724
7.343000 -0.114361
7.344000 -0.122934
7.345000 -0.131439
7.346000 -0.139876
7.347000 -0.148242
7.348000 -0.156536
7.349000 -0.164755
7.350000 -0.172899
7.351000 -0.180965
7.352000 -0.188953
7.353000 -0.196859
7.354000 -0.204683
7.355000 -0.212423
7.356000 -0.220077
7.357000 -0.227644
7.358000 -0.235122
7.359000 -0.242510
7.360000 -0.249805
7.361000 -0.257007
7.362000 -0.264114
7.363000 -0.271124
7.364000 -0.278037
7.365000 -0.284850
7.366000 -0.291562
7.367000 -0.298172
7.368000 -0.304679
7.369000 -0.311080
7.370000 -0.317376
7.371000 -0.323563
7.372000 -0.329642
7.373000 -0.335611
7.374000 -0.341468
7.375000 -0.347213
7.376000 -0.352844
7.377000 -0.358360
7.378000 -0.363760
7.379000 -0.369043
7.380000 -0.374208
7.381000 -0.379253
7.382000 -0.384178
7.383000 -0.388982
7.384000 -0.393663
7.385000 -0.398221
7.386000 -0.402655
7.387000 -0.406963
7.388000 -0.411146
7.389000 -0.415202
7.390000 -0.419130
7.391000 -0.422929
7.392000 -0.426600
7.393000 -0.430140
7.394000 -0.433550
7.395000 -0.436828
7.396000 -0.439974
7.397000 -0.442988
7.398000 -0.445869
7.399000 -0.448615
7.400000 -0.451228
7.401000 -0.453705
7.402000 -0.456047
7.403000 -0.458254
7.404000 -0.460324
7.405000 -0.462258
7.406000 -0.464055
7.407000 -0.465715
7.408000 -0.467237
7.409000 -0.468622
7.410000 -0.469868
7.411000 -0.470977
7.412000 -0.471947
7.413000 -0.472778
7.414000 -0.473471
7.415000 -0.474025
7.416000 -0.474441
7.417000 -0.474718
7.418000 -0.474856
7.419000 -0.474855
7.420000 -0.474716
7.421000 -0.474438
7.422000 -0.474022
7.423000 -0.473468
7.424000 -0.472775
7.425000 -0.471945
7.426000 -0.470978
7.427000 -0.469873
7.428000 -0.468632
7.429000 -0.467254
7.430000 -0.465739
7.431000 -0.464090
7.432000 -0.462305
7.433000 -0.460385
7.434000 -0.458331
7.435000 -0.456143
7.436000 -0.453822
7.437000 -0.451368
7.438000 -0.448783
7.439000 -0.446066
7.440000 -0.443219
7.441000 -0.440242
7.442000 -0.437135
7.443000 -0.433901
7.444000 -0.430539
7.445000 -0.427050
7.446000 -0.423436
7.447000 -0.419696
7.448000 -0.415833
7.449000 -0.411847
7.450000 -0.407738
7.451000 -0.403509
7.452000 -0.399159
7.453000 -0.394691
7.454000 -0.390105
7.455000 -0.385402
7.456000 -0.380583
7.457000 -0.375650
7.458000 -0.370604
7.459000 -0.365446
7.460000 -0.360177
7.461000 -0.354799
7.462000 -0.349312
7.463000 -0.343719
7.464000 -0.338021
7.465000 -0.332218
7.466000 -0.326312
7.467000 -0.320306
7.468000 -0.314199
7.469000 -0.307994
7.470000 -0.301693
7.471000 -0.295296
7.472000 -0.288805
7.473000 -0.282222
7.474000 -0.275549
7.475000 -0.268786
7.476000 -0.261936
7.477000 -0.255001
7.478000 -0.247981
7.479000 -0.240879
7.480000 -0.233696
7.481000 -0.226434
7.482000 -0.219095
7.483000 -0.211681
7.484000 -0.204193
7.485000 -0.196633
7.486000 -0.189004
7.487000 -0.181306
7.488000 -0.173541
7.489000 -0.165713
7.490000 -0.157821
7.491000 -0.149870
7.492000 -0.141859
7.493000 -0.133791
7.494000 -0.125669
7.495000 -0.117494
7.496000 -0.109268
7.497000 -0.100992
7.498000 -0.092670
7.499000 -0.084303
7.500000 -0.075893
7.501000 -0.067442
7.502000 -0.058953
7.503000 -0.050426
7.504000 -0.041865
7.505000 -0.033271
7.506000 -0.024647
7.507000 -0.015994
7.508000 -0.007314
7.509000 0.001389
7.510000 0.010115
7.511000 0.018861
7.512000 0.027625
7.513000 0.036405
7.514000 0.045198
7.515000 0.054003
7.516000 0.062817
7.517000 0.071639
7.518000 0.080465
7.519000 0.089295
7.520000 0.098125
7.521000 0.106954
7.522000 0.115779
7.523000 0.124599
7.524000 0.133411
7.525000 0.142213
7.526000 0.151003
7.527000 0.159778
7.528000 0.168537
7.529000 0.177278
7.530000 0.185997
7.531000 0.194694
7.532000 0.203366
7.533000 0.212010
7.534000 0.220626
7.535000 0.229209
7.536000 0.237760
7.537000 0.246274
7.538000 0.254751
7.539000 0.263188
7.540000 0.271583
7.541000 0.279934
7.542000 0.288238
7.543000 0.296495
7.544000 0.304701
7.545000 0.312855
7.546000 0.320954
7.547000 0.328998
7.548000 0.336982
7.549000 0.344907
7.550000 0.352769
7.551000 0.360566
7.552000 0.368298
7.553000 0.375961
7.554000 0.383554
7.555000 0.391074
7.556000 0.398521
7.557000 0.405892
7.558000 0.413185
7.559000 0.420398
7.560000 0.427530
7.561000 0.434578
7.562000 0.441542
7.563000 0.448418
7.564000 0.455206
7.565000 0.461903
7.566000 0.468509
7.567000 0.475020
7.568000 0.481436
7.569000 0.487755
7.570000 0.493974
7.571000 0.500094
7.572000 0.506111
7.573000 0.512024
7.574000 0.517833
7.575000 0.523534
7.576000 0.529127
7.577000 0.534611
7.578000 0.539983
7.579000 0.545243
7.580000 0.550388
7.581000 0.555419
7.582000 0.560332
7.583000 0.565127
7.584000 0.569803
7.585000 0.574358
7.586000 0.578791
7.587000 0.583100
7.588000 0.587285
7.589000 0.591345
7.590000 0.595278
7.591000 0.599083
7.592000 0.602759
7.593000 0.606305
7.594000 0.609720
7.595000 0.613003
7.596000 0.616153
7.597000 0.619169
7.598000 0.622051
7.599000 0.624796
7.600000 0.627405
7.601000 0.629876
7.602000 0.632210
7.603000 0.634404
7.604000 0.636459
7.605000 0.638373
7.606000 0.640146
7.607000 0.641778
7.608000 0.643267
7.609000 0.644614
7.610000 0.645817
7.611000 0.646877
7.612000 0.647792
7.613000 0.648562
7.614000 0.649188
7.615000 0.649668
7.616000 0.650002
7.617000 0.650190
7.618000 0.650231
7.619000 0.650126
7.620000 0.649875
7.621000 0.649476
7.622000 0.648930
7.623000 0.648237
7.624000 0.647397
7.625000 0.646410
7.626000 0.645275
7.627000 0.643993
7.628000 0.642564
7.629000 0.640989
7.630000 0.639266
7.631000 0.637396
7.632000 0.635381
7.633000 0.633218
7.634000 0.630910
7.635000 0.628457
7.636000 0.625858
7.637000 0.623114
7.638000 0.620226
7.639000 0.617194
7.640000 0.614018
7.641000 0.610700
7.642000 0.607239
7.643000 0.603636
7.644000 0.599892
7.645000 0.596007
7.646000 0.591983
7.647000 0.587819
7.648000 0.583517
7.649000 0.579078
7.650000 0.574501
7.651000 0.569789
7.652000 0.564942
7.653000 0.559960
7.654000 0.554846
7.655000 0.549599
7.656000 0.544221
7.657000 0.538713
7.658000 0.533076
7.659000 0.527311
7.660000 0.521419
7.661000 0.515402
7.662000 0.509260
7.663000 0.502995
7.664000 0.496608
7.665000 0.490100
7.666000 0.483473
7.667000 0.476728
7.668000 0.469866
7.669000 0.462889
7.670000 0.455799
7.671000 0.448596
7.672000 0.441282
7.673000 0.433858
7.674000 0.426327
7.675000 0.418690
7.676000 0.410948
7.677000 0.403103
7.678000 0.395157
7.679000 0.387111
7.680000 0.378967
7.681000 0.370727
7.682000 0.362392
7.683000 0.353964
7.684000 0.345445
7.685000 0.336837
7.686000 0.328142
7.687000 0.319361
7.688000 0.310496
7.689000 0.301550
7.690000 0.292524
7.691000 0.283420
7.692000 0.274240
7.693000 0.264986
7.694000 0.255660
7.695000 0.246264
7.696000 0.236800
7.697000 0.227270
7.698000 0.217676
7.699000 0.208020
7.700000 0.198305
7.701000 0.188532
7.702000 0.178704
7.703000 0.168823
7.704000 0.158890
7.705000 0.148908
7.706000 0.138880
7.707000 0.128807
7.708000 0.118691
7.709000 0.108536
7.710000 0.098342
7.711000 0.088113
7.712000 0.077850
7.713000 0.067556
7.714000 0.057233
7.715000 0.046883
7.716000 0.036509
7.717000 0.026113
7.718000 0.015697
7.719000 0.005264
7.720000 -0.005185
7.721000 -0.015647
7.722000 -0.026119
7.723000 -0.036599
7.724000 -0.047086
7.725000 -0.057576
7.726000 -0.068067
7.727000 -0.078557
7.728000 -0.089044
7.729000 -0.099525
7.730000 -0.109999
7.731000 -0.120461
7.732000 -0.130911
7.733000 -0.141346
7.734000 -0.151764
7.735000 -0.162162
7.736000 -0.172538
7.737000 -0.182889
7.738000 -0.193214
7.739000 -0.203510
7.740000 -0.213775
7.741000 -0.224006
7.742000 -0.234201
7.743000 -0.244359
7.744000 -0.254476
7.745000 -0.264550
7.746000 -0.274579
7.747000 -0.284561
7.748000 -0.294494
7.749000 -0.304375
7.750000 -0.314202
7.751000 -0.323973
7.752000 -0.333686
7.753000 -0.343338
7.754000 -0.352928
7.755000 -0.362453
7.756000 -0.371911
7.757000 -0.381300
7.758000 -0.390618
7.759000 -0.399863
7.760000 -0.409032
7.761000 -0.418124
7.762000 -0.427136
7.763000 -0.436068
7.764000 -0.444915
7.765000 -0.453677
7.766000 -0.462352
7.767000 -0.470938
7.768000 -0.479432
7.769000 -0.487833
7.770000 -0.496138
7.771000 -0.504347
7.772000 -0.512457
7.773000 -0.520467
7.774000 -0.528374
7.775000 -0.536176
7.776000 -0.543873
7.777000 -0.551462
7.778000 -0.558942
7.779000 -0.566310
7.780000 -0.573566
7.781000 -0.580708
7.782000 -0.587733
7.783000 -0.594641
7.784000 -0.601430
7.785000 -0.608099
7.786000 -0.614645
7.787000 -0.621068
7.788000 -0.627366
7.789000 -0.633537
7.790000 -0.639581
7.791000 -0.645496
7.792000 -0.651280
7.793000 -0.656933
7.794000 -0.662452
7.795000 -0.667838
7.796000 -0.673088
7.797000 -0.678202
7.798000 -0.683178
7.799000 -0.688015
7.800000 -0.692713
7.801000 -0.697269
7.802000 -0.701684
7.803000 -0.705957
7.804000 -0.710085
7.805000 -0.714069
7.806000 -0.717908
7.807000 -0.721600
7.808000 -0.725145
7.809000 -0.728543
7.810000 -0.731792
7.811000 -0.734892
7.812000 -0.737842
7.813000 -0.740642
7.814000 -0.743290
7.815000 -0.745787
7.816000 -0.748132
7.817000 -0.750325
7.818000 -0.752364
7.819000 -0.754251
7.820000 -0.755983
7.821000 -0.757562
7.822000 -0.758986
7.823000 -0.760256
7.824000 -0.761371
7.825000 -0.762331
7.826000 -0.763136
7.827000 -0.763786
7.828000 -0.764281
7.829000 -0.764620
7.830000 -0.764805
7.831000 -0.764834
7.832000 -0.764708
7.833000 -0.764428
7.834000 -0.763992
7.835000 -0.763402
7.836000 -0.762658
7.837000 -0.761760
7.838000 -0.760708
7.839000 -0.759503
7.840000 -0.758145
7.841000 -0.756634
7.842000 -0.754972
7.843000 -0.753158
7.844000 -0.751193
7.845000 -0.749077
7.846000 -0.746812
7.847000 -0.744398
7.848000 -0.741835
7.849000 -0.739125
7.850000 -0.736267
7.851000 -0.733264
7.852000 -0.730115
7.853000 -0.726822
7.854000 -0.723385
7.855000 -0.719806
7.856000 -0.716085
7.857000 -0.712223
7.858000 -0.708222
7.859000 -0.704083
7.860000 -0.699806
7.861000 -0.695393
7.862000 -0.690845
7.863000 -0.686163
7.864000 -0.681349
7.865000 -0.676403
7.866000 -0.671328
7.867000 -0.666124
7.868000 -0.660792
7.869000 -0.655335
7.870000 -0.649754
7.871000 -0.644050
7.872000 -0.638224
7.873000 -0.632278
7.874000 -0.626214
7.875000 -0.620034
7.876000 -0.613738
7.877000 -0.607329
7.878000 -0.600809
7.879000 -0.594178
7.880000 -0.587439
7.881000 -0.580594
7.882000 -0.573644
7.883000 -0.566591
7.884000 -0.559436
7.885000 -0.552183
7.886000 -0.544833
7.887000 -0.537387
7.888000 -0.529847
7.889000 -0.522217
7.890000 -0.514496
7.891000 -0.506689
7.892000 -0.498796
7.893000 -0.490819
7.894000 -0.482761
7.895000 -0.474624
7.896000 -0.466410
7.897000 -0.458122
7.898000 -0.449760
7.899000 -0.441328
7.900000 -0.432827
7.901000 -0.424260
7.902000 -0.415629
7.903000 -0.406937
7.904000 -0.398185
7.905000 -0.389376
7.906000 -0.380512
7.907000 -0.371595
7.908000 -0.362629
7.909000 -0.353614
7.910000 -0.344554
7.911000 -0.335450
7.912000 -0.326306
7.913000 -0.317123
7.914000 -0.307905
7.915000 -0.298652
7.916000 -0.289369
7.917000 -0.280056
7.918000 -0.270717
7.919000 -0.261354
7.920000 -0.251970
7.921000 -0.242566
7.922000 -0.233146
7.923000 -0.223712
7.924000 -0.214266
7.925000 -0.204811
7.926000 -0.195349
7.927000 -0.185882
7.928000 -0.176414
7.929000 -0.166947
7.930000 -0.157482
7.931000 -0.148023
7.932000 -0.138572
7.933000 -0.129132
7.934000 -0.119705
7.935000 -0.110293
7.936000 -0.100899
7.937000 -0.091525
7.938000 -0.082174
7.939000 -0.072849
7.940000 -0.063551
7.941000 -0.054284
7.942000 -0.045049
7.943000 -0.035848
7.944000 -0.026686
7.945000 -0.017563
7.946000 -0.008482
7.947000 0.000553
7.948000 0.009542
7.949000 0.018482
7.950000 0.027370
7.951000 0.036204
7.952000 0.044981
7.953000 0.053700
7.954000 0.062358
7.955000 0.070953
7.956000 0.079482
7.957000 0.087943
7.958000 0.096335
7.959000 0.104654
7.960000 0.112898
7.961000 0.121067
7.962000 0.129156
7.963000 0.137164
7.964000 0.145090
7.965000 0.152930
7.966000 0.160683
7.967000 0.168347
7.968000 0.175919
7.969000 0.183398
7.970000 0.190782
7.971000 0.198068
7.972000 0.205256
7.973000 0.212342
7.974000 0.219325
7.975000 0.226203
7.976000 0.232975
7.977000 0.239638
7.978000 0.246190
7.979000 0.252631
7.980000 0.258957
7.981000 0.265169
7.982000 0.271263
7.983000 0.277238
7.984000 0.283092
7.985000 0.288825
7.986000 0.294434
7.987000 0.299918
7.988000 0.305276
7.989000 0.310505
7.990000 0.315605
7.991000 0.320574
7.992000 0.325411
7.993000 0.330115
7.994000 0.334683
7.995000 0.339116
7.996000 0.343411
7.997000 0.347568
7.998000 0.351586
7.999000 0.355462
8.000000 0.359197
8.001000 0.362789
8.002000 0.366237
8.003000 0.369541
8.004000 0.372698
8.005000 0.375709
8.006000 0.378573
8.007000 0.381288
8.008000 0.383855
8.009000 0.386271
8.010000 0.388537
8.011000 0.390652
8.012000 0.392616
8.013000 0.394426
8.014000 0.396085
8.015000 0.397589
8.016000 0.398940
8.017000 0.400137
8.018000 0.401179
8.019000 0.402066
8.020000 0.402797
8.021000 0.403373
8.022000 0.403794
8.023000 0.404058
8.024000 0.404167
8.025000 0.404119
8.026000 0.403915
8.027000 0.403555
8.028000 0.403039
8.029000 0.402366
8.030000 0.401538
8.031000 0.400553
8.032000 0.399413
8.033000 0.398118
8.034000 0.396667
8.035000 0.395061
8.036000 0.393301
8.037000 0.391387
8.038000 0.389319
8.039000 0.387098
8.040000 0.384724
8.041000 0.382198
8.042000 0.379521
8.043000 0.376692
8.044000 0.373714
8.045000 0.370586
8.046000 0.367309
8.047000 0.363884
8.048000 0.360312
8.049000 0.356594
8.050000 0.352731
8.051000 0.348723
8.052000 0.344572
8.053000 0.340278
8.054000 0.335844
8.055000 0.331269
8.056000 0.326555
8.057000 0.321703
8.058000 0.316715
8.059000 0.311591
8.060000 0.306334
8.061000 0.300943
8.062000 0.295421
8.063000 0.289770
8.064000 0.283989
8.065000 0.278082
8.066000 0.272049
8.067000 0.265892
8.068000 0.259613
8.069000 0.253213
8.070000 0.246694
8.071000 0.240057
8.072000 0.233304
8.073000 0.226438
8.074000 0.219459
8.075000 0.212369
8.076000 0.205171
8.077000 0.197866
8.078000 0.190456
8.079000 0.182943
8.080000 0.175329
8.081000 0.167616
8.082000 0.159806
8.083000 0.151901
8.084000 0.143903
8.085000 0.135814
8.086000 0.127636
8.087000 0.119371
8.088000 0.111022
8.089000 0.102591
8.090000 0.094079
8.091000 0.085490
8.092000 0.076825
8.093000 0.068086
8.094000 0.059277
8.095000 0.050398
8.096000 0.041454
8.097000 0.032445
8.098000 0.023374
8.099000 0.014244
8.100000 0.005057
8.101000 -0.004184
8.102000 -0.013478
8.103000 -0.022821
8.104000 -0.032211
8.105000 -0.041646
8.106000 -0.051123
8.107000 -0.060639
8.108000 -0.070193
8.109000 -0.079781
8.110000 -0.089402
8.111000 -0.099052
8.112000 -0.108728
8.113000 -0.118430
8.114000 -0.128152
8.115000 -0.137895
8.116000 -0.147653
8.117000 -0.157426
8.118000 -0.167210
8.119000 -0.177002
8.120000 -0.186801
8.121000 -0.196603
8.122000 -0.206406
8.123000 -0.216208
8.124000 -0.226005
8.125000 -0.235795
8.126000 -0.245575
8.127000 -0.255343
8.128000 -0.265096
8.129000 -0.274832
8.130000 -0.284547
8.131000 -0.294240
8.132000 -0.303907
8.133000 -0.313546
8.134000 -0.323154
8.135000 -0.332729
8.136000 -0.342269
8.137000 -0.351770
8.138000 -0.361230
8.139000 -0.370646
8.140000 -0.380017
8.141000 -0.389338
8.142000 -0.398609
8.143000 -0.407825
8.144000 -0.416986
8.145000 -0.426087
8.146000 -0.435128
8.147000 -0.444104
8.148000 -0.453015
8.149000 -0.461856
8.150000 -0.470627
8.151000 -0.479324
8.152000 -0.487946
8.153000 -0.496489
8.154000 -0.504951
8.155000 -0.513331
8.156000 -0.521625
8.157000 -0.529832
8.158000 -0.537949
8.159000 -0.545974
8.160000 -0.553905
8.161000 -0.561739
8.162000 -0.569475
8.163000 -0.577109
8.164000 -0.584641
8.165000 -0.592067
8.166000 -0.599387
8.167000 -0.606597
8.168000 -0.613696
8.169000 -0.620682
8.170000 -0.627552
8.171000 -0.634305
8.172000 -0.640940
8.173000 -0.647453
8.174000 -0.653844
8.175000 -0.660110
8.176000 -0.666249
8.177000 -0.672261
8.178000 -0.678142
8.179000 -0.683892
8.180000 -0.689509
8.181000 -0.694991
8.182000 -0.700337
8.183000 -0.705544
8.184000 -0.710613
8.185000 -0.715540
8.186000 -0.720325
8.187000 -0.724965
8.188000 -0.729461
8.189000 -0.733811
8.190000 -0.738012
8.191000 -0.742065
8.192000 -0.745967
8.193000 -0.749717
8.194000 -0.753316
8.195000 -0.756760
8.196000 -0.760050
8.197000 -0.763184
8.198000 -0.766161
8.199000 -0.768981
8.200000 -0.771642
8.201000 -0.774143
8.202000 -0.776485
8.203000 -0.778665
8.204000 -0.780684
8.205000 -0.782540
8.206000 -0.784233
8.207000 -0.785763
8.208000 -0.787128
8.209000 -0.788329
8.210000 -0.789365
8.211000 -0.790235
8.212000 -0.790939
8.213000 -0.791476
8.214000 -0.791847
8.215000 -0.792052
8.216000 -0.792089
8.217000 -0.791959
8.218000 -0.791661
8.219000 -0.791196
8.220000 -0.790564
8.221000 -0.789765
8.222000 -0.788798
8.223000 -0.787663
8.224000 -0.786362
8.225000 -0.784894
8.226000 -0.783259
8.227000 -0.781458
8.228000 -0.779491
8.229000 -0.777358
8.230000 -0.775060
8.231000 -0.772597
8.232000 -0.769970
8.233000 -0.767179
8.234000 -0.764225
8.235000 -0.761109
8.236000 -0.757831
8.237000 -0.754391
8.238000 -0.750792
8.239000 -0.747033
8.240000 -0.743116
8.241000 -0.739040
8.242000 -0.734808
8.243000 -0.730421
8.244000 -0.725878
8.245000 -0.721182
8.246000 -0.716333
8.247000 -0.711333
8.248000 -0.706183
8.249000 -0.700884
8.250000 -0.695437
8.251000 -0.689843
8.252000 -0.684105
8.253000 -0.678223
8.254000 -0.672199
8.255000 -0.666034
8.256000 -0.659730
8.257000 -0.653288
8.258000 -0.646710
8.259000 -0.639998
8.260000 -0.633153
8.261000 -0.626177
8.262000 -0.619072
8.263000 -0.611839
8.264000 -0.604480
8.265000 -0.596998
8.266000 -0.589393
8.267000 -0.581668
8.268000 -0.573825
8.269000 -0.565866
8.270000 -0.557793
8.271000 -0.549607
8.272000 -0.541312
8.273000 -0.532908
8.274000 -0.524399
8.275000 -0.515786
8.276000 -0.507071
8.277000 -0.498257
8.278000 -0.489346
8.279000 -0.480340
8.280000 -0.471242
8.281000 -0.462054
8.282000 -0.452778
8.283000 -0.443416
8.284000 -0.433971
8.285000 -0.424446
8.286000 -0.414843
8.287000 -0.405164
8.288000 -0.395412
8.289000 -0.385589
8.290000 -0.375698
8.291000 -0.365741
8.292000 -0.355721
8.293000 -0.345641
8.294000 -0.335503
8.295000 -0.325310
8.296000 -0.315064
8.297000 -0.304768
8.298000 -0.294425
8.299000 -0.284038
8.300000 -0.273608
8.301000 -0.263140
8.302000 -0.252634
8.303000 -0.242096
8.304000 -0.231526
8.305000 -0.220927
8.306000 -0.210304
8.307000 -0.199657
8.308000 -0.188991
8.309000 -0.178307
8.310000 -0.167610
8.311000 -0.156900
8.312000 -0.146182
8.313000 -0.135457
8.314000 -0.124729
8.315000 -0.114001
8.316000 -0.103276
8.317000 -0.092555
8.318000 -0.081843
8.319000 -0.071141
8.320000 -0.060453
8.321000 -0.049781
8.322000 -0.039128
8.323000 -0.028497
8.324000 -0.017891
8.325000 -0.007313
8.326000 0.003236
8.327000 0.013751
8.328000 0.024230
8.329000 0.034671
8.330000 0.045071
8.331000 0.055427
8.332000 0.065735
8.333000 0.075995
8.334000 0.086203
8.335000 0.096355
8.336000 0.106451
8.337000 0.116486
8.338000 0.126458
8.339000 0.136366
8.340000 0.146205
8.341000 0.155974
8.342000 0.165670
8.343000 0.175290
8.344000 0.184832
8.345000 0.194294
8.346000 0.203672
8.347000 0.212965
8.348000 0.222170
8.349000 0.231285
8.350000 0.240307
8.351000 0.249234
8.352000 0.258063
8.353000 0.266793
8.354000 0.275421
8.355000 0.283944
8.356000 0.292361
8.357000 0.300670
8.358000 0.308867
8.359000 0.316952
8.360000 0.324921
8.361000 0.332774
8.362000 0.340507
8.363000 0.348119
8.364000 0.355608
8.365000 0.362971
8.366000 0.370208
8.367000 0.377316
8.368000 0.384293
8.369000 0.391138
8.370000 0.397849
8.371000 0.404423
8.372000 0.410860
8.373000 0.417158
8.374000 0.423314
8.375000 0.429328
8.376000 0.435198
8.377000 0.440923
8.378000 0.446501
8.379000 0.451930
8.380000 0.457210
8.381000 0.462338
8.382000 0.467314
8.383000 0.472137
8.384000 0.476805
8.385000 0.481317
8.386000 0.485672
8.387000 0.489868
8.388000 0.493906
8.389000 0.497783
8.390000 0.501500
8.391000 0.505054
8.392000 0.508446
8.393000 0.511674
8.394000 0.514738
8.395000 0.517637
8.396000 0.520370
8.397000 0.522936
8.398000 0.525336
8.399000 0.527569
8.400000 0.529633
8.401000 0.531530
8.402000 0.533257
8.403000 0.534816
8.404000 0.536206
8.405000 0.537426
8.406000 0.538476
8.407000 0.539356
8.408000 0.540067
8.409000 0.540607
8.410000 0.540978
8.411000 0.541179
8.412000 0.541209
8.413000 0.541071
8.414000 0.540763
8.415000 0.540285
8.416000 0.539639
8.417000 0.538824
8.418000 0.537842
8.419000 0.536691
8.420000 0.535373
8.421000 0.533889
8.422000 0.532238
8.423000 0.530422
8.424000 0.528442
8.425000 0.526297
8.426000 0.523989
8.427000 0.521519
8.428000 0.518887
8.429000 0.516094
8.430000 0.513142
8.431000 0.510031
8.432000 0.506762
8.433000 0.503337
8.434000 0.499756
8.435000 0.496021
8.436000 0.492134
8.437000 0.488094
8.438000 0.483905
8.439000 0.479566
8.440000 0.475079
8.441000 0.470447
8.442000 0.465670
8.443000 0.460750
8.444000 0.455688
8.445000 0.450486
8.446000 0.445146
8.447000 0.439670
8.448000 0.434059
8.449000 0.428314
8.450000 0.422439
8.451000 0.416434
8.452000 0.410302
8.453000 0.404044
8.454000 0.397663
8.455000 0.391160
8.456000 0.384537
8.457000 0.377797
8.458000 0.370942
8.459000 0.363974
8.460000 0.356895
8.461000 0.349707
8.462000 0.342412
8.463000 0.335013
8.464000 0.327512
8.465000 0.319912
8.466000 0.312214
8.467000 0.304422
8.468000 0.296537
8.469000 0.288562
8.470000 0.280499
8.471000 0.272352
8.472000 0.264122
8.473000 0.255812
8.474000 0.247425
8.475000 0.238964
8.476000 0.230430
8.477000 0.221826
8.478000 0.213156
8.479000 0.204422
8.480000 0.195626
8.481000 0.186772
8.482000 0.177862
8.483000 0.168899
8.484000 0.159885
8.485000 0.150824
8.486000 0.141718
8.487000 0.132571
8.488000 0.123384
8.489000 0.114161
8.490000 0.104904
8.491000 0.095617
8.492000 0.086303
8.493000 0.076964
8.494000 0.067603
8.495000 0.058223
8.496000 0.048827
8.497000 0.039418
8.498000 0.029999
8.499000 0.020572
8.500000 0.011142
8.501000 0.001710
8.502000 -0.007720
8.503000 -0.017146
8.504000 -0.026564
8.505000 -0.035972
8.506000 -0.045366
8.507000 -0.054744
8.508000 -0.064103
8.509000 -0.073439
8.510000 -0.082751
8.511000 -0.092034
8.512000 -0.101287
8.513000 -0.110506
8.514000 -0.119688
8.515000 -0.128830
8.516000 -0.137930
8.517000 -0.146984
8.518000 -0.155991
8.519000 -0.164946
8.520000 -0.173847
8.521000 -0.182692
8.522000 -0.191477
8.523000 -0.200200
8.524000 -0.208859
8.525000 -0.217449
8.526000 -0.225969
8.527000 -0.234415
8.528000 -0.242786
8.529000 -0.251078
8.530000 -0.259289
8.531000 -0.267416
8.532000 -0.275457
8.533000 -0.283409
8.534000 -0.291269
8.535000 -0.299035
8.536000 -0.306705
8.537000 -0.314276
8.538000 -0.321745
8.539000 -0.329110
8.540000 -0.336369
8.541000 -0.343520
8.542000 -0.350559
8.543000 -0.357486
8.544000 -0.364296
8.545000 -0.370990
8.546000 -0.377563
8.547000 -0.384014
8.548000 -0.390341
8.549000 -0.396542
8.550000 -0.402614
8.551000 -0.408556
8.552000 -0.414366
8.553000 -0.420041
8.554000 -0.425580
8.555000 -0.430981
8.556000 -0.436243
8.557000 -0.441362
8.558000 -0.446339
8.559000 -0.451170
8.560000 -0.455855
8.561000 -0.460391
8.562000 -0.464777
8.563000 -0.469012
8.564000 -0.473094
8.565000 -0.477021
8.566000 -0.480793
8.567000 -0.484407
8.568000 -0.487864
8.569000 -0.491160
8.570000 -0.494296
8.571000 -0.497269
8.572000 -0.500079
8.573000 -0.502725
8.574000 -0.505206
8.575000 -0.507521
8.576000 -0.509668
8.577000 -0.511647
8.578000 -0.513458
8.579000 -0.515099
8.580000 -0.516569
8.581000 -0.517868
8.582000 -0.518996
8.583000 -0.519951
8.584000 -0.520734
8.585000 -0.521343
8.586000 -0.521779
8.587000 -0.522040
8.588000 -0.522128
8.589000 -0.522040
8.590000 -0.521778
8.591000 -0.521341
8.592000 -0.520728
8.593000 -0.519940
8.594000 -0.518977
8.595000 -0.517839
8.596000 -0.516526
8.597000 -0.515038
8.598000 -0.513375
8.599000 -0.511538
8.600000 -0.509527
8.601000 -0.507341
8.602000 -0.504983
8.603000 -0.502451
8.604000 -0.499747
8.605000 -0.496871
8.606000 -0.493824
8.607000 -0.490606
8.608000 -0.487218
8.609000 -0.483662
8.610000 -0.479937
8.611000 -0.476044
8.612000 -0.471985
8.613000 -0.467761
8.614000 -0.463371
8.615000 -0.458819
8.616000 -0.454104
8.617000 -0.449228
8.618000 -0.444192
8.619000 -0.438998
8.620000 -0.433646
8.621000 -0.428138
8.622000 -0.422475
8.623000 -0.416659
8.624000 -0.410692
8.625000 -0.404575
8.626000 -0.398309
8.627000 -0.391896
8.628000 -0.385338
8.629000 -0.378637
8.630000 -0.371794
8.631000 -0.364811
8.632000 -0.357690
8.633000 -0.350433
8.634000 -0.343042
8.635000 -0.335519
8.636000 -0.327866
8.637000 -0.320084
8.638000 -0.312177
8.639000 -0.304146
8.640000 -0.295993
8.641000 -0.287721
8.642000 -0.279331
8.643000 -0.270827
8.644000 -0.262210
8.645000 -0.253483
8.646000 -0.244649
8.647000 -0.235709
8.648000 -0.226666
8.649000 -0.217523
8.650000 -0.208282
8.651000 -0.198945
8.652000 -0.189516
8.653000 -0.179997
8.654000 -0.170391
8.655000 -0.160699
8.656000 -0.150926
8.657000 -0.141074
8.658000 -0.131145
8.659000 -0.121142
8.660000 -0.111068
8.661000 -0.100926
8.662000 -0.090719
8.663000 -0.080450
8.664000 -0.070121
8.665000 -0.059735
8.666000 -0.049296
8.667000 -0.038806
8.668000 -0.028268
8.669000 -0.017685
8.670000 -0.007061
8.671000 0.003602
8.672000 0.014301
8.673000 0.025032
8.674000 0.035793
8.675000 0.046581
8.676000 0.057392
8.677000 0.068224
8.678000 0.079073
8.679000 0.089936
8.680000 0.100810
8.681000 0.111693
8.682000 0.122580
8.683000 0.133469
8.684000 0.144357
8.685000 0.155240
8.686000 0.166116
8.687000 0.176981
8.688000 0.187832
8.689000 0.198667
8.690000 0.209481
8.691000 0.220273
8.692000 0.231038
8.693000 0.241773
8.694000 0.252477
8.695000 0.263145
8.696000 0.273774
8.697000 0.284362
8.698000 0.294905
8.699000 0.305400
8.700000 0.315844
8.701000 0.326235
8.702000 0.336569
8.703000 0.346843
8.704000 0.357055
8.705000 0.367201
8.706000 0.377278
8.707000 0.387283
8.708000 0.397215
8.709000 0.407068
8.710000 0.416842
8.711000 0.426533
8.712000 0.436138
8.713000 0.445654
8.714000 0.455079
8.715000 0.464410
8.716000 0.473644
8.717000 0.482778
8.718000 0.491811
8.719000 0.500739
8.720000 0.509559
8.721000 0.518270
8.722000 0.526868
8.723000 0.535351
8.724000 0.543716
8.725000 0.551962
8.726000 0.560086
8.727000 0.568085
8.728000 0.575957
8.729000 0.583701
8.730000 0.591312
8.731000 0.598790
8.732000 0.606132
8.733000 0.613337
8.734000 0.620401
8.735000 0.627323
8.736000 0.634101
8.737000 0.640733
8.738000 0.647217
8.739000 0.653551
8.740000 0.659733
8.741000 0.665762
8.742000 0.671636
8.743000 0.677353
8.744000 0.682911
8.745000 0.688309
8.746000 0.693545
8.747000 0.698619
8.748000 0.703527
8.749000 0.708269
8.750000 0.712844
8.751000 0.717250
8.752000 0.721486
8.753000 0.725551
8.754000 0.729443
8.755000 0.733162
8.756000 0.736706
8.757000 0.740074
8.758000 0.743266
8.759000 0.746281
8.760000 0.749117
8.761000 0.751774
8.762000 0.754252
8.763000 0.756549
8.764000 0.758665
8.765000 0.760599
8.766000 0.762351
8.767000 0.763920
8.768000 0.765306
8.769000 0.766509
8.770000 0.767528
8.771000 0.768363
8.772000 0.769014
8.773000 0.769481
8.774000 0.769763
8.775000 0.769861
8.776000 0.769775
8.777000 0.769504
8.778000 0.769050
8.779000 0.768411
8.780000 0.767589
8.781000 0.766583
8.782000 0.765395
8.783000 0.764024
8.784000 0.762471
8.785000 0.760737
8.786000 0.758822
8.787000 0.756726
8.788000 0.754451
8.789000 0.751998
8.790000 0.749366
8.791000 0.746558
8.792000 0.743573
8.793000 0.740413
8.794000 0.737079
8.795000 0.733572
8.796000 0.729893
8.797000 0.726044
8.798000 0.722025
8.799000 0.717838
8.800000 0.713484
8.801000 0.708964
8.802000 0.704281
8.803000 0.699436
8.804000 0.694429
8.805000 0.689263
8.806000 0.683940
8.807000 0.678461
8.808000 0.672828
8.809000 0.667042
8.810000 0.661106
8.811000 0.655021
8.812000 0.648790
8.813000 0.642413
8.814000 0.635895
8.815000 0.629235
8.816000 0.622437
8.817000 0.615503
8.818000 0.608435
8.819000 0.601235
8.820000 0.593906
8.821000 0.586449
8.822000 0.578867
8.823000 0.571163
8.824000 0.563339
8.825000 0.555397
8.826000 0.547341
8.827000 0.539172
8.828000 0.530893
8.829000 0.522507
8.830000 0.514016
8.831000 0.505423
8.832000 0.496732
8.833000 0.487944
8.834000 0.479062
8.835000 0.470089
8.836000 0.461029
8.837000 0.451883
8.838000 0.442656
8.839000 0.433349
8.840000 0.423966
8.841000 0.414509
8.842000 0.404983
8.843000 0.395389
8.844000 0.385730
8.845000 0.376011
8.846000 0.366233
8.847000 0.356401
8.848000 0.346516
8.849000 0.336583
8.850000 0.326605
8.851000 0.316584
8.852000 0.306523
8.853000 0.296427
8.854000 0.286298
8.855000 0.276139
8.856000 0.265954
8.857000 0.255746
8.858000 0.245517
8.859000 0.235273
8.860000 0.225015
8.861000 0.214746
8.862000 0.204471
8.863000 0.194192
8.864000 0.183913
8.865000 0.173637
8.866000 0.163367
8.867000 0.153107
8.868000 0.142859
8.869000 0.132628
8.870000 0.122416
8.871000 0.112226
8.872000 0.102062
8.873000 0.091927
8.874000 0.081824
8.875000 0.071757
8.876000 0.061729
8.877000 0.051742
8.878000 0.041801
8.879000 0.031907
8.880000 0.022066
8.881000 0.012278
8.882000 0.002549
8.883000 -0.007120
8.884000 -0.016725
8.885000 -0.026263
8.886000 -0.035731
8.887000 -0.045126
8.888000 -0.054445
8.889000 -0.063684
8.890000 -0.072842
8.891000 -0.081915
8.892000 -0.090900
8.893000 -0.099795
8.894000 -0.108596
8.895000 -0.117300
8.896000 -0.125906
8.897000 -0.134409
8.898000 -0.142808
8.899000 -0.151100
8.900000 -0.159281
8.901000 -0.167350
8.902000 -0.175304
8.903000 -0.183140
8.904000 -0.190856
8.905000 -0.198448
8.906000 -0.205916
8.907000 -0.213256
8.908000 -0.220466
8.909000 -0.227544
8.910000 -0.234487
8.911000 -0.241294
8.912000 -0.247961
8.913000 -0.254487
8.914000 -0.260870
8.915000 -0.267108
8.916000 -0.273198
8.917000 -0.279139
8.918000 -0.284929
8.919000 -0.290566
8.920000 -0.296048
8.921000 -0.301373
8.922000 -0.306540
8.923000 -0.311547
8.924000 -0.316392
8.925000 -0.321073
8.926000 -0.325590
8.927000 -0.329941
8.928000 -0.334124
8.929000 -0.338139
8.930000 -0.341982
8.931000 -0.345655
8.932000 -0.349154
8.933000 -0.352480
8.934000 -0.355631
8.935000 -0.358605
8.936000 -0.361403
8.937000 -0.364023
8.938000 -0.366464
8.939000 -0.368726
8.940000 -0.370807
8.941000 -0.372708
8.942000 -0.374426
8.943000 -0.375963
8.944000 -0.377317
8.945000 -0.378488
8.946000 -0.379476
8.947000 -0.380280
8.948000 -0.380900
8.949000 -0.381335
8.950000 -0.381586
8.951000 -0.381653
8.952000 -0.381535
8.953000 -0.381232
8.954000 -0.380745
8.955000 -0.380074
8.956000 -0.379219
8.957000 -0.378180
8.958000 -0.376958
8.959000 -0.375552
8.960000 -0.373964
8.961000 -0.372194
8.962000 -0.370242
8.963000 -0.368110
8.964000 -0.365797
8.965000 -0.363305
8.966000 -0.360634
8.967000 -0.357786
8.968000 -0.354760
8.969000 -0.351559
8.970000 -0.348183
8.971000 -0.344633
8.972000 -0.340911
8.973000 -0.337017
8.974000 -0.332953
8.975000 -0.328721
8.976000 -0.324321
8.977000 -0.319755
8.978000 -0.315025
8.979000 -0.310131
8.980000 -0.305077
8.981000 -0.299863
8.982000 -0.294491
8.983000 -0.288962
8.984000 -0.283279
8.985000 -0.277444
8.986000 -0.271458
8.987000 -0.265324
8.988000 -0.259043
8.989000 -0.252617
8.990000 -0.246049
8.991000 -0.239341
8.992000 -0.232494
8.993000 -0.225512
8.994000 -0.218396
8.995000 -0.211149
8.996000 -0.203773
8.997000 -0.196271
8.998000 -0.188645
8.999000 -0.180898
9.000000 -0.173031
9.001000 -0.165049
9.002000 -0.156953
9.003000 -0.148746
9.004000 -0.140430
9.005000 -0.132010
9.006000 -0.123487
9.007000 -0.114863
9.008000 -0.106143
9.009000 -0.097329
9.010000 -0.088424
9.011000 -0.079430
9.012000 -0.070351
9.013000 -0.061190
9.014000 -0.051950
9.015000 -0.042634
9.016000 -0.033245
9.017000 -0.023785
9.018000 -0.014260
9.019000 -0.004670
9.020000 0.004980
9.021000 0.014686
9.022000 0.024447
9.023000 0.034258
9.024000 0.044117
9.025000 0.054020
9.026000 0.063963
9.027000 0.073944
9.028000 0.083959
9.029000 0.094005
9.030000 0.104078
9.031000 0.114175
9.032000 0.124293
9.033000 0.134428
9.034000 0.144576
9.035000 0.154735
9.036000 0.164901
9.037000 0.175071
9.038000 0.185240
9.039000 0.195406
9.040000 0.205566
9.041000 0.215715
9.042000 0.225851
9.043000 0.235969
9.044000 0.246067
9.045000 0.256142
9.046000 0.266189
9.047000 0.276205
9.048000 0.286187
9.049000 0.296132
9.050000 0.306035
9.051000 0.315895
9.052000 0.325707
9.053000 0.335468
9.054000 0.345175
9.055000 0.354824
9.056000 0.364412
9.057000 0.373936
9.058000 0.383393
9.059000 0.392779
9.060000 0.402091
9.061000 0.411327
9.062000 0.420481
9.063000 0.429553
9.064000 0.438538
9.065000 0.447433
9.066000 0.456236
9.067000 0.464943
9.068000 0.473552
9.069000 0.482058
9.070000 0.490460
9.071000 0.498754
9.072000 0.506938
9.073000 0.515009
9.074000 0.522963
9.075000 0.530799
9.076000 0.538513
9.077000 0.546103
9.078000 0.553565
9.079000 0.560898
9.080000 0.568099
9.081000 0.575165
9.082000 0.582094
9.083000 0.588883
9.084000 0.595530
9.085000 0.602032
9.086000 0.608388
9.087000 0.614594
9.088000 0.620650
9.089000 0.626551
9.090000 0.632298
9.091000 0.637886
9.092000 0.643315
9.093000 0.648582
9.094000 0.653686
9.095000 0.658624
9.096000 0.663395
9.097000 0.667997
9.098000 0.672428
9.099000 0.676686
9.100000 0.680771
9.101000 0.684680
9.102000 0.688412
9.103000 0.691966
9.104000 0.695339
9.105000 0.698532
9.106000 0.701542
9.107000 0.704369
9.108000 0.707010
9.109000 0.709466
9.110000 0.711736
9.111000 0.713817
9.112000 0.715710
9.113000 0.717413
9.114000 0.718926
9.115000 0.720249
9.116000 0.721379
9.117000 0.722318
9.118000 0.723063
9.119000 0.723616
9.120000 0.723975
9.121000 0.724140
9.122000 0.724111
9.123000 0.723888
9.124000 0.723470
9.125000 0.722858
9.126000 0.722051
9.127000 0.721050
9.128000 0.719854
9.129000 0.718464
9.130000 0.716881
9.131000 0.715103
9.132000 0.713133
9.133000 0.710969
9.134000 0.708614
9.135000 0.706067
9.136000 0.703328
9.137000 0.700400
9.138000 0.697281
9.139000 0.693974
9.140000 0.690479
9.141000 0.686797
9.142000 0.682930
9.143000 0.678877
9.144000 0.674641
9.145000 0.670222
9.146000 0.665621
9.147000 0.660841
9.148000 0.655883
9.149000 0.650747
9.150000 0.645435
9.151000 0.639950
9.152000 0.634292
9.153000 0.628463
9.154000 0.622465
9.155000 0.616300
9.156000 0.609970
9.157000 0.603476
9.158000 0.596820
9.159000 0.590005
9.160000 0.583032
9.161000 0.575904
9.162000 0.568623
9.163000 0.561191
9.164000 0.553610
9.165000 0.545883
9.166000 0.538011
9.167000 0.529999
9.168000 0.521846
9.169000 0.513558
9.170000 0.505135
9.171000 0.496581
9.172000 0.487898
9.173000 0.479089
9.174000 0.470157
9.175000 0.461104
9.176000 0.451933
9.177000 0.442648
9.178000 0.433250
9.179000 0.423743
9.180000 0.414131
9.181000 0.404415
9.182000 0.394600
9.183000 0.384687
9.184000 0.374681
9.185000 0.364584
9.186000 0.354400
9.187000 0.344131
9.188000 0.333781
9.189000 0.323354
9.190000 0.312852
9.191000 0.302280
9.192000 0.291639
9.193000 0.280934
9.194000 0.270169
9.195000 0.259345
9.196000 0.248468
9.197000 0.237540
9.198000 0.226564
9.199000 0.215545
9.200000 0.204486
9.201000 0.193390
9.202000 0.182262
9.203000 0.171103
9.204000 0.159919
9.205000 0.148712
9.206000 0.137486
9.207000 0.126245
9.208000 0.114993
9.209000 0.103732
9.210000 0.092467
9.211000 0.081201
9.212000 0.069937
9.213000 0.058681
9.214000 0.047434
9.215000 0.036200
9.216000 0.024984
9.217000 0.013789
9.218000 0.002617
9.219000 -0.008526
9.220000 -0.019637
9.221000 -0.030714
9.222000 -0.041752
9.223000 -0.052748
9.224000 -0.063698
9.225000 -0.074599
9.226000 -0.085447
9.227000 -0.096239
9.228000 -0.106972
9.229000 -0.117641
9.230000 -0.128244
9.231000 -0.138777
9.232000 -0.149237
9.233000 -0.159619
9.234000 -0.169922
9.235000 -0.180142
9.236000 -0.190275
9.237000 -0.200319
9.238000 -0.210269
9.239000 -0.220123
9.240000 -0.229878
9.241000 -0.239530
9.242000 -0.249077
9.243000 -0.258515
9.244000 -0.267841
9.245000 -0.277053
9.246000 -0.286147
9.247000 -0.295121
9.248000 -0.303971
9.249000 -0.312695
9.250000 -0.321290
9.251000 -0.329754
9.252000 -0.338083
9.253000 -0.346275
9.254000 -0.354327
9.255000 -0.362238
9.256000 -0.370003
9.257000 -0.377622
9.258000 -0.385091
9.259000 -0.392408
9.260000 -0.399571
9.261000 -0.406577
9.262000 -0.413425
9.263000 -0.420112
9.264000 -0.426636
9.265000 -0.432995
9.266000 -0.439187
9.267000 -0.445210
9.268000 -0.451063
9.269000 -0.456743
9.270000 -0.462248
9.271000 -0.467578
9.272000 -0.472730
9.273000 -0.477704
9.274000 -0.482496
9.275000 -0.487106
9.276000 -0.491533
9.277000 -0.495775
9.278000 -0.499831
9.279000 -0.503700
9.280000 -0.507380
9.281000 -0.510870
9.282000 -0.514171
9.283000 -0.517280
9.284000 -0.520196
9.285000 -0.522920
9.286000 -0.525449
9.287000 -0.527785
9.288000 -0.529925
9.289000 -0.531869
9.290000 -0.533618
9.291000 -0.535170
9.292000 -0.536525
9.293000 -0.537683
9.294000 -0.538643
9.295000 -0.539406
9.296000 -0.539972
9.297000 -0.540341
9.298000 -0.540511
9.299000 -0.540485
9.300000 -0.540262
9.301000 -0.539842
9.302000 -0.539225
9.303000 -0.538412
9.304000 -0.537404
9.305000 -0.536201
9.306000 -0.534804
9.307000 -0.533213
9.308000 -0.531429
9.309000 -0.529453
9.310000 -0.527286
9.311000 -0.524929
9.312000 -0.522382
9.313000 -0.519648
9.314000 -0.516726
9.315000 -0.513619
9.316000 -0.510327
9.317000 -0.506852
9.318000 -0.503196
9.319000 -0.499359
9.320000 -0.495344
9.321000 -0.491152
9.322000 -0.486784
9.323000 -0.482243
9.324000 -0.477530
9.325000 -0.472647
9.326000 -0.467596
9.327000 -0.462378
9.328000 -0.456997
9.329000 -0.451454
9.330000 -0.445750
9.331000 -0.439890
9.332000 -0.433873
9.333000 -0.427704
9.334000 -0.421384
9.335000 -0.414915
9.336000 -0.408301
9.337000 -0.401544
9.338000 -0.394646
9.339000 -0.387609
9.340000 -0.380438
9.341000 -0.373133
9.342000 -0.365699
9.343000 -0.358137
9.344000 -0.350452
9.345000 -0.342645
9.346000 -0.334719
9.347000 -0.326678
9.348000 -0.318525
9.349000 -0.310263
9.350000 -0.301894
9.351000 -0.293422
9.352000 -0.284851
9.353000 -0.276183
9.354000 -0.267421
9.355000 -0.258570
9.356000 -0.249632
9.357000 -0.240610
9.358000 -0.231508
9.359000 -0.222330
9.360000 -0.213079
9.361000 -0.203758
9.362000 -0.194371
9.363000 -0.184922
9.364000 -0.175413
9.365000 -0.165849
9.366000 -0.156233
9.367000 -0.146569
9.368000 -0.136860
9.369000 -0.127110
9.370000 -0.117323
9.371000 -0.107502
9.372000 -0.097652
9.373000 -0.087774
9.374000 -0.077875
9.375000 -0.067956
9.376000 -0.058023
9.377000 -0.048078
9.378000 -0.038125
9.379000 -0.028169
9.380000 -0.018212
9.381000 -0.008259
9.382000 0.001686
9.383000 0.011621
9.384000 0.021540
9.385000 0.031441
9.386000 0.041320
9.387000 0.051172
9.388000 0.060995
9.389000 0.070784
9.390000 0.080536
9.391000 0.090247
9.392000 0.099914
9.393000 0.109532
9.394000 0.119099
9.395000 0.128609
9.396000 0.138061
9.397000 0.147450
9.398000 0.156772
9.399000 0.166025
9.400000 0.175205
9.401000 0.184307
9.402000 0.193329
9.403000 0.202267
9.404000 0.211118
9.405000 0.219879
9.406000 0.228545
9.407000 0.237114
9.408000 0.245582
9.409000 0.253947
9.410000 0.262204
9.411000 0.270352
9.412000 0.278385
9.413000 0.286302
9.414000 0.294100
9.415000 0.301775
9.416000 0.309324
9.417000 0.316745
9.418000 0.324034
9.419000 0.331189
9.420000 0.338207
9.421000 0.345084
9.422000 0.351820
9.423000 0.358410
9.424000 0.364852
9.425000 0.371143
9.426000 0.377282
9.427000 0.383266
9.428000 0.389091
9.429000 0.394757
9.430000 0.400260
9.431000 0.405598
9.432000 0.410770
9.433000 0.415773
9.434000 0.420605
9.435000 0.425264
9.436000 0.429748
9.437000 0.434055
9.438000 0.438184
9.439000 0.442132
9.440000 0.445899
9.441000 0.449482
9.442000 0.452880
9.443000 0.456091
9.444000 0.459114
9.445000 0.461948
9.446000 0.464592
9.447000 0.467043
9.448000 0.469301
9.449000 0.471366
9.450000 0.473235
9.451000 0.474908
9.452000 0.476385
9.453000 0.477663
9.454000 0.478744
9.455000 0.479625
9.456000 0.480306
9.457000 0.480788
9.458000 0.481068
9.459000 0.481148
9.460000 0.481027
9.461000 0.480704
9.462000 0.480180
9.463000 0.479453
9.464000 0.478525
9.465000 0.477396
9.466000 0.476065
9.467000 0.474532
9.468000 0.472799
9.469000 0.470865
9.470000 0.468730
9.471000 0.466396
9.472000 0.463863
9.473000 0.461132
9.474000 0.458202
9.475000 0.455076
9.476000 0.451753
9.477000 0.448235
9.478000 0.444523
9.479000 0.440618
9.480000 0.436521
9.481000 0.432234
9.482000 0.427757
9.483000 0.423091
9.484000 0.418239
9.485000 0.413202
9.486000 0.407981
9.487000 0.402578
9.488000 0.396995
9.489000 0.391234
9.490000 0.385295
9.491000 0.379182
9.492000 0.372896
9.493000 0.366439
9.494000 0.359813
9.495000 0.353021
9.496000 0.346064
9.497000 0.338945
9.498000 0.331666
9.499000 0.324230
9.500000 0.316639
9.501000 0.308895
9.502000 0.301001
9.503000 0.292960
9.504000 0.284774
9.505000 0.276447
9.506000 0.267980
9.507000 0.259377
9.508000 0.250640
9.509000 0.241773
9.510000 0.232778
9.511000 0.223658
9.512000 0.214418
9.513000 0.205058
9.514000 0.195584
9.515000 0.185998
9.516000 0.176302
9.517000 0.166502
9.518000 0.156599
9.519000 0.146598
9.520000 0.136501
9.521000 0.126312
9.522000 0.116035
9.523000 0.105673
9.524000 0.095230
9.525000 0.084708
9.526000 0.074113
9.527000 0.063447
9.528000 0.052714
9.529000 0.041918
9.530000 0.031063
9.531000 0.020152
9.532000 0.009188
9.533000 -0.001823
9.534000 -0.012879
9.535000 -0.023975
9.536000 -0.035108
9.537000 -0.046274
9.538000 -0.057469
9.539000 -0.068690
9.540000 -0.079931
9.541000 -0.091190
9.542000 -0.102462
9.543000 -0.113744
9.544000 -0.125031
9.545000 -0.136320
9.546000 -0.147607
9.547000 -0.158887
9.548000 -0.170158
9.549000 -0.181414
9.550000 -0.192652
9.551000 -0.203869
9.552000 -0.215060
9.553000 -0.226220
9.554000 -0.237348
9.555000 -0.248438
9.556000 -0.259486
9.557000 -0.270489
9.558000 -0.281443
9.559000 -0.292344
9.560000 -0.303188
9.561000 -0.313972
9.562000 -0.324691
9.563000 -0.335343
9.564000 -0.345922
9.565000 -0.356426
9.566000 -0.366850
9.567000 -0.377192
9.568000 -0.387447
9.569000 -0.397612
9.570000 -0.407683
9.571000 -0.417657
9.572000 -0.427531
9.573000 -0.437299
9.574000 -0.446961
9.575000 -0.456511
9.576000 -0.465947
9.577000 -0.475265
9.578000 -0.484462
9.579000 -0.493534
9.580000 -0.502480
9.581000 -0.511294
9.582000 -0.519975
9.583000 -0.528519
9.584000 -0.536923
9.585000 -0.545185
9.586000 -0.553301
9.587000 -0.561269
9.588000 -0.569085
9.589000 -0.576747
9.590000 -0.584252
9.591000 -0.591598
9.592000 -0.598782
9.593000 -0.605802
9.594000 -0.612654
9.595000 -0.619338
9.596000 -0.625849
9.597000 -0.632187
9.598000 -0.638348
9.599000 -0.644331
9.600000 -0.650134
9.601000 -0.655754
9.602000 -0.661189
9.603000 -0.666439
9.604000 -0.671500
9.605000 -0.676371
9.606000 -0.681050
9.607000 -0.685537
9.608000 -0.689828
9.609000 -0.693923
9.610000 -0.697821
9.611000 -0.701519
9.612000 -0.705018
9.613000 -0.708314
9.614000 -0.711408
9.615000 -0.714299
9.616000 -0.716984
9.617000 -0.719465
9.618000 -0.721738
9.619000 -0.723805
9.620000 -0.725664
9.621000 -0.727314
9.622000 -0.728756
9.623000 -0.729988
9.624000 -0.731011
9.625000 -0.731823
9.626000 -0.732425
9.627000 -0.732817
9.628000 -0.732999
9.629000 -0.732970
9.630000 -0.732730
9.631000 -0.732281
9.632000 -0.731622
9.633000 -0.730753
9.634000 -0.729674
9.635000 -0.728387
9.636000 -0.726892
9.637000 -0.725190
9.638000 -0.723280
9.639000 -0.721165
9.640000 -0.718844
9.641000 -0.716320
9.642000 -0.713591
9.643000 -0.710661
9.644000 -0.707530
9.645000 -0.704199
9.646000 -0.700670
9.647000 -0.696943
9.648000 -0.693021
9.649000 -0.688905
9.650000 -0.684597
9.651000 -0.680098
9.652000 -0.675409
9.653000 -0.670534
9.654000 -0.665473
9.655000 -0.660229
9.656000 -0.654803
9.657000 -0.649198
9.658000 -0.643416
9.659000 -0.637459
9.660000 -0.631329
9.661000 -0.625029
9.662000 -0.618562
9.663000 -0.611928
9.664000 -0.605132
9.665000 -0.598176
9.666000 -0.591062
9.667000 -0.583794
9.668000 -0.576373
9.669000 -0.568803
9.670000 -0.561087
9.671000 -0.553227
9.672000 -0.545227
9.673000 -0.537089
9.674000 -0.528817
9.675000 -0.520414
9.676000 -0.511883
9.677000 -0.503228
9.678000 -0.494451
9.679000 -0.485556
9.680000 -0.476546
9.681000 -0.467426
9.682000 -0.458197
9.683000 -0.448865
9.684000 -0.439431
9.685000 -0.429901
9.686000 -0.420277
9.687000 -0.410564
9.688000 -0.400764
9.689000 -0.390882
9.690000 -0.380922
9.691000 -0.370886
9.692000 -0.360780
9.693000 -0.350607
9.694000 -0.340371
9.695000 -0.330075
9.696000 -0.319724
9.697000 -0.309321
9.698000 -0.298871
9.699000 -0.288377
9.700000 -0.277844
9.701000 -0.267276
9.702000 -0.256675
9.703000 -0.246048
9.704000 -0.235397
9.705000 -0.224727
9.706000 -0.214042
9.707000 -0.203345
9.708000 -0.192642
9.709000 -0.181935
9.710000 -0.171230
9.711000 -0.160530
9.712000 -0.149839
9.713000 -0.139161
9.714000 -0.128501
9.715000 -0.117862
9.716000 -0.107249
9.717000 -0.096666
9.718000 -0.086116
9.719000 -0.075604
9.720000 -0.065134
9.721000 -0.054709
9.722000 -0.044334
9.723000 -0.034013
9.724000 -0.023750
9.725000 -0.013548
9.726000 -0.003411
9.727000 0.006656
9.728000 0.016649
9.729000 0.026566
9.730000 0.036402
9.731000 0.046154
9.732000 0.055816
9.733000 0.065387
9.734000 0.074862
9.735000 0.084238
9.736000 0.093511
9.737000 0.102677
9.738000 0.111734
9.739000 0.120676
9.740000 0.129502
9.741000 0.138207
9.742000 0.146789
9.743000 0.155244
9.744000 0.163568
9.745000 0.171759
9.746000 0.179813
9.747000 0.187728
9.748000 0.195500
9.749000 0.203126
9.750000 0.210603
9.751000 0.217929
9.752000 0.225101
9.753000 0.232115
9.754000 0.238969
9.755000 0.245661
9.756000 0.252188
9.757000 0.258547
9.758000 0.264736
9.759000 0.270753
9.760000 0.276595
9.761000 0.282259
9.762000 0.287745
9.763000 0.293049
9.764000 0.298170
9.765000 0.303105
9.766000 0.307853
9.767000 0.312412
9.768000 0.316780
9.769000 0.320955
9.770000 0.324936
9.771000 0.328721
9.772000 0.332309
9.773000 0.335698
9.774000 0.338887
9.775000 0.341875
9.776000 0.344661
9.777000 0.347243
9.778000 0.349620
9.779000 0.351793
9.780000 0.353758
9.781000 0.355517
9.782000 0.357068
9.783000 0.358411
9.784000 0.359545
9.785000 0.360469
9.786000 0.361184
9.787000 0.361689
9.788000 0.361983
9.789000 0.362067
9.790000 0.361941
9.791000 0.361604
9.792000 0.361058
9.793000 0.360301
9.794000 0.359334
9.795000 0.358158
9.796000 0.356774
9.797000 0.355180
9.798000 0.353379
9.799000 0.351371
9.800000 0.349157
9.801000 0.346737
9.802000 0.344112
9.803000 0.341284
9.804000 0.338253
9.805000 0.335022
9.806000 0.331590
9.807000 0.327959
9.808000 0.324131
9.809000 0.320107
9.810000 0.315889
9.811000 0.311479
9.812000 0.306877
9.813000 0.302086
9.814000 0.297108
9.815000 0.291945
9.816000 0.286598
9.817000 0.281071
9.818000 0.275364
9.819000 0.269480
9.820000 0.263421
9.821000 0.257191
9.822000 0.250790
9.823000 0.244222
9.824000 0.237490
9.825000 0.230595
9.826000 0.223541
9.827000 0.216331
9.828000 0.208966
9.829000 0.201451
9.830000 0.193787
9.831000 0.185979
9.832000 0.178028
9.833000 0.169939
9.834000 0.161714
9.835000 0.153357
9.836000 0.144871
9.837000 0.136258
9.838000 0.127524
9.839000 0.118670
9.840000 0.109701
9.841000 0.100620
9.842000 0.091430
9.843000 0.082136
9.844000 0.072741
9.845000 0.063248
9.846000 0.053661
9.847000 0.043985
9.848000 0.034222
9.849000 0.024378
9.850000 0.014455
9.851000 0.004457
9.852000 -0.005611
9.853000 -0.015745
9.854000 -0.025942
9.855000 -0.036197
9.856000 -0.046507
9.857000 -0.056867
9.858000 -0.067273
9.859000 -0.077721
9.860000 -0.088206
9.861000 -0.098726
9.862000 -0.109275
9.863000 -0.119850
9.864000 -0.130445
9.865000 -0.141058
9.866000 -0.151683
9.867000 -0.162316
9.868000 -0.172954
9.869000 -0.183592
9.870000 -0.194225
9.871000 -0.204850
9.872000 -0.215462
9.873000 -0.226057
9.874000 -0.236630
9.875000 -0.247179
9.876000 -0.257697
9.877000 -0.268181
9.878000 -0.278628
9.879000 -0.289032
9.880000 -0.299389
9.881000 -0.309695
9.882000 -0.319947
9.883000 -0.330140
9.884000 -0.340269
9.885000 -0.350332
9.886000 -0.360323
9.887000 -0.370238
9.888000 -0.380075
9.889000 -0.389828
9.890000 -0.399494
9.891000 -0.409068
9.892000 -0.418548
9.893000 -0.427929
9.894000 -0.437207
9.895000 -0.446378
9.896000 -0.455439
9.897000 -0.464386
9.898000 -0.473216
9.899000 -0.481924
9.900000 -0.490508
9.901000 -0.498963
9.902000 -0.507286
9.903000 -0.515475
9.904000 -0.523524
9.905000 -0.531432
9.906000 -0.539194
9.907000 -0.546809
9.908000 -0.554271
9.909000 -0.561579
9.910000 -0.568729
9.911000 -0.575719
9.912000 -0.582545
9.913000 -0.589205
9.914000 -0.595695
9.915000 -0.602014
9.916000 -0.608158
9.917000 -0.614124
9.918000 -0.619911
9.919000 -0.625516
9.920000 -0.630936
9.921000 -0.636169
9.922000 -0.641214
9.923000 -0.646066
9.924000 -0.650726
9.925000 -0.655190
9.926000 -0.659456
9.927000 -0.663524
9.928000 -0.667390
9.929000 -0.671053
9.930000 -0.674512
9.931000 -0.677766
9.932000 -0.680811
9.933000 -0.683648
9.934000 -0.686275
9.935000 -0.688690
9.936000 -0.690892
9.937000 -0.692881
9.938000 -0.694656
9.939000 -0.696215
9.940000 -0.697557
9.941000 -0.698682
9.942000 -0.699590
9.943000 -0.700279
9.944000 -0.700750
9.945000 -0.701001
9.946000 -0.701033
9.947000 -0.700845
9.948000 -0.700438
9.949000 -0.699810
9.950000 -0.698962
9.951000 -0.697895
9.952000 -0.696608
9.953000 -0.695102
9.954000 -0.693377
9.955000 -0.691434
9.956000 -0.689273
9.957000 -0.686894
9.958000 -0.684299
9.959000 -0.681488
9.960000 -0.678463
9.961000 -0.675224
9.962000 -0.671772
9.963000 -0.668108
9.964000 -0.664234
9.965000 -0.660151
9.966000 -0.655860
9.967000 -0.651363
9.968000 -0.646661
9.969000 -0.641757
9.970000 -0.636651
9.971000 -0.631346
9.972000 -0.625843
9.973000 -0.620144
9.974000 -0.614252
9.975000 -0.608169
9.976000 -0.601896
9.977000 -0.595436
9.978000 -0.588791
9.979000 -0.581965
9.980000 -0.574958
9.981000 -0.567774
9.982000 -0.560416
9.983000 -0.552886
9.984000 -0.545187
9.985000 -0.537321
9.986000 -0.529293
9.987000 -0.521103
9.988000 -0.512757
9.989000 -0.504256
9.990000 -0.495604
9.991000 -0.486804
9.992000 -0.477860
9.993000 -0.468774
9.994000 -0.459551
9.995000 -0.450193
9.996000 -0.440705
9.997000 -0.431089
9.998000 -0.421349
9.999000 -0.411489
10.000000 -0.401513
10.001000 -0.391424
10.002000 -0.381226
10.003000 -0.370924
10.004000 -0.360520
10.005000 -0.350020
10.006000 -0.339426
10.007000 -0.328743
10.008000 -0.317975
10.009000 -0.307126
10.010000 -0.296200
10.011000 -0.285201
10.012000 -0.274134
10.013000 -0.263002
10.014000 -0.251811
10.015000 -0.240563
10.016000 -0.229264
10.017000 -0.217917
10.018000 -0.206528
10.019000 -0.195099
10.020000 -0.183637
10.021000 -0.172145
10.022000 -0.160627
10.023000 -0.149088
10.024000 -0.137532
10.025000 -0.125964
10.026000 -0.114388
10.027000 -0.102809
10.028000 -0.091230
10.029000 -0.079657
10.030000 -0.068094
10.031000 -0.056545
10.032000 -0.045015
10.033000 -0.033507
10.034000 -0.022028
10.035000 -0.010580
10.036000 0.000832
10.037000 0.012203
10.038000 0.023529
10.039000 0.034806
10.040000 0.046029
10.041000 0.057194
10.042000 0.068297
10.043000 0.079333
10.044000 0.090299
10.045000 0.101190
10.046000 0.112002
10.047000 0.122731
10.048000 0.133372
10.049000 0.143922
10.050000 0.154377
10.051000 0.164732
10.052000 0.174984
10.053000 0.185128
10.054000 0.195162
10.055000 0.205080
10.056000 0.214880
10.057000 0.224557
10.058000 0.234108
10.059000 0.243529
10.060000 0.252817
10.061000 0.261968
10.062000 0.270978
10.063000 0.279844
10.064000 0.288564
10.065000 0.297132
10.066000 0.305547
10.067000 0.313805
10.068000 0.321902
10.069000 0.329837
10.070000 0.337605
10.071000 0.345205
10.072000 0.352632
10.073000 0.359885
10.074000 0.366960
10.075000 0.373855
10.076000 0.380567
10.077000 0.387094
10.078000 0.393434
10.079000 0.399583
10.080000 0.405540
10.081000 0.411303
10.082000 0.416869
10.083000 0.422237
10.084000 0.427404
10.085000 0.432369
10.086000 0.437129
10.087000 0.441683
10.088000 0.446030
10.089000 0.450168
10.090000 0.454095
10.091000 0.457810
10.092000 0.461312
10.093000 0.464599
10.094000 0.467671
10.095000 0.470526
10.096000 0.473164
10.097000 0.475583
10.098000 0.477783
10.099000 0.479763
10.100000 0.481523
10.101000 0.483062
10.102000 0.484379
10.103000 0.485475
10.104000 0.486349
10.105000 0.487001
10.106000 0.487432
10.107000 0.487640
10.108000 0.487626
10.109000 0.487391
10.110000 0.486934
10.111000 0.486257
10.112000 0.485359
10.113000 0.484242
10.114000 0.482905
10.115000 0.481351
10.116000 0.479579
10.117000 0.477590
10.118000 0.475386
10.119000 0.472968
10.120000 0.470336
10.121000 0.467493
10.122000 0.464440
10.123000 0.461178
10.124000 0.457708
10.125000 0.454033
10.126000 0.450154
10.127000 0.446073
10.128000 0.441792
10.129000 0.437312
10.130000 0.432637
10.131000 0.427768
10.132000 0.422707
10.133000 0.417456
10.134000 0.412019
10.135000 0.406397
10.136000 0.400594
10.137000 0.394611
10.138000 0.388451
10.139000 0.382118
10.140000 0.375614
10.141000 0.368941
10.142000 0.362104
10.143000 0.355104
10.144000 0.347946
10.145000 0.340632
10.146000 0.333166
10.147000 0.325550
10.148000 0.317789
10.149000 0.309886
10.150000 0.301844
10.151000 0.293666
10.152000 0.285358
10.153000 0.276921
10.154000 0.268360
10.155000 0.259679
10.156000 0.250881
10.157000 0.241971
10.158000 0.232952
10.159000 0.223829
10.160000 0.214604
10.161000 0.205283
10.162000 0.195870
10.163000 0.186368
10.164000 0.176782
10.165000 0.167117
10.166000 0.157375
10.167000 0.147563
10.168000 0.137683
10.169000 0.127740
10.170000 0.117739
10.171000 0.107685
10.172000 0.097581
10.173000 0.087432
10.174000 0.077242
10.175000 0.067016
10.176000 0.056759
10.177000 0.046475
10.178000 0.036168
10.179000 0.025844
10.180000 0.015506
10.181000 0.005159
10.182000 -0.005192
10.183000 -0.015543
10.184000 -0.025888
10.185000 -0.036225
10.186000 -0.046547
10.187000 -0.056850
10.188000 -0.067130
10.189000 -0.077383
10.190000 -0.087603
10.191000 -0.097787
10.192000 -0.107929
10.193000 -0.118025
10.194000 -0.128071
10.195000 -0.138062
10.196000 -0.147993
10.197000 -0.157861
10.198000 -0.167661
10.199000 -0.177389
10.200000 -0.187040
10.201000 -0.196609
10.202000 -0.206094
10.203000 -0.215488
10.204000 -0.224789
10.205000 -0.233992
10.206000 -0.243093
10.207000 -0.252087
10.208000 -0.260971
10.209000 -0.269741
10.210000 -0.278393
10.211000 -0.286922
10.212000 -0.295326
10.213000 -0.303599
10.214000 -0.311739
10.215000 -0.319742
10.216000 -0.327604
10.217000 -0.335322
10.218000 -0.342891
10.219000 -0.350309
10.220000 -0.357572
10.221000 -0.364676
10.222000 -0.371619
10.223000 -0.378398
10.224000 -0.385008
10.225000 -0.391448
10.226000 -0.397713
10.227000 -0.403802
10.228000 -0.409711
10.229000 -0.415437
10.230000 -0.420978
10.231000 -0.426331
10.232000 -0.431494
10.233000 -0.436464
10.234000 -0.441239
10.235000 -0.445816
10.236000 -0.450193
10.237000 -0.454368
10.238000 -0.458339
10.239000 -0.462104
10.240000 -0.465661
10.241000 -0.469009
10.242000 -0.472144
10.243000 -0.475067
10.244000 -0.477775
10.245000 -0.480268
10.246000 -0.482542
10.247000 -0.484598
10.248000 -0.486434
10.249000 -0.488049
10.250000 -0.489442
10.251000 -0.490613
10.252000 -0.491559
10.253000 -0.492281
10.254000 -0.492778
10.255000 -0.493050
10.256000 -0.493096
10.257000 -0.492915
10.258000 -0.492508
10.259000 -0.491874
10.260000 -0.491013
10.261000 -0.489926
10.262000 -0.488612
10.263000 -0.487072
10.264000 -0.485306
10.265000 -0.483315
10.266000 -0.481098
10.267000 -0.478657
10.268000 -0.475993
10.269000 -0.473105
10.270000 -0.469996
10.271000 -0.466666
10.272000 -0.463116
10.273000 -0.459347
10.274000 -0.455361
10.275000 -0.451159
10.276000 -0.446742
10.277000 -0.442112
10.278000 -0.437272
10.279000 -0.432221
10.280000 -0.426963
10.281000 -0.421499
10.282000 -0.415831
10.283000 -0.409961
10.284000 -0.403892
10.285000 -0.397626
10.286000 -0.391164
10.287000 -0.384511
10.288000 -0.377667
10.289000 -0.370636
10.290000 -0.363420
10.291000 -0.356022
10.292000 -0.348445
10.293000 -0.340692
10.294000 -0.332765
10.295000 -0.324669
10.296000 -0.316405
10.297000 -0.307978
10.298000 -0.299390
10.299000 -0.290646
10.300000 -0.281747
10.301000 -0.272698
10.302000 -0.263503
10.303000 -0.254164
10.304000 -0.244686
10.305000 -0.235072
10.306000 -0.225327
10.307000 -0.215454
10.308000 -0.205456
10.309000 -0.195338
10.310000 -0.185105
10.311000 -0.174759
10.312000 -0.164306
10.313000 -0.153748
10.314000 -0.143092
10.315000 -0.132340
10.316000 -0.121497
10.317000 -0.110567
10.318000 -0.099556
10.319000 -0.088466
10.320000 -0.077303
10.321000 -0.066072
10.322000 -0.054776
10.323000 -0.043420
10.324000 -0.032010
10.325000 -0.020548
10.326000 -0.009041
10.327000 0.002508
10.328000 0.014093
10.329000 0.025710
10.330000 0.037354
10.331000 0.049021
10.332000 0.060706
10.333000 0.072404
10.334000 0.084110
10.335000 0.095819
10.336000 0.107528
10.337000 0.119230
10.338000 0.130922
10.339000 0.142598
10.340000 0.154254
10.341000 0.165885
10.342000 0.177486
10.343000 0.189053
10.344000 0.200580
10.345000 0.212064
10.346000 0.223499
10.347000 0.234881
10.348000 0.246205
10.349000 0.257467
10.350000 0.268662
10.351000 0.279784
10.352000 0.290831
10.353000 0.301797
10.354000 0.312678
10.355000 0.323469
10.356000 0.334167
10.357000 0.344765
10.358000 0.355262
10.359000 0.365651
10.360000 0.375928
10.361000 0.386091
10.362000 0.396133
10.363000 0.406052
10.364000 0.415844
10.365000 0.425503
10.366000 0.435027
10.367000 0.444411
10.368000 0.453651
10.369000 0.462745
10.370000 0.471687
10.371000 0.480475
10.372000 0.489105
10.373000 0.497573
10.374000 0.505876
10.375000 0.514011
10.376000 0.521973
10.377000 0.529761
10.378000 0.537370
10.379000 0.544798
10.380000 0.552042
10.381000 0.559099
10.382000 0.565965
10.383000 0.572639
10.384000 0.579117
10.385000 0.585397
10.386000 0.591476
10.387000 0.597352
10.388000 0.603022
10.389000 0.608485
10.390000 0.613737
10.391000 0.618778
10.392000 0.623605
10.393000 0.628215
10.394000 0.632608
10.395000 0.636782
10.396000 0.640734
10.397000 0.644463
10.398000 0.647969
10.399000 0.651249
10.400000 0.654302
10.401000 0.657127
10.402000 0.659723
10.403000 0.662090
10.404000 0.664226
10.405000 0.666130
10.406000 0.667802
10.407000 0.669241
10.408000 0.670447
10.409000 0.671419
10.410000 0.672158
10.411000 0.672663
10.412000 0.672933
10.413000 0.672970
10.414000 0.672772
10.415000 0.672341
10.416000 0.671677
10.417000 0.670780
10.418000 0.669650
10.419000 0.668289
10.420000 0.666697
10.421000 0.664875
10.422000 0.662823
10.423000 0.660544
10.424000 0.658037
10.425000 0.655305
10.426000 0.652348
10.427000 0.649169
10.428000 0.645767
10.429000 0.642146
10.430000 0.638307
10.431000 0.634252
10.432000 0.629982
10.433000 0.625500
10.434000 0.620808
10.435000 0.615907
10.436000 0.610801
10.437000 0.605491
10.438000 0.599981
10.439000 0.594271
10.440000 0.588366
10.441000 0.582268
10.442000 0.575980
10.443000 0.569504
10.444000 0.562843
10.445000 0.556001
10.446000 0.548981
10.447000 0.541786
10.448000 0.534419
10.449000 0.526883
10.450000 0.519182
10.451000 0.511320
10.452000 0.503300
10.453000 0.495125
10.454000 0.486800
10.455000 0.478328
10.456000 0.469713
10.457000 0.460959
10.458000 0.452069
10.459000 0.443049
10.460000 0.433901
10.461000 0.424631
10.462000 0.415242
10.463000 0.405738
10.464000 0.396124
10.465000 0.386404
10.466000 0.376583
10.467000 0.366665
10.468000 0.356654
10.469000 0.346556
10.470000 0.336373
10.471000 0.326112
10.472000 0.315777
10.473000 0.305372
10.474000 0.294902
10.475000 0.284373
10.476000 0.273787
10.477000 0.263151
10.478000 0.252470
10.479000 0.241747
10.480000 0.230988
10.481000 0.220198
10.482000 0.209381
10.483000 0.198543
10.484000 0.187688
10.485000 0.176822
10.486000 0.165948
10.487000 0.155073
10.488000 0.144201
10.489000 0.133336
10.490000 0.122484
10.491000 0.111651
10.492000 0.100839
10.493000 0.090055
10.494000 0.079304
10.495000 0.068590
10.496000 0.057918
10.497000 0.047292
10.498000 0.036719
10.499000 0.026202
10.500000 0.015746
10.501000 0.005357
10.502000 -0.004962
10.503000 -0.015206
10.504000 -0.025369
10.505000 -0.035448
10.506000 -0.045438
10.507000 -0.055334
10.508000 -0.065131
10.509000 -0.074826
10.510000 -0.084414
10.511000 -0.093890
10.512000 -0.103250
10.513000 -0.112490
10.514000 -0.121607
10.515000 -0.130594
10.516000 -0.139449
10.517000 -0.148168
10.518000 -0.156746
10.519000 -0.165179
10.520000 -0.173464
10.521000 -0.181598
10.522000 -0.189575
10.523000 -0.197393
10.524000 -0.205047
10.525000 -0.212535
10.526000 -0.219854
10.527000 -0.226998
10.528000 -0.233966
10.529000 -0.240755
10.530000 -0.247360
10.531000 -0.253779
10.532000 -0.260009
10.533000 -0.266048
10.534000 -0.271891
10.535000 -0.277537
10.536000 -0.282984
10.537000 -0.288227
10.538000 -0.293266
10.539000 -0.298097
10.540000 -0.302719
10.541000 -0.307129
10.542000 -0.311326
10.543000 -0.315306
10.544000 -0.319069
10.545000 -0.322612
10.546000 -0.325934
10.547000 -0.329034
10.548000 -0.331909
10.549000 -0.334558
10.550000 -0.336981
10.551000 -0.339176
10.552000 -0.341142
10.553000 -0.342877
10.554000 -0.344381
10.555000 -0.345654
10.556000 -0.346694
10.557000 -0.347502
10.558000 -0.348076
10.559000 -0.348416
10.560000 -0.348522
10.561000 -0.348394
10.562000 -0.348031
10.563000 -0.347435
10.564000 -0.346604
10.565000 -0.345540
10.566000 -0.344243
10.567000 -0.342713
10.568000 -0.340950
10.569000 -0.338956
10.570000 -0.336732
10.571000 -0.334277
10.572000 -0.331594
10.573000 -0.328683
10.574000 -0.325546
10.575000 -0.322184
10.576000 -0.318598
10.577000 -0.314790
10.578000 -0.310761
10.579000 -0.306514
10.580000 -0.302049
10.581000 -0.297370
10.582000 -0.292478
10.583000 -0.287374
10.584000 -0.282062
10.585000 -0.276544
10.586000 -0.270822
10.587000 -0.264899
10.588000 -0.258776
10.589000 -0.252458
10.590000 -0.245946
10.591000 -0.239244
10.592000 -0.232354
10.593000 -0.225280
10.594000 -0.218024
10.595000 -0.210591
10.596000 -0.202982
10.597000 -0.195202
10.598000 -0.187254
10.599000 -0.179141
10.600000 -0.170868
10.601000 -0.162437
10.602000 -0.153853
10.603000 -0.145119
10.604000 -0.136239
10.605000 -0.127218
10.606000 -0.118059
10.607000 -0.108766
10.608000 -0.099344
10.609000 -0.089797
10.610000 -0.080128
10.611000 -0.070343
10.612000 -0.060446
10.613000 -0.050440
10.614000 -0.040332
10.615000 -0.030124
10.616000 -0.019823
10.617000 -0.009432
10.618000 0.001044
10.619000 0.011601
10.620000 0.022232
10.621000 0.032935
10.622000 0.043703
10.623000 0.054532
10.624000 0.065417
10.625000 0.076353
10.626000 0.087336
10.627000 0.098359
10.628000 0.109419
10.629000 0.120510
10.630000 0.131627
10.631000 0.142766
10.632000 0.153920
10.633000 0.165086
10.634000 0.176257
10.635000 0.187429
10.636000 0.198597
10.637000 0.209756
10.638000 0.220901
10.639000 0.232025
10.640000 0.243126
10.641000 0.254197
10.642000 0.265233
10.643000 0.276229
10.644000 0.287181
10.645000 0.298083
10.646000 0.308930
10.647000 0.319718
10.648000 0.330441
10.649000 0.341095
10.650000 0.351674
10.651000 0.362174
10.652000 0.372589
10.653000 0.382916
10.654000 0.393149
10.655000 0.403284
10.656000 0.413316
10.657000 0.423240
10.658000 0.433052
10.659000 0.442748
10.660000 0.452322
10.661000 0.461770
10.662000 0.471089
10.663000 0.480273
10.664000 0.489318
10.665000 0.498221
10.666000 0.506977
10.667000 0.515582
10.668000 0.524032
10.669000 0.532323
10.670000 0.540451
10.671000 0.548412
10.672000 0.556204
10.673000 0.563821
10.674000 0.571261
10.675000 0.578519
10.676000 0.585594
10.677000 0.592480
10.678000 0.599176
10.679000 0.605678
10.680000 0.611982
10.681000 0.618086
10.682000 0.623987
10.683000 0.629682
10.684000 0.635168
10.685000 0.640444
10.686000 0.645505
10.687000 0.650350
10.688000 0.654977
10.689000 0.659383
10.690000 0.663566
10.691000 0.667524
10.692000 0.671255
10.693000 0.674758
10.694000 0.678030
10.695000 0.681070
10.696000 0.683877
10.697000 0.686448
10.698000 0.688783
10.699000 0.690881
10.700000 0.692740
10.701000 0.694360
10.702000 0.695739
10.703000 0.696877
10.704000 0.697772
10.705000 0.698426
10.706000 0.698836
10.707000 0.699004
10.708000 0.698927
10.709000 0.698608
10.710000 0.698044
10.711000 0.697238
10.712000 0.696188
10.713000 0.694895
10.714000 0.693359
10.715000 0.691582
10.716000 0.689564
10.717000 0.687305
10.718000 0.684806
10.719000 0.682069
10.720000 0.679094
10.721000 0.675883
10.722000 0.672437
10.723000 0.668758
10.724000 0.664846
10.725000 0.660704
10.726000 0.656334
10.727000 0.651737
10.728000 0.646915
10.729000 0.641870
10.730000 0.636604
10.731000 0.631120
10.732000 0.625420
10.733000 0.619507
10.734000 0.613383
10.735000 0.607050
10.736000 0.600511
10.737000 0.593770
10.738000 0.586830
10.739000 0.579692
10.740000 0.572361
10.741000 0.564839
10.742000 0.557130
10.743000 0.549238
10.744000 0.541165
10.745000 0.532915
10.746000 0.524493
10.747000 0.515901
10.748000 0.507143
10.749000 0.498224
10.750000 0.489147
10.751000 0.479916
10.752000 0.470535
10.753000 0.461009
10.754000 0.451342
10.755000 0.441538
10.756000 0.431601
10.757000 0.421536
10.758000 0.411348
10.759000 0.401040
10.760000 0.390618
10.761000 0.380085
10.762000 0.369448
10.763000 0.358710
10.764000 0.347876
10.765000 0.336951
10.766000 0.325941
10.767000 0.314849
10.768000 0.303682
10.769000 0.292443
10.770000 0.281138
10.771000 0.269773
10.772000 0.258351
10.773000 0.246879
10.774000 0.235361
10.775000 0.223803
10.776000 0.212209
10.777000 0.200585
10.778000 0.188937
10.779000 0.177269
10.780000 0.165586
10.781000 0.153894
10.782000 0.142199
10.783000 0.130505
10.784000 0.118817
10.785000 0.107142
10.786000 0.095483
10.787000 0.083847
10.788000 0.072239
10.789000 0.060663
10.790000 0.049126
10.791000 0.037631
10.792000 0.026185
10.793000 0.014793
10.794000 0.003459
10.795000 -0.007811
10.796000 -0.019012
10.797000 -0.030139
10.798000 -0.041187
10.799000 -0.052151
10.800000 -0.063027
10.801000 -0.073809
10.802000 -0.084492
10.803000 -0.095072
10.804000 -0.105544
10.805000 -0.115904
10.806000 -0.126145
10.807000 -0.136265
10.808000 -0.146258
10.809000 -0.156120
10.810000 -0.165847
10.811000 -0.175434
10.812000 -0.184876
10.813000 -0.194171
10.814000 -0.203312
10.815000 -0.212297
10.816000 -0.221122
10.817000 -0.229782
10.818000 -0.238273
10.819000 -0.246592
10.820000 -0.254736
10.821000 -0.262699
10.822000 -0.270480
10.823000 -0.278074
10.824000 -0.285478
10.825000 -0.292689
10.826000 -0.299703
10.827000 -0.306518
10.828000 -0.313130
10.829000 -0.319537
10.830000 -0.325736
10.831000 -0.331724
10.832000 -0.337498
10.833000 -0.343056
10.834000 -0.348396
10.835000 -0.353515
10.836000 -0.358411
10.837000 -0.363081
10.838000 -0.367525
10.839000 -0.371739
10.840000 -0.375723
10.841000 -0.379474
10.842000 -0.382991
10.843000 -0.386273
10.844000 -0.389318
10.845000 -0.392124
10.846000 -0.394692
10.847000 -0.397019
10.848000 -0.399105
10.849000 -0.400949
10.850000 -0.402551
10.851000 -0.403909
10.852000 -0.405024
10.853000 -0.405895
10.854000 -0.406522
10.855000 -0.406905
10.856000 -0.407044
10.857000 -0.406938
10.858000 -0.406589
10.859000 -0.405997
10.860000 -0.405161
10.861000 -0.404083
10.862000 -0.402764
10.863000 -0.401204
10.864000 -0.399404
10.865000 -0.397366
10.866000 -0.395089
10.867000 -0.392577
10.868000 -0.389830
10.869000 -0.386849
10.870000 -0.383637
10.871000 -0.380194
10.872000 -0.376524
10.873000 -0.372627
10.874000 -0.368506
10.875000 -0.364163
10.876000 -0.359601
10.877000 -0.354821
10.878000 -0.349826
10.879000 -0.344619
10.880000 -0.339203
10.881000 -0.333580
10.882000 -0.327753
10.883000 -0.321725
10.884000 -0.315499
10.885000 -0.309079
10.886000 -0.302467
10.887000 -0.295668
10.888000 -0.288684
10.889000 -0.281519
10.890000 -0.274177
10.891000 -0.266661
10.892000 -0.258976
10.893000 -0.251124
10.894000 -0.243111
10.895000 -0.234940
10.896000 -0.226615
10.897000 -0.218140
10.898000 -0.209520
10.899000 -0.200760
10.900000 -0.191862
10.901000 -0.182833
10.902000 -0.173676
10.903000 -0.164397
10.904000 -0.154999
10.905000 -0.145488
10.906000 -0.135868
10.907000 -0.126144
10.908000 -0.116321
10.909000 -0.106404
10.910000 -0.096398
10.911000 -0.086308
10.912000 -0.076139
10.913000 -0.065896
10.914000 -0.055585
10.915000 -0.045210
10.916000 -0.034776
10.917000 -0.024290
10.918000 -0.013756
10.919000 -0.003179
10.920000 0.007435
10.921000 0.018080
10.922000 0.028752
10.923000 0.039445
10.924000 0.050154
10.925000 0.060874
10.926000 0.071598
10.927000 0.082321
10.928000 0.093039
10.929000 0.103745
10.930000 0.114435
10.931000 0.125103
10.932000 0.135743
10.933000 0.146350
10.934000 0.156919
10.935000 0.167444
10.936000 0.177921
10.937000 0.188343
10.938000 0.198705
10.939000 0.209003
10.940000 0.219231
10.941000 0.229383
10.942000 0.239456
10.943000 0.249442
10.944000 0.259338
10.945000 0.269138
10.946000 0.278838
10.947000 0.288432
10.948000 0.297916
10.949000 0.307284
10.950000 0.316532
10.951000 0.325655
10.952000 0.334648
10.953000 0.343507
10.954000 0.352227
10.955000 0.360804
10.956000 0.369233
10.957000 0.377509
10.958000 0.385630
10.959000 0.393589
10.960000 0.401384
10.961000 0.409010
10.962000 0.416463
10.963000 0.423739
10.964000 0.430834
10.965000 0.437746
10.966000 0.444469
10.967000 0.451000
10.968000 0.457336
10.969000 0.463474
10.970000 0.469410
10.971000 0.475142
10.972000 0.480665
10.973000 0.485977
10.974000 0.491075
10.975000 0.495956
10.976000 0.500618
10.977000 0.505058
10.978000 0.509274
10.979000 0.513262
10.980000 0.517022
10.981000 0.520550
10.982000 0.523845
10.983000 0.526905
10.984000 0.529727
10.985000 0.532311
10.986000 0.534654
10.987000 0.536756
10.988000 0.538614
10.989000 0.540228
10.990000 0.541596
10.991000 0.542718
10.992000 0.543592
10.993000 0.544218
10.994000 0.544595
10.995000 0.544722
10.996000 0.544600
10.997000 0.544228
10.998000 0.543605
10.999000 0.542732
11.000000 0.541608
11.001000 0.540235
11.002000 0.538611
11.003000 0.536739
11.004000 0.534617
11.005000 0.532248
11.006000 0.529631
11.007000 0.526767
11.008000 0.523659
11.009000 0.520306
11.010000 0.516710
11.011000 0.512873
11.012000 0.508795
11.013000 0.504479
11.014000 0.499927
11.015000 0.495140
11.016000 0.490119
11.017000 0.484868
11.018000 0.479389
11.019000 0.473683
11.020000 0.467754
11.021000 0.461603
11.022000 0.455234
11.023000 0.448648
11.024000 0.441850
11.025000 0.434842
11.026000 0.427626
11.027000 0.420207
11.028000 0.412587
11.029000 0.404770
11.030000 0.396759
11.031000 0.388558
11.032000 0.380170
11.033000 0.371599
11.034000 0.362849
11.035000 0.353925
11.036000 0.344829
11.037000 0.335566
11.038000 0.326140
11.039000 0.316556
11.040000 0.306817
11.041000 0.296929
11.042000 0.286895
11.043000 0.276720
11.044000 0.266409
11.045000 0.255967
11.046000 0.245398
11.047000 0.234707
11.048000 0.223899
11.049000 0.212979
11.050000 0.201952
11.051000 0.190823
11.052000 0.179597
11.053000 0.168279
11.054000 0.156874
11.055000 0.145389
11.056000 0.133827
11.057000 0.122194
11.058000 0.110496
11.059000 0.098738
11.060000 0.086926
11.061000 0.075064
11.062000 0.063159
11.063000 0.051216
11.064000 0.039240
11.065000 0.027238
11.066000 0.015213
11.067000 0.003173
11.068000 -0.008877
11.069000 -0.020933
11.070000 -0.032987
11.071000 -0.045035
11.072000 -0.057071
11.073000 -0.069089
11.074000 -0.081084
11.075000 -0.093050
11.076000 -0.104982
11.077000 -0.116874
11.078000 -0.128720
11.079000 -0.140516
11.080000 -0.152255
11.081000 -0.163932
11.082000 -0.175542
11.083000 -0.187080
11.084000 -0.198539
11.085000 -0.209915
11.086000 -0.221202
11.087000 -0.232395
11.088000 -0.243489
11.089000 -0.254478
11.090000 -0.265359
11.091000 -0.276124
11.092000 -0.286771
11.093000 -0.297293
11.094000 -0.307685
11.095000 -0.317944
11.096000 -0.328063
11.097000 -0.338039
11.098000 -0.347867
11.099000 -0.357542
11.100000 -0.367059
11.101000 -0.376416
11.102000 -0.385606
11.103000 -0.394626
11.104000 -0.403471
11.105000 -0.412138
11.106000 -0.420623
11.107000 -0.428921
11.108000 -0.437029
11.109000 -0.444943
11.110000 -0.452659
11.111000 -0.460175
11.112000 -0.467486
11.113000 -0.474589
11.114000 -0.481481
11.115000 -0.488159
11.116000 -0.494620
11.117000 -0.500860
11.118000 -0.506878
11.119000 -0.512670
11.120000 -0.518233
11.121000 -0.523566
11.122000 -0.528666
11.123000 -0.533530
11.124000 -0.538157
11.125000 -0.542544
11.126000 -0.546690
11.127000 -0.550593
11.128000 -0.554251
11.129000 -0.557662
11.130000 -0.560826
11.131000 -0.563740
11.132000 -0.566404
11.133000 -0.568817
11.134000 -0.570977
11.135000 -0.572884
11.136000 -0.574538
11.137000 -0.575937
11.138000 -0.577081
11.139000 -0.577970
11.140000 -0.578603
11.141000 -0.578981
11.142000 -0.579104
11.143000 -0.578972
11.144000 -0.578585
11.145000 -0.577944
11.146000 -0.577049
11.147000 -0.575901
11.148000 -0.574500
11.149000 -0.572849
11.150000 -0.570947
11.151000 -0.568796
11.152000 -0.566397
11.153000 -0.563753
11.154000 -0.560863
11.155000 -0.557731
11.156000 -0.554357
11.157000 -0.550744
11.158000 -0.546894
11.159000 -0.542809
11.160000 -0.538492
11.161000 -0.533944
11.162000 -0.529168
11.163000 -0.524167
11.164000 -0.518943
11.165000 -0.513500
11.166000 -0.507841
11.167000 -0.501968
11.168000 -0.495884
11.169000 -0.489594
11.170000 -0.483100
11.171000 -0.476405
11.172000 -0.469514
11.173000 -0.462431
11.174000 -0.455158
11.175000 -0.447700
11.176000 -0.440060
11.177000 -0.432244
11.178000 -0.424254
11.179000 -0.416096
11.180000 -0.407773
11.181000 -0.399290
11.182000 -0.390652
11.183000 -0.381863
11.184000 -0.372927
11.185000 -0.363850
11.186000 -0.354636
11.187000 -0.345290
11.188000 -0.335818
11.189000 -0.326223
11.190000 -0.316511
11.191000 -0.306687
11.192000 -0.296757
11.193000 -0.286725
11.194000 -0.276598
11.195000 -0.266379
11.196000 -0.256075
11.197000 -0.245691
11.198000 -0.235232
11.199000 -0.224705
11.200000 -0.214113
11.201000 -0.203464
11.202000 -0.192763
11.203000 -0.182015
11.204000 -0.171225
11.205000 -0.160401
11.206000 -0.149546
11.207000 -0.138668
11.208000 -0.127771
11.209000 -0.116862
11.210000 -0.105946
11.211000 -0.095029
11.212000 -0.084117
11.213000 -0.073215
11.214000 -0.062329
11.215000 -0.051465
11.216000 -0.040629
11.217000 -0.029826
11.218000 -0.019062
11.219000 -0.008343
11.220000 0.002326
11.221000 0.012939
11.222000 0.023490
11.223000 0.033974
11.224000 0.044386
11.225000 0.054719
11.226000 0.064968
11.227000 0.075129
11.228000 0.085195
11.229000 0.095161
11.230000 0.105022
11.231000 0.114773
11.232000 0.124408
11.233000 0.133923
11.234000 0.143311
11.235000 0.152570
11.236000 0.161692
11.237000 0.170674
11.238000 0.179511
11.239000 0.188198
11.240000 0.196730
11.241000 0.205103
11.242000 0.213313
11.243000 0.221354
11.244000 0.229223
11.245000 0.236915
11.246000 0.244426
11.247000 0.251752
11.248000 0.258890
11.249000 0.265835
11.250000 0.272583
11.251000 0.279131
11.252000 0.285476
11.253000 0.291613
11.254000 0.297540
11.255000 0.303253
11.256000 0.308749
11.257000 0.314025
11.258000 0.319078
11.259000 0.323905
11.260000 0.328504
11.261000 0.332872
11.262000 0.337006
11.263000 0.340905
11.264000 0.344565
11.265000 0.347985
11.266000 0.351164
11.267000 0.354098
11.268000 0.356786
11.269000 0.359227
11.270000 0.361419
11.271000 0.363361
11.272000 0.365051
11.273000 0.366489
11.274000 0.367674
11.275000 0.368603
11.276000 0.369278
11.277000 0.369698
11.278000 0.369861
11.279000 0.369767
11.280000 0.369417
11.281000 0.368810
11.282000 0.367947
11.283000 0.366827
11.284000 0.365451
11.285000 0.363820
11.286000 0.361933
11.287000 0.359792
11.288000 0.357398
11.289000 0.354751
11.290000 0.351853
11.291000 0.348705
11.292000 0.345308
11.293000 0.341664
11.294000 0.337774
11.295000 0.333641
11.296000 0.329265
11.297000 0.324650
11.298000 0.319797
11.299000 0.314709
11.300000 0.309387
11.301000 0.303835
11.302000 0.298054
11.303000 0.292049
11.304000 0.285821
11.305000 0.279373
11.306000 0.272710
11.307000 0.265833
11.308000 0.258746
11.309000 0.251453
11.310000 0.243957
11.311000 0.236262
11.312000 0.228371
11.313000 0.220289
11.314000 0.212018
11.315000 0.203565
11.316000 0.194931
11.317000 0.186123
11.318000 0.177143
11.319000 0.167997
11.320000 0.158688
11.321000 0.149222
11.322000 0.139604
11.323000 0.129837
11.324000 0.119927
11.325000 0.109878
11.326000 0.099697
11.327000 0.089386
11.328000 0.078953
11.329000 0.068402
11.330000 0.057738
11.331000 0.046966
11.332000 0.036093
11.333000 0.025122
11.334000 0.014061
11.335000 0.002914
11.336000 -0.008314
11.337000 -0.019615
11.338000 -0.030986
11.339000 -0.042420
11.340000 -0.053911
11.341000 -0.065454
11.342000 -0.077042
11.343000 -0.088671
11.344000 -0.100334
11.345000 -0.112025
11.346000 -0.123739
11.347000 -0.135469
11.348000 -0.147210
11.349000 -0.158956
11.350000 -0.170700
11.351000 -0.182438
11.352000 -0.194162
11.353000 -0.205868
11.354000 -0.217548
11.355000 -0.229198
11.356000 -0.240811
11.357000 -0.252382
11.358000 -0.263904
11.359000 -0.275372
11.360000 -0.286780
11.361000 -0.298123
11.362000 -0.309393
11.363000 -0.320587
11.364000 -0.331697
11.365000 -0.342720
11.366000 -0.353647
11.367000 -0.364476
11.368000 -0.375198
11.369000 -0.385811
11.370000 -0.396307
11.371000 -0.406682
11.372000 -0.416930
11.373000 -0.427046
11.374000 -0.437026
11.375000 -0.446863
11.376000 -0.456553
11.377000 -0.466091
11.378000 -0.475472
11.379000 -0.484691
11.380000 -0.493744
11.381000 -0.502626
11.382000 -0.511333
11.383000 -0.519859
11.384000 -0.528201
11.385000 -0.536355
11.386000 -0.544315
11.387000 -0.552079
11.388000 -0.559642
11.389000 -0.567001
11.390000 -0.574151
11.391000 -0.581088
11.392000 -0.587811
11.393000 -0.594314
11.394000 -0.600594
11.395000 -0.606650
11.396000 -0.612476
11.397000 -0.618071
11.398000 -0.623431
11.399000 -0.628554
11.400000 -0.633436
11.401000 -0.638077
11.402000 -0.642472
11.403000 -0.646621
11.404000 -0.650520
11.405000 -0.654169
11.406000 -0.657564
11.407000 -0.660704
11.408000 -0.663588
11.409000 -0.666214
11.410000 -0.668581
11.411000 -0.670687
11.412000 -0.672532
11.413000 -0.674115
11.414000 -0.675434
11.415000 -0.676489
11.416000 -0.677280
11.417000 -0.677806
11.418000 -0.678067
11.419000 -0.678063
11.420000 -0.677793
11.421000 -0.677258
11.422000 -0.676459
11.423000 -0.675395
11.424000 -0.674068
11.425000 -0.672477
11.426000 -0.670624
11.427000 -0.668510
11.428000 -0.666136
11.429000 -0.663502
11.430000 -0.660611
11.431000 -0.657464
11.432000 -0.654063
11.433000 -0.650409
11.434000 -0.646504
11.435000 -0.642351
11.436000 -0.637951
11.437000 -0.633307
11.438000 -0.628421
11.439000 -0.623295
11.440000 -0.617934
11.441000 -0.612338
11.442000 -0.606511
11.443000 -0.600457
11.444000 -0.594178
11.445000 -0.587678
11.446000 -0.580959
11.447000 -0.574026
11.448000 -0.566882
11.449000 -0.559531
11.450000 -0.551977
11.451000 -0.544223
11.452000 -0.536274
11.453000 -0.528134
11.454000 -0.519807
11.455000 -0.511297
11.456000 -0.502610
11.457000 -0.493748
11.458000 -0.484718
11.459000 -0.475523
11.460000 -0.466169
11.461000 -0.456661
11.462000 -0.447002
11.463000 -0.437200
11.464000 -0.427258
11.465000 -0.417181
11.466000 -0.406976
11.467000 -0.396647
11.468000 -0.386200
11.469000 -0.375641
11.470000 -0.364974
11.471000 -0.354205
11.472000 -0.343341
11.473000 -0.332386
11.474000 -0.321347
11.475000 -0.310229
11.476000 -0.299038
11.477000 -0.287780
11.478000 -0.276461
11.479000 -0.265087
11.480000 -0.253663
11.481000 -0.242196
11.482000 -0.230692
11.483000 -0.219157
11.484000 -0.207596
11.485000 -0.196016
11.486000 -0.184424
11.487000 -0.172824
11.488000 -0.161223
11.489000 -0.149628
11.490000 -0.138044
11.491000 -0.126477
11.492000 -0.114934
11.493000 -0.103420
11.494000 -0.091942
11.495000 -0.080506
11.496000 -0.069117
11.497000 -0.057781
11.498000 -0.046505
11.499000 -0.035295
11.500000 -0.024156
11.501000 -0.013094
11.502000 -0.002115
11.503000 0.008775
11.504000 0.019571
11.505000 0.030266
11.506000 0.040856
11.507000 0.051334
11.508000 0.061696
11.509000 0.071935
11.510000 0.082046
11.511000 0.092025
11.512000 0.101865
11.513000 0.111562
11.514000 0.121110
11.515000 0.130505
11.516000 0.139742
11.517000 0.148815
11.518000 0.157720
11.519000 0.166452
11.520000 0.175007
11.521000 0.183380
11.522000 0.191567
11.523000 0.199563
11.524000 0.207365
11.525000 0.214968
11.526000 0.222368
11.527000 0.229561
11.528000 0.236544
11.529000 0.243313
11.530000 0.249864
11.531000 0.256195
11.532000 0.262300
11.533000 0.268179
11.534000 0.273826
11.535000 0.279240
11.536000 0.284418
11.537000 0.289357
11.538000 0.294054
11.539000 0.298506
11.540000 0.302713
11.541000 0.306671
11.542000 0.310378
11.543000 0.313833
11.544000 0.317033
11.545000 0.319977
11.546000 0.322664
11.547000 0.325093
11.548000 0.327261
11.549000 0.329168
11.550000 0.330813
11.551000 0.332195
11.552000 0.333313
11.553000 0.334168
11.554000 0.334758
11.555000 0.335084
11.556000 0.335144
11.557000 0.334940
11.558000 0.334472
11.559000 0.333739
11.560000 0.332743
11.561000 0.331484
11.562000 0.329962
11.563000 0.328179
11.564000 0.326135
11.565000 0.323832
11.566000 0.321272
11.567000 0.318455
11.568000 0.315383
11.569000 0.312058
11.570000 0.308482
11.571000 0.304657
11.572000 0.300584
11.573000 0.296268
11.574000 0.291708
11.575000 0.286909
11.576000 0.281873
11.577000 0.276603
11.578000 0.271101
11.579000 0.265371
11.580000 0.259416
11.581000 0.253239
11.582000 0.246843
11.583000 0.240233
11.584000 0.233412
11.585000 0.226383
11.586000 0.219151
11.587000 0.211720
11.588000 0.204093
11.589000 0.196275
11.590000 0.188270
11.591000 0.180083
11.592000 0.171718
11.593000 0.163180
11.594000 0.154473
11.595000 0.145603
11.596000 0.136574
11.597000 0.127391
11.598000 0.118059
11.599000 0.108584
11.600000 0.098971
11.601000 0.089225
11.602000 0.079352
11.603000 0.069356
11.604000 0.059244
11.605000 0.049021
11.606000 0.038693
11.607000 0.028265
11.608000 0.017743
11.609000 0.007134
11.610000 -0.003558
11.611000 -0.014325
11.612000 -0.025163
11.613000 -0.036065
11.614000 -0.047025
11.615000 -0.058036
11.616000 -0.069094
11.617000 -0.080191
11.618000 -0.091322
11.619000 -0.102480
11.620000 -0.113659
11.621000 -0.124853
11.622000 -0.136056
11.623000 -0.147261
11.624000 -0.158462
11.625000 -0.169653
11.626000 -0.180828
11.627000 -0.191981
11.628000 -0.203104
11.629000 -0.214192
11.630000 -0.225240
11.631000 -0.236239
11.632000 -0.247186
11.633000 -0.258072
11.634000 -0.268893
11.635000 -0.279642
11.636000 -0.290312
11.637000 -0.300899
11.638000 -0.311396
11.639000 -0.321798
11.640000 -0.332097
11.641000 -0.342290
11.642000 -0.352369
11.643000 -0.362329
11.644000 -0.372164
11.645000 -0.381870
11.646000 -0.391440
11.647000 -0.400869
11.648000 -0.410151
11.649000 -0.419282
11.650000 -0.428256
11.651000 -0.437068
11.652000 -0.445713
11.653000 -0.454186
11.654000 -0.462483
11.655000 -0.470598
11.656000 -0.478527
11.657000 -0.486264
11.658000 -0.493807
11.659000 -0.501150
11.660000 -0.508290
11.661000 -0.515221
11.662000 -0.521941
11.663000 -0.528444
11.664000 -0.534728
11.665000 -0.540788
11.666000 -0.546622
11.667000 -0.552225
11.668000 -0.557594
11.669000 -0.562727
11.670000 -0.567619
11.671000 -0.572269
11.672000 -0.576673
11.673000 -0.580828
11.674000 -0.584732
11.675000 -0.588384
11.676000 -0.591779
11.677000 -0.594917
11.678000 -0.597795
11.679000 -0.600411
11.680000 -0.602764
11.681000 -0.604853
11.682000 -0.606675
11.683000 -0.608229
11.684000 -0.609515
11.685000 -0.610531
11.686000 -0.611276
11.687000 -0.611750
11.688000 -0.611952
11.689000 -0.611883
11.690000 -0.611540
11.691000 -0.610925
11.692000 -0.610038
11.693000 -0.608878
11.694000 -0.607446
11.695000 -0.605743
11.696000 -0.603768
11.697000 -0.601524
11.698000 -0.599010
11.699000 -0.596229
11.700000 -0.593180
11.701000 -0.589866
11.702000 -0.586288
11.703000 -0.582447
11.704000 -0.578346
11.705000 -0.573987
11.706000 -0.569371
11.707000 -0.564500
11.708000 -0.559378
11.709000 -0.554006
11.710000 -0.548387
11.711000 -0.542524
11.712000 -0.536420
11.713000 -0.530078
11.714000 -0.523501
11.715000 -0.516693
11.716000 -0.509656
11.717000 -0.502395
11.718000 -0.494913
11.719000 -0.487213
11.720000 -0.479300
11.721000 -0.471178
11.722000 -0.462851
11.723000 -0.454324
11.724000 -0.445600
11.725000 -0.436683
11.726000 -0.427580
11.727000 -0.418294
11.728000 -0.408830
11.729000 -0.399193
11.730000 -0.389388
11.731000 -0.379420
11.732000 -0.369295
11.733000 -0.359017
11.734000 -0.348592
11.735000 -0.338025
11.736000 -0.327322
11.737000 -0.316489
11.738000 -0.305530
11.739000 -0.294453
11.740000 -0.283262
11.741000 -0.271963
11.742000 -0.260563
11.743000 -0.249067
11.744000 -0.237482
11.745000 -0.225813
11.746000 -0.214066
11.747000 -0.202249
11.748000 -0.190366
11.749000 -0.178424
11.750000 -0.166430
11.751000 -0.154390
11.752000 -0.142310
11.753000 -0.130196
11.754000 -0.118056
11.755000 -0.105894
11.756000 -0.093719
11.757000 -0.081535
11.758000 -0.069350
11.759000 -0.057170
11.760000 -0.045002
11.761000 -0.032851
11.762000 -0.020724
11.763000 -0.008628
11.764000 0.003430
11.765000 0.015446
11.766000 0.027412
11.767000 0.039321
11.768000 0.051168
11.769000 0.062947
11.770000 0.074651
11.771000 0.086274
11.772000 0.097809
11.773000 0.109252
11.774000 0.120595
11.775000 0.131833
11.776000 0.142959
11.777000 0.153969
11.778000 0.164856
11.779000 0.175614
11.780000 0.186238
11.781000 0.196722
11.782000 0.207060
11.783000 0.217248
11.784000 0.227280
11.785000 0.237150
11.786000 0.246853
11.787000 0.256385
11.788000 0.265740
11.789000 0.274914
11.790000 0.283901
11.791000 0.292697
11.792000 0.301297
11.793000 0.309697
11.794000 0.317893
11.795000 0.325879
11.796000 0.333653
11.797000 0.341210
11.798000 0.348546
11.799000 0.355657
11.800000 0.362540
11.801000 0.369191
11.802000 0.375607
11.803000 0.381784
11.804000 0.387719
11.805000 0.393410
11.806000 0.398854
11.807000 0.404046
11.808000 0.408986
11.809000 0.413671
11.810000 0.418098
11.811000 0.422265
11.812000 0.426171
11.813000 0.429812
11.814000 0.433188
11.815000 0.436297
11.816000 0.439138
11.817000 0.441708
11.818000 0.444008
11.819000 0.446036
11.820000 0.447791
11.821000 0.449273
11.822000 0.450481
11.823000 0.451414
11.824000 0.452073
11.825000 0.452457
11.826000 0.452567
11.827000 0.452403
11.828000 0.451964
11.829000 0.451253
11.830000 0.450269
11.831000 0.449012
11.832000 0.447486
11.833000 0.445689
11.834000 0.443625
11.835000 0.441293
11.836000 0.438696
11.837000 0.435836
11.838000 0.432714
11.839000 0.429333
11.840000 0.425695
11.841000 0.421801
11.842000 0.417655
11.843000 0.413260
11.844000 0.408617
11.845000 0.403730
11.846000 0.398602
11.847000 0.393236
11.848000 0.387636
11.849000 0.381805
11.850000 0.375746
11.851000 0.369464
11.852000 0.362961
11.853000 0.356243
11.854000 0.349312
11.855000 0.342174
11.856000 0.334833
11.857000 0.327293
11.858000 0.319558
11.859000 0.311634
11.860000 0.303525
11.861000 0.295236
11.862000 0.286773
11.863000 0.278139
11.864000 0.269340
11.865000 0.260382
11.866000 0.251270
11.867000 0.242010
11.868000 0.232606
11.869000 0.223065
11.870000 0.213392
11.871000 0.203594
11.872000 0.193675
11.873000 0.183642
11.874000 0.173501
11.875000 0.163258
11.876000 0.152918
11.877000 0.142489
11.878000 0.131977
11.879000 0.121387
11.880000 0.110726
11.881000 0.100000
11.882000 0.089216
11.883000 0.078380
11.884000 0.067499
11.885000 0.056579
11.886000 0.045627
11.887000 0.034648
11.888000 0.023651
11.889000 0.012641
11.890000 0.001624
11.891000 -0.009391
11.892000 -0.020400
11.893000 -0.031396
11.894000 -0.042371
11.895000 -0.053319
11.896000 -0.064234
11.897000 -0.075110
11.898000 -0.085939
11.899000 -0.096715
11.900000 -0.107432
11.901000 -0.118083
11.902000 -0.128662
11.903000 -0.139163
11.904000 -0.149579
11.905000 -0.159904
11.906000 -0.170131
11.907000 -0.180256
11.908000 -0.190270
11.909000 -0.200169
11.910000 -0.209947
11.911000 -0.219597
11.912000 -0.229114
11.913000 -0.238492
11.914000 -0.247726
11.915000 -0.256808
11.916000 -0.265735
11.917000 -0.274501
11.918000 -0.283100
11.919000 -0.291527
11.920000 -0.299777
11.921000 -0.307845
11.922000 -0.315726
11.923000 -0.323415
11.924000 -0.330907
11.925000 -0.338198
11.926000 -0.345283
11.927000 -0.352157
11.928000 -0.358817
11.929000 -0.365259
11.930000 -0.371478
11.931000 -0.377470
11.932000 -0.383231
11.933000 -0.388759
11.934000 -0.394049
11.935000 -0.399098
11.936000 -0.403902
11.937000 -0.408459
11.938000 -0.412766
11.939000 -0.416820
11.940000 -0.420617
11.941000 -0.424157
11.942000 -0.427435
11.943000 -0.430451
11.944000 -0.433201
11.945000 -0.435684
11.946000 -0.437898
11.947000 -0.439842
11.948000 -0.441513
11.949000 -0.442911
11.950000 -0.444035
11.951000 -0.444883
11.952000 -0.445455
11.953000 -0.445749
11.954000 -0.445766
11.955000 -0.445505
11.956000 -0.444965
11.957000 -0.444147
11.958000 -0.443051
11.959000 -0.441677
11.960000 -0.440025
11.961000 -0.438096
11.962000 -0.435891
11.963000 -0.433410
11.964000 -0.430655
11.965000 -0.427626
11.966000 -0.424326
11.967000 -0.420756
11.968000 -0.416917
11.969000 -0.412811
11.970000 -0.408441
11.971000 -0.403807
11.972000 -0.398913
11.973000 -0.393762
11.974000 -0.388355
11.975000 -0.382695
11.976000 -0.376785
11.977000 -0.370629
11.978000 -0.364229
11.979000 -0.357589
11.980000 -0.350713
11.981000 -0.343602
11.982000 -0.336263
11.983000 -0.328698
11.984000 -0.320911
11.985000 -0.312906
11.986000 -0.304688
11.987000 -0.296262
11.988000 -0.287630
11.989000 -0.278799
11.990000 -0.269773
11.991000 -0.260557
11.992000 -0.251155
11.993000 -0.241573
11.994000 -0.231815
11.995000 -0.221888
11.996000 -0.211797
11.997000 -0.201546
11.998000 -0.191142
11.999000 -0.180590
12.000000 -0.169896
12.001000 -0.159066
12.002000 -0.148105
12.003000 -0.137020
12.004000 -0.125817
12.005000 -0.114501
12.006000 -0.103079
12.007000 -0.091558
12.008000 -0.079943
12.009000 -0.068241
12.010000 -0.056458
12.011000 -0.044601
12.012000 -0.032677
12.013000 -0.020691
12.014000 -0.008651
12.015000 0.003437
12.016000 0.015567
12.017000 0.027731
12.018000 0.039923
12.019000 0.052136
12.020000 0.064363
12.021000 0.076598
12.022000 0.088834
12.023000 0.101064
12.024000 0.113281
12.025000 0.125479
12.026000 0.137651
12.027000 0.149790
12.028000 0.161889
12.029000 0.173942
12.030000 0.185942
12.031000 0.197882
12.032000 0.209757
12.033000 0.221558
12.034000 0.233280
12.035000 0.244916
12.036000 0.256459
12.037000 0.267904
12.038000 0.279244
12.039000 0.290472
12.040000 0.301583
12.041000 0.312570
12.042000 0.323428
12.043000 0.334149
12.044000 0.344729
12.045000 0.355161
12.046000 0.365440
12.047000 0.375559
12.048000 0.385514
12.049000 0.395298
12.050000 0.404907
12.051000 0.414335
12.052000 0.423577
12.053000 0.432627
12.054000 0.441482
12.055000 0.450135
12.056000 0.458582
12.057000 0.466818
12.058000 0.474840
12.059000 0.482642
12.060000 0.490220
12.061000 0.497571
12.062000 0.504689
12.063000 0.511571
12.064000 0.518214
12.065000 0.524614
12.066000 0.530767
12.067000 0.536670
12.068000 0.542319
12.069000 0.547713
12.070000 0.552847
12.071000 0.557719
12.072000 0.562327
12.073000 0.566668
12.074000 0.570739
12.075000 0.574540
12.076000 0.578066
12.077000 0.581318
12.078000 0.584293
12.079000 0.586989
12.080000 0.589406
12.081000 0.591541
12.082000 0.593395
12.083000 0.594966
12.084000 0.596254
12.085000 0.597258
12.086000 0.597977
12.087000 0.598412
12.088000 0.598562
12.089000 0.598428
12.090000 0.598010
12.091000 0.597308
12.092000 0.596323
12.093000 0.595056
12.094000 0.593508
12.095000 0.591680
12.096000 0.589572
12.097000 0.587188
12.098000 0.584527
12.099000 0.581593
12.100000 0.578386
12.101000 0.574910
12.102000 0.571165
12.103000 0.567156
12.104000 0.562884
12.105000 0.558351
12.106000 0.553562
12.107000 0.548518
12.108000 0.543223
12.109000 0.537681
12.110000 0.531894
12.111000 0.525867
12.112000 0.519603
12.113000 0.513106
12.114000 0.506380
12.115000 0.499429
12.116000 0.492258
12.117000 0.484870
12.118000 0.477271
12.119000 0.469466
12.120000 0.461458
12.121000 0.453252
12.122000 0.444855
12.123000 0.436271
12.124000 0.427505
12.125000 0.418562
12.126000 0.409448
12.127000 0.400170
12.128000 0.390731
12.129000 0.381138
12.130000 0.371398
12.131000 0.361515
12.132000 0.351495
12.133000 0.341346
12.134000 0.331073
12.135000 0.320682
12.136000 0.310180
12.137000 0.299573
12.138000 0.288867
12.139000 0.278070
12.140000 0.267187
12.141000 0.256225
12.142000 0.245191
12.143000 0.234092
12.144000 0.222933
12.145000 0.211723
12.146000 0.200468
12.147000 0.189175
12.148000 0.177850
12.149000 0.166501
12.150000 0.155134
12.151000 0.143756
12.152000 0.132374
12.153000 0.120996
12.154000 0.109627
12.155000 0.098276
12.156000 0.086948
12.157000 0.075651
12.158000 0.064392
12.159000 0.053177
12.160000 0.042014
12.161000 0.030908
12.162000 0.019868
12.163000 0.008899
12.164000 -0.001992
12.165000 -0.012798
12.166000 -0.023512
12.167000 -0.034129
12.168000 -0.044641
12.169000 -0.055042
12.170000 -0.065325
12.171000 -0.075485
12.172000 -0.085516
12.173000 -0.095410
12.174000 -0.105163
12.175000 -0.114767
12.176000 -0.124218
12.177000 -0.133509
12.178000 -0.142635
12.179000 -0.151590
12.180000 -0.160369
12.181000 -0.168965
12.182000 -0.177375
12.183000 -0.185593
12.184000 -0.193613
12.185000 -0.201430
12.186000 -0.209041
12.187000 -0.216440
12.188000 -0.223623
12.189000 -0.230584
12.190000 -0.237321
12.191000 -0.243828
12.192000 -0.250102
12.193000 -0.256138
12.194000 -0.261934
12.195000 -0.267484
12.196000 -0.272787
12.197000 -0.277838
12.198000 -0.282634
12.199000 -0.287173
12.200000 -0.291451
12.201000 -0.295465
12.202000 -0.299214
12.203000 -0.302695
12.204000 -0.305905
12.205000 -0.308842
12.206000 -0.311505
12.207000 -0.313891
12.208000 -0.316000
12.209000 -0.317829
12.210000 -0.319378
12.211000 -0.320645
12.212000 -0.321630
12.213000 -0.322331
12.214000 -0.322749
12.215000 -0.322882
12.216000 -0.322730
12.217000 -0.322294
12.218000 -0.321574
12.219000 -0.320569
12.220000 -0.319280
12.221000 -0.317709
12.222000 -0.315855
12.223000 -0.313719
12.224000 -0.311303
12.225000 -0.308609
12.226000 -0.305636
12.227000 -0.302388
12.228000 -0.298866
12.229000 -0.295071
12.230000 -0.291007
12.231000 -0.286675
12.232000 -0.282078
12.233000 -0.277218
12.234000 -0.272098
12.235000 -0.266721
12.236000 -0.261090
12.237000 -0.255209
12.238000 -0.249081
12.239000 -0.242709
12.240000 -0.236097
12.241000 -0.229249
12.242000 -0.222169
12.243000 -0.214861
12.244000 -0.207329
12.245000 -0.199578
12.246000 -0.191612
12.247000 -0.183436
12.248000 -0.175054
12.249000 -0.166473
12.250000 -0.157696
12.251000 -0.148728
12.252000 -0.139576
12.253000 -0.130244
12.254000 -0.120739
12.255000 -0.111064
12.256000 -0.101228
12.257000 -0.091234
12.258000 -0.081089
12.259000 -0.070800
12.260000 -0.060372
12.261000 -0.049811
12.262000 -0.039123
12.263000 -0.028316
12.264000 -0.017395
12.265000 -0.006367
12.266000 0.004761
12.267000 0.015984
12.268000 0.027293
12.269000 0.038683
12.270000 0.050147
12.271000 0.061677
12.272000 0.073268
12.273000 0.084912
12.274000 0.096601
12.275000 0.108330
12.276000 0.120090
12.277000 0.131876
12.278000 0.143680
12.279000 0.155494
12.280000 0.167313
12.281000 0.179128
12.282000 0.190932
12.283000 0.202719
12.284000 0.214482
12.285000 0.226213
12.286000 0.237905
12.287000 0.249551
12.288000 0.261145
12.289000 0.272679
12.290000 0.284147
12.291000 0.295541
12.292000 0.306854
12.293000 0.318080
12.294000 0.329212
12.295000 0.340244
12.296000 0.351167
12.297000 0.361977
12.298000 0.372667
12.299000 0.383229
12.300000 0.393658
12.301000 0.403947
12.302000 0.414090
12.303000 0.424081
12.304000 0.433914
12.305000 0.443582
12.306000 0.453081
12.307000 0.462404
12.308000 0.471545
12.309000 0.480499
12.310000 0.489261
12.311000 0.497825
12.312000 0.506186
12.313000 0.514339
12.314000 0.522278
12.315000 0.530000
12.316000 0.537499
12.317000 0.544771
12.318000 0.551811
12.319000 0.558615
12.320000 0.565179
12.321000 0.571498
12.322000 0.577570
12.323000 0.583389
12.324000 0.588954
12.325000 0.594259
12.326000 0.599302
12.327000 0.604080
12.328000 0.608589
12.329000 0.612828
12.330000 0.616793
12.331000 0.620481
12.332000 0.623892
12.333000 0.627021
12.334000 0.629868
12.335000 0.632431
12.336000 0.634707
12.337000 0.636697
12.338000 0.638397
12.339000 0.639807
12.340000 0.640927
12.341000 0.641755
12.342000 0.642291
12.343000 0.642535
12.344000 0.642485
12.345000 0.642143
12.346000 0.641508
12.347000 0.640581
12.348000 0.639362
12.349000 0.637851
12.350000 0.636050
12.351000 0.633960
12.352000 0.631581
12.353000 0.628915
12.354000 0.625964
12.355000 0.622729
12.356000 0.619213
12.357000 0.615416
12.358000 0.611343
12.359000 0.606994
12.360000 0.602372
12.361000 0.597480
12.362000 0.592322
12.363000 0.586900
12.364000 0.581216
12.365000 0.575276
12.366000 0.569081
12.367000 0.562637
12.368000 0.555946
12.369000 0.549013
12.370000 0.541841
12.371000 0.534436
12.372000 0.526801
12.373000 0.518941
12.374000 0.510861
12.375000 0.502565
12.376000 0.494059
12.377000 0.485348
12.378000 0.476436
12.379000 0.467330
12.380000 0.458034
12.381000 0.448554
12.382000 0.438897
12.383000 0.429067
12.384000 0.419070
12.385000 0.408914
12.386000 0.398603
12.387000 0.388144
12.388000 0.377543
12.389000 0.366807
12.390000 0.355942
12.391000 0.344954
12.392000 0.333851
12.393000 0.322639
12.394000 0.311324
12.395000 0.299914
12.396000 0.288416
12.397000 0.276835
12.398000 0.265180
12.399000 0.253458
12.400000 0.241675
12.401000 0.229838
12.402000 0.217955
12.403000 0.206034
12.404000 0.194080
12.405000 0.182101
12.406000 0.170105
12.407000 0.158099
12.408000 0.146090
12.409000 0.134085
12.410000 0.122092
12.411000 0.110118
12.412000 0.098170
12.413000 0.086255
12.414000 0.074380
12.415000 0.062554
12.416000 0.050782
12.417000 0.039072
12.418000 0.027431
12.419000 0.015866
12.420000 0.004385
12.421000 -0.007007
12.422000 -0.018301
12.423000 -0.029492
12.424000 -0.040573
12.425000 -0.051536
12.426000 -0.062375
12.427000 -0.073084
12.428000 -0.083656
12.429000 -0.094084
12.430000 -0.104363
12.431000 -0.114487
12.432000 -0.124448
12.433000 -0.134242
12.434000 -0.143861
12.435000 -0.153301
12.436000 -0.162556
12.437000 -0.171620
12.438000 -0.180488
12.439000 -0.189153
12.440000 -0.197612
12.441000 -0.205859
12.442000 -0.213889
12.443000 -0.221698
12.444000 -0.229279
12.445000 -0.236630
12.446000 -0.243746
12.447000 -0.250621
12.448000 -0.257253
12.449000 -0.263638
12.450000 -0.269770
12.451000 -0.275648
12.452000 -0.281267
12.453000 -0.286624
12.454000 -0.291716
12.455000 -0.296539
12.456000 -0.301092
12.457000 -0.305371
12.458000 -0.309374
12.459000 -0.313098
12.460000 -0.316542
12.461000 -0.319703
12.462000 -0.322580
12.463000 -0.325171
12.464000 -0.327475
12.465000 -0.329489
12.466000 -0.331214
12.467000 -0.332649
12.468000 -0.333792
12.469000 -0.334642
12.470000 -0.335201
12.471000 -0.335467
12.472000 -0.335441
12.473000 -0.335122
12.474000 -0.334512
12.475000 -0.333610
12.476000 -0.332418
12.477000 -0.330936
12.478000 -0.329165
12.479000 -0.327107
12.480000 -0.324764
12.481000 -0.322136
12.482000 -0.319226
12.483000 -0.316035
12.484000 -0.312566
12.485000 -0.308822
12.486000 -0.304804
12.487000 -0.300516
12.488000 -0.295960
12.489000 -0.291139
12.490000 -0.286057
12.491000 -0.280717
12.492000 -0.275123
12.493000 -0.269277
12.494000 -0.263184
12.495000 -0.256849
12.496000 -0.250275
12.497000 -0.243466
12.498000 -0.236427
12.499000 -0.229163
12.500000 -0.221678
12.501000 -0.213977
12.502000 -0.206066
12.503000 -0.197949
12.504000 -0.189632
12.505000 -0.181120
12.506000 -0.172418
12.507000 -0.163533
12.508000 -0.154471
12.509000 -0.145236
12.510000 -0.135835
12.511000 -0.126275
12.512000 -0.116561
12.513000 -0.106699
12.514000 -0.096697
12.515000 -0.086561
12.516000 -0.076296
12.517000 -0.065911
12.518000 -0.055411
12.519000 -0.044804
12.520000 -0.034097
12.521000 -0.023295
12.522000 -0.012407
12.523000 -0.001440
12.524000 0.009600
12.525000 0.020705
12.526000 0.031868
12.527000 0.043081
12.528000 0.054338
12.529000 0.065631
12.530000 0.076953
12.531000 0.088296
12.532000 0.099653
12.533000 0.111017
12.534000 0.122379
12.535000 0.133733
12.536000 0.145072
12.537000 0.156387
12.538000 0.167672
12.539000 0.178919
12.540000 0.190120
12.541000 0.201269
12.542000 0.212358
12.543000 0.223380
12.544000 0.234327
12.545000 0.245193
12.546000 0.255970
12.547000 0.266651
12.548000 0.277229
12.549000 0.287697
12.550000 0.298049
12.551000 0.308277
12.552000 0.318375
12.553000 0.328335
12.554000 0.338153
12.555000 0.347820
12.556000 0.357330
12.557000 0.366678
12.558000 0.375857
12.559000 0.384860
12.560000 0.393683
12.561000 0.402318
12.562000 0.410761
12.563000 0.419005
12.564000 0.427045
12.565000 0.434876
12.566000 0.442492
12.567000 0.449889
12.568000 0.457060
12.569000 0.464002
12.570000 0.470709
12.571000 0.477178
12.572000 0.483403
12.573000 0.489380
12.574000 0.495106
12.575000 0.500575
12.576000 0.505785
12.577000 0.510732
12.578000 0.515413
12.579000 0.519823
12.580000 0.523960
12.581000 0.527821
12.582000 0.531403
12.583000 0.534703
12.584000 0.537720
12.585000 0.540450
12.586000 0.542892
12.587000 0.545044
12.588000 0.546903
12.589000 0.548470
12.590000 0.549741
12.591000 0.550716
12.592000 0.551395
12.593000 0.551775
12.594000 0.551857
12.595000 0.551641
12.596000 0.551125
12.597000 0.550310
12.598000 0.549197
12.599000 0.547784
12.600000 0.546074
12.601000 0.544066
12.602000 0.541762
12.603000 0.539163
12.604000 0.536269
12.605000 0.533083
12.606000 0.529606
12.607000 0.525840
12.608000 0.521787
12.609000 0.517449
12.610000 0.512828
12.611000 0.507927
12.612000 0.502750
12.613000 0.497298
12.614000 0.491575
12.615000 0.485584
12.616000 0.479328
12.617000 0.472812
12.618000 0.466039
12.619000 0.459012
12.620000 0.451736
12.621000 0.444216
12.622000 0.436455
12.623000 0.428459
12.624000 0.420231
12.625000 0.411778
12.626000 0.403103
12.627000 0.394212
12.628000 0.385110
12.629000 0.375803
12.630000 0.366296
12.631000 0.356595
12.632000 0.346706
12.633000 0.336635
12.634000 0.326387
12.635000 0.315969
12.636000 0.305388
12.637000 0.294649
12.638000 0.283759
12.639000 0.272724
12.640000 0.261552
12.641000 0.250249
12.642000 0.238823
12.643000 0.227278
12.644000 0.215624
12.645000 0.203867
12.646000 0.192014
12.647000 0.180072
12.648000 0.168049
12.649000 0.155951
12.650000 0.143787
12.651000 0.131564
12.652000 0.119288
12.653000 0.106969
12.654000 0.094612
12.655000 0.082227
12.656000 0.069819
12.657000 0.057397
12.658000 0.044969
12.659000 0.032542
12.660000 0.020123
12.661000 0.007721
12.662000 -0.004657
12.663000 -0.017005
12.664000 -0.029313
12.665000 -0.041574
12.666000 -0.053782
12.667000 -0.065928
12.668000 -0.078006
12.669000 -0.090007
12.670000 -0.101924
12.671000 -0.113751
12.672000 -0.125479
12.673000 -0.137102
12.674000 -0.148613
12.675000 -0.160004
12.676000 -0.171269
12.677000 -0.182401
12.678000 -0.193392
12.679000 -0.204237
12.680000 -0.214928
12.681000 -0.225459
12.682000 -0.235824
12.683000 -0.246016
12.684000 -0.256029
12.685000 -0.265857
12.686000 -0.275495
12.687000 -0.284935
12.688000 -0.294173
12.689000 -0.303203
12.690000 -0.312020
12.691000 -0.320617
12.692000 -0.328990
12.693000 -0.337135
12.694000 -0.345045
12.695000 -0.352716
12.696000 -0.360144
12.697000 -0.367324
12.698000 -0.374253
12.699000 -0.380925
12.700000 -0.387336
12.701000 -0.393484
12.702000 -0.399364
12.703000 -0.404973
12.704000 -0.410308
12.705000 -0.415366
12.706000 -0.420143
12.707000 -0.424637
12.708000 -0.428846
12.709000 -0.432766
12.710000 -0.436397
12.711000 -0.439735
12.712000 -0.442779
12.713000 -0.445528
12.714000 -0.447980
12.715000 -0.450133
12.716000 -0.451987
12.717000 -0.453541
12.718000 -0.454795
12.719000 -0.455747
12.720000 -0.456397
12.721000 -0.456746
12.722000 -0.456793
12.723000 -0.456539
12.724000 -0.455985
12.725000 -0.455130
12.726000 -0.453977
12.727000 -0.452525
12.728000 -0.450777
12.729000 -0.448733
12.730000 -0.446396
12.731000 -0.443768
12.732000 -0.440850
12.733000 -0.437644
12.734000 -0.434154
12.735000 -0.430381
12.736000 -0.426329
12.737000 -0.422000
12.738000 -0.417398
12.739000 -0.412525
12.740000 -0.407386
12.741000 -0.401985
12.742000 -0.396324
12.743000 -0.390409
12.744000 -0.384242
12.745000 -0.377830
12.746000 -0.371175
12.747000 -0.364283
12.748000 -0.357159
12.749000 -0.349808
12.750000 -0.342234
12.751000 -0.334443
12.752000 -0.326441
12.753000 -0.318233
12.754000 -0.309824
12.755000 -0.301221
12.756000 -0.292430
12.757000 -0.283456
12.758000 -0.274306
12.759000 -0.264986
12.760000 -0.255503
12.761000 -0.245862
12.762000 -0.236072
12.763000 -0.226138
12.764000 -0.216067
12.765000 -0.205867
12.766000 -0.195543
12.767000 -0.185104
12.768000 -0.174557
12.769000 -0.163908
12.770000 -0.153166
12.771000 -0.142337
12.772000 -0.131429
12.773000 -0.120449
12.774000 -0.109405
12.775000 -0.098305
12.776000 -0.087156
12.777000 -0.075965
12.778000 -0.064741
12.779000 -0.053491
12.780000 -0.042224
12.781000 -0.030945
12.782000 -0.019664
12.783000 -0.008388
12.784000 0.002875
12.785000 0.014117
12.786000 0.025331
12.787000 0.036509
12.788000 0.047643
12.789000 0.058726
12.790000 0.069750
12.791000 0.080707
12.792000 0.091590
12.793000 0.102391
12.794000 0.113103
12.795000 0.123718
12.796000 0.134230
12.797000 0.144630
12.798000 0.154913
12.799000 0.165069
12.800000 0.175093
12.801000 0.184978
12.802000 0.194716
12.803000 0.204301
12.804000 0.213727
12.805000 0.222985
12.806000 0.232072
12.807000 0.240978
12.808000 0.249700
12.809000 0.258230
12.810000 0.266562
12.811000 0.274691
12.812000 0.282611
12.813000 0.290317
12.814000 0.297802
12.815000 0.305061
12.816000 0.312090
12.817000 0.318883
12.818000 0.325436
12.819000 0.331744
12.820000 0.337802
12.821000 0.343605
12.822000 0.349151
12.823000 0.354434
12.824000 0.359451
12.825000 0.364197
12.826000 0.368671
12.827000 0.372867
12.828000 0.376784
12.829000 0.380418
12.830000 0.383766
12.831000 0.386825
12.832000 0.389594
12.833000 0.392070
12.834000 0.394251
12.835000 0.396136
12.836000 0.397721
12.837000 0.399007
12.838000 0.399992
12.839000 0.400675
12.840000 0.401055
12.841000 0.401131
12.842000 0.400903
12.843000 0.400371
12.844000 0.399534
12.845000 0.398393
12.846000 0.396948
12.847000 0.395201
12.848000 0.393150
12.849000 0.390798
12.850000 0.388146
12.851000 0.385195
12.852000 0.381946
12.853000 0.378402
12.854000 0.374564
12.855000 0.370434
12.856000 0.366015
12.857000 0.361310
12.858000 0.356320
12.859000 0.351050
12.860000 0.345501
12.861000 0.339678
12.862000 0.333584
12.863000 0.327223
12.864000 0.320597
12.865000 0.313713
12.866000 0.306572
12.867000 0.299181
12.868000 0.291543
12.869000 0.283663
12.870000 0.275546
12.871000 0.267197
12.872000 0.258622
12.873000 0.249825
12.874000 0.240811
12.875000 0.231588
12.876000 0.222159
12.877000 0.212532
12.878000 0.202712
12.879000 0.192705
12.880000 0.182519
12.881000 0.172158
12.882000 0.161630
12.883000 0.150941
12.884000 0.140098
12.885000 0.129108
12.886000 0.117977
12.887000 0.106714
12.888000 0.095324
12.889000 0.083816
12.890000 0.072196
12.891000 0.060473
12.892000 0.048652
12.893000 0.036743
12.894000 0.024752
12.895000 0.012687
12.896000 0.000555
12.897000 -0.011634
12.898000 -0.023874
12.899000 -0.036158
12.900000 -0.048476
12.901000 -0.060821
12.902000 -0.073185
12.903000 -0.085561
12.904000 -0.097940
12.905000 -0.110315
12.906000 -0.122677
12.907000 -0.135019
12.908000 -0.147332
12.909000 -0.159609
12.910000 -0.171842
12.911000 -0.184023
12.912000 -0.196144
12.913000 -0.208198
12.914000 -0.220177
12.915000 -0.232072
12.916000 -0.243877
12.917000 -0.255584
12.918000 -0.267185
12.919000 -0.278672
12.920000 -0.290040
12.921000 -0.301279
12.922000 -0.312383
12.923000 -0.323345
12.924000 -0.334158
12.925000 -0.344815
12.926000 -0.355308
12.927000 -0.365632
12.928000 -0.375779
12.929000 -0.385744
12.930000 -0.395519
12.931000 -0.405098
12.932000 -0.414476
12.933000 -0.423646
12.934000 -0.432603
12.935000 -0.441340
12.936000 -0.449852
12.937000 -0.458134
12.938000 -0.466180
12.939000 -0.473986
12.940000 -0.481546
12.941000 -0.488855
12.942000 -0.495909
12.943000 -0.502704
12.944000 -0.509234
12.945000 -0.515497
12.946000 -0.521487
12.947000 -0.527202
12.948000 -0.532637
12.949000 -0.537789
12.950000 -0.542656
12.951000 -0.547233
12.952000 -0.551518
12.953000 -0.555509
12.954000 -0.559203
12.955000 -0.562598
12.956000 -0.565692
12.957000 -0.568482
12.958000 -0.570968
12.959000 -0.573148
12.960000 -0.575020
12.961000 -0.576584
12.962000 -0.577838
12.963000 -0.578783
12.964000 -0.579417
12.965000 -0.579741
12.966000 -0.579754
12.967000 -0.579457
12.968000 -0.578850
12.969000 -0.577934
12.970000 -0.576710
12.971000 -0.575178
12.972000 -0.573340
12.973000 -0.571197
12.974000 -0.568752
12.975000 -0.566005
12.976000 -0.562959
12.977000 -0.559616
12.978000 -0.555979
12.979000 -0.552051
12.980000 -0.547833
12.981000 -0.543330
12.982000 -0.538544
12.983000 -0.533478
12.984000 -0.528138
12.985000 -0.522525
12.986000 -0.516645
12.987000 -0.510502
12.988000 -0.504099
12.989000 -0.497441
12.990000 -0.490534
12.991000 -0.483381
12.992000 -0.475989
12.993000 -0.468361
12.994000 -0.460504
12.995000 -0.452423
12.996000 -0.444123
12.997000 -0.435611
12.998000 -0.426892
12.999000 -0.417972
13.000000 -0.408858
13.001000 -0.399557
13.002000 -0.390073
13.003000 -0.380415
13.004000 -0.370589
13.005000 -0.360601
13.006000 -0.350459
13.007000 -0.340170
13.008000 -0.329740
13.009000 -0.319177
13.010000 -0.308489
13.011000 -0.297683
13.012000 -0.286766
13.013000 -0.275746
13.014000 -0.264631
13.015000 -0.253428
13.016000 -0.242144
13.017000 -0.230789
13.018000 -0.219370
13.019000 -0.207894
13.020000 -0.196370
13.021000 -0.184806
13.022000 -0.173209
13.023000 -0.161589
13.024000 -0.149952
13.025000 -0.138306
13.026000 -0.126661
13.027000 -0.115024
13.028000 -0.103404
13.029000 -0.091807
13.030000 -0.080243
13.031000 -0.068719
13.032000 -0.057243
13.033000 -0.045824
13.034000 -0.034469
13.035000 -0.023186
13.036000 -0.011983
13.037000 -0.000868
13.038000 0.010152
13.039000 0.021069
13.040000 0.031874
13.041000 0.042561
13.042000 0.053123
13.043000 0.063551
13.044000 0.073839
13.045000 0.083980
13.046000 0.093965
13.047000 0.103790
13.048000 0.113445
13.049000 0.122925
13.050000 0.132224
13.051000 0.141334
13.052000 0.150249
13.053000 0.158964
13.054000 0.167471
13.055000 0.175765
13.056000 0.183840
13.057000 0.191691
13.058000 0.199311
13.059000 0.206696
13.060000 0.213841
13.061000 0.220739
13.062000 0.227387
13.063000 0.233780
13.064000 0.239913
13.065000 0.245782
13.066000 0.251383
13.067000 0.256711
13.068000 0.261763
13.069000 0.266535
13.070000 0.271024
13.071000 0.275227
13.072000 0.279141
13.073000 0.282762
13.074000 0.286088
13.075000 0.289118
13.076000 0.291847
13.077000 0.294275
13.078000 0.296400
13.079000 0.298220
13.080000 0.299734
13.081000 0.300940
13.082000 0.301837
13.083000 0.302426
13.084000 0.302704
13.085000 0.302673
13.086000 0.302331
13.087000 0.301679
13.088000 0.300718
13.089000 0.299447
13.090000 0.297868
13.091000 0.295981
13.092000 0.293787
13.093000 0.291289
13.094000 0.288487
13.095000 0.285383
13.096000 0.281980
13.097000 0.278279
13.098000 0.274283
13.099000 0.269995
13.100000 0.265417
13.101000 0.260553
13.102000 0.255405
13.103000 0.249978
13.104000 0.244274
13.105000 0.238298
13.106000 0.232053
13.107000 0.225544
13.108000 0.218775
13.109000 0.211751
13.110000 0.204476
13.111000 0.196955
13.112000 0.189193
13.113000 0.181197
13.114000 0.172970
13.115000 0.164518
13.116000 0.155848
13.117000 0.146966
13.118000 0.137876
13.119000 0.128586
13.120000 0.119101
13.121000 0.109429
13.122000 0.099575
13.123000 0.089547
13.124000 0.079351
13.125000 0.068995
13.126000 0.058484
13.127000 0.047828
13.128000 0.037031
13.129000 0.026104
13.130000 0.015051
13.131000 0.003882
13.132000 -0.007396
13.133000 -0.018775
13.134000 -0.030248
13.135000 -0.041807
13.136000 -0.053444
13.137000 -0.065150
13.138000 -0.076919
13.139000 -0.088740
13.140000 -0.100608
13.141000 -0.112513
13.142000 -0.124447
13.143000 -0.136402
13.144000 -0.148369
13.145000 -0.160341
13.146000 -0.172310
13.147000 -0.184266
13.148000 -0.196202
13.149000 -0.208110
13.150000 -0.219980
13.151000 -0.231806
13.152000 -0.243579
13.153000 -0.255290
13.154000 -0.266932
13.155000 -0.278497
13.156000 -0.289976
13.157000 -0.301362
13.158000 -0.312646
13.159000 -0.323821
13.160000 -0.334880
13.161000 -0.345814
13.162000 -0.356615
13.163000 -0.367277
13.164000 -0.377792
13.165000 -0.388153
13.166000 -0.398352
13.167000 -0.408382
13.168000 -0.418237
13.169000 -0.427909
13.170000 -0.437392
13.171000 -0.446679
13.172000 -0.455763
13.173000 -0.464639
13.174000 -0.473300
13.175000 -0.481740
13.176000 -0.489952
13.177000 -0.497933
13.178000 -0.505674
13.179000 -0.513173
13.180000 -0.520422
13.181000 -0.527417
13.182000 -0.534153
13.183000 -0.540625
13.184000 -0.546830
13.185000 -0.552761
13.186000 -0.558415
13.187000 -0.563789
13.188000 -0.568878
13.189000 -0.573679
13.190000 -0.578187
13.191000 -0.582401
13.192000 -0.586317
13.193000 -0.589932
13.194000 -0.593244
13.195000 -0.596250
13.196000 -0.598948
13.197000 -0.601336
13.198000 -0.603413
13.199000 -0.605176
13.200000 -0.606625
13.201000 -0.607758
13.202000 -0.608574
13.203000 -0.609074
13.204000 -0.609255
13.205000 -0.609119
13.206000 -0.608665
13.207000 -0.607893
13.208000 -0.606804
13.209000 -0.605398
13.210000 -0.603677
13.211000 -0.601641
13.212000 -0.599292
13.213000 -0.596630
13.214000 -0.593659
13.215000 -0.590380
13.216000 -0.586795
13.217000 -0.582906
13.218000 -0.578716
13.219000 -0.574228
13.220000 -0.569445
13.221000 -0.564370
13.222000 -0.559006
13.223000 -0.553358
13.224000 -0.547429
13.225000 -0.541222
13.226000 -0.534743
13.227000 -0.527995
13.228000 -0.520984
13.229000 -0.513713
13.230000 -0.506189
13.231000 -0.498415
13.232000 -0.490398
13.233000 -0.482142
13.234000 -0.473654
13.235000 -0.464940
13.236000 -0.456004
13.237000 -0.446854
13.238000 -0.437496
13.239000 -0.427936
13.240000 -0.418180
13.241000 -0.408236
13.242000 -0.398109
13.243000 -0.387808
13.244000 -0.377339
13.245000 -0.366710
13.246000 -0.355927
13.247000 -0.344998
13.248000 -0.333931
13.249000 -0.322734
13.250000 -0.311413
13.251000 -0.299977
13.252000 -0.288434
13.253000 -0.276791
13.254000 -0.265057
13.255000 -0.253239
13.256000 -0.241347
13.257000 -0.229388
13.258000 -0.217370
13.259000 -0.205302
13.260000 -0.193191
13.261000 -0.181047
13.262000 -0.168878
13.263000 -0.156692
13.264000 -0.144498
13.265000 -0.132303
13.266000 -0.120117
13.267000 -0.107948
13.268000 -0.095804
13.269000 -0.083693
13.270000 -0.071625
13.271000 -0.059607
13.272000 -0.047647
13.273000 -0.035755
13.274000 -0.023937
13.275000 -0.012203
13.276000 -0.000561
13.277000 0.010982
13.278000 0.022418
13.279000 0.033739
13.280000 0.044936
13.281000 0.056002
13.282000 0.066930
13.283000 0.077712
13.284000 0.088340
13.285000 0.098807
13.286000 0.109107
13.287000 0.119231
13.288000 0.129173
13.289000 0.138926
13.290000 0.148483
13.291000 0.157838
13.292000 0.166984
13.293000 0.175915
13.294000 0.184625
13.295000 0.193108
13.296000 0.201358
13.297000 0.209369
13.298000 0.217136
13.299000 0.224654
13.300000 0.231916
13.301000 0.238920
13.302000 0.245659
13.303000 0.252129
13.304000 0.258326
13.305000 0.264245
13.306000 0.269883
13.307000 0.275235
13.308000 0.280298
13.309000 0.285069
13.310000 0.289545
13.311000 0.293722
13.312000 0.297597
13.313000 0.301169
13.314000 0.304435
13.315000 0.307392
13.316000 0.310039
13.317000 0.312374
13.318000 0.314395
13.319000 0.316102
13.320000 0.317493
13.321000 0.318568
13.322000 0.319326
13.323000 0.319766
13.324000 0.319889
13.325000 0.319695
13.326000 0.319183
13.327000 0.318355
13.328000 0.317212
13.329000 0.315754
13.330000 0.313982
13.331000 0.311899
13.332000 0.309505
13.333000 0.306803
13.334000 0.303795
13.335000 0.300483
13.336000 0.296870
13.337000 0.292958
13.338000 0.288751
13.339000 0.284252
13.340000 0.279463
13.341000 0.274390
13.342000 0.269035
13.343000 0.263403
13.344000 0.257498
13.345000 0.251324
13.346000 0.244886
13.347000 0.238189
13.348000 0.231238
13.349000 0.224038
13.350000 0.216594
13.351000 0.208912
13.352000 0.200998
13.353000 0.192857
13.354000 0.184496
13.355000 0.175921
13.356000 0.167137
13.357000 0.158153
13.358000 0.148974
13.359000 0.139607
13.360000 0.130059
13.361000 0.120337
13.362000 0.110449
13.363000 0.100401
13.364000 0.090201
13.365000 0.079857
13.366000 0.069377
13.367000 0.058767
13.368000 0.048037
13.369000 0.037193
13.370000 0.026245
13.371000 0.015199
13.372000 0.004065
13.373000 -0.007150
13.374000 -0.018438
13.375000 -0.029789
13.376000 -0.041195
13.377000 -0.052649
13.378000 -0.064141
13.379000 -0.075663
13.380000 -0.087207
13.381000 -0.098763
13.382000 -0.110324
13.383000 -0.121881
13.384000 -0.133425
13.385000 -0.144947
13.386000 -0.156439
13.387000 -0.167893
13.388000 -0.179300
13.389000 -0.190651
13.390000 -0.201939
13.391000 -0.213154
13.392000 -0.224288
13.393000 -0.235333
13.394000 -0.246281
13.395000 -0.257123
13.396000 -0.267852
13.397000 -0.278459
13.398000 -0.288937
13.399000 -0.299277
13.400000 -0.309472
13.401000 -0.319514
13.402000 -0.329396
13.403000 -0.339110
13.404000 -0.348649
13.405000 -0.358005
13.406000 -0.367172
13.407000 -0.376143
13.408000 -0.384911
13.409000 -0.393468
13.410000 -0.401810
13.411000 -0.409929
13.412000 -0.417819
13.413000 -0.425474
13.414000 -0.432889
13.415000 -0.440057
13.416000 -0.446973
13.417000 -0.453632
13.418000 -0.460028
13.419000 -0.466157
13.420000 -0.472014
13.421000 -0.477594
13.422000 -0.482893
13.423000 -0.487907
13.424000 -0.492631
13.425000 -0.497062
13.426000 -0.501197
13.427000 -0.505031
13.428000 -0.508563
13.429000 -0.511788
13.430000 -0.514704
13.431000 -0.517309
13.432000 -0.519601
13.433000 -0.521577
13.434000 -0.523236
13.435000 -0.524575
13.436000 -0.525595
13.437000 -0.526293
13.438000 -0.526668
13.439000 -0.526721
13.440000 -0.526450
13.441000 -0.525856
13.442000 -0.524938
13.443000 -0.523697
13.444000 -0.522133
13.445000 -0.520247
13.446000 -0.518040
13.447000 -0.515513
13.448000 -0.512668
13.449000 -0.509506
13.450000 -0.506029
13.451000 -0.502239
13.452000 -0.498139
13.453000 -0.493732
13.454000 -0.489019
13.455000 -0.484004
13.456000 -0.478690
13.457000 -0.473081
13.458000 -0.467180
13.459000 -0.460992
13.460000 -0.454519
13.461000 -0.447768
13.462000 -0.440741
13.463000 -0.433445
13.464000 -0.425882
13.465000 -0.418060
13.466000 -0.409983
13.467000 -0.401656
13.468000 -0.393085
13.469000 -0.384276
13.470000 -0.375235
13.471000 -0.365968
13.472000 -0.356482
13.473000 -0.346783
13.474000 -0.336877
13.475000 -0.326771
13.476000 -0.316473
13.477000 -0.305989
13.478000 -0.295326
13.479000 -0.284493
13.480000 -0.273495
13.481000 -0.262342
13.482000 -0.251041
13.483000 -0.239599
13.484000 -0.228024
13.485000 -0.216325
13.486000 -0.204510
13.487000 -0.192586
13.488000 -0.180562
13.489000 -0.168447
13.490000 -0.156248
13.491000 -0.143975
13.492000 -0.131636
13.493000 -0.119238
13.494000 -0.106792
13.495000 -0.094306
13.496000 -0.081788
13.497000 -0.069248
13.498000 -0.056693
13.499000 -0.044132
13.500000 -0.031576
13.501000 -0.019031
13.502000 -0.006507
13.503000 0.005987
13.504000 0.018443
13.505000 0.030851
13.506000 0.043204
13.507000 0.055493
13.508000 0.067709
13.509000 0.079843
13.510000 0.091887
13.511000 0.103833
13.512000 0.115673
13.513000 0.127397
13.514000 0.138999
13.515000 0.150469
13.516000 0.161800
13.517000 0.172984
13.518000 0.184013
13.519000 0.194880
13.520000 0.205577
13.521000 0.216096
13.522000 0.226430
13.523000 0.236572
13.524000 0.246515
13.525000 0.256253
13.526000 0.265777
13.527000 0.275083
13.528000 0.284162
13.529000 0.293010
13.530000 0.301620
13.531000 0.309986
13.532000 0.318102
13.533000 0.325963
13.534000 0.333563
13.535000 0.340897
13.536000 0.347961
13.537000 0.354749
13.538000 0.361257
13.539000 0.367480
13.540000 0.373414
13.541000 0.379056
13.542000 0.384401
13.543000 0.389446
13.544000 0.394188
13.545000 0.398623
13.546000 0.402748
13.547000 0.406562
13.548000 0.410062
13.549000 0.413244
13.550000 0.416109
13.551000 0.418652
13.552000 0.420875
13.553000 0.422774
13.554000 0.424349
13.555000 0.425599
13.556000 0.426524
13.557000 0.427123
13.558000 0.427396
13.559000 0.427344
13.560000 0.426966
13.561000 0.426265
13.562000 0.425239
13.563000 0.423891
13.564000 0.422223
13.565000 0.420234
13.566000 0.417928
13.567000 0.415307
13.568000 0.412372
13.569000 0.409126
13.570000 0.405573
13.571000 0.401715
13.572000 0.397555
13.573000 0.393096
13.574000 0.388344
13.575000 0.383300
13.576000 0.377970
13.577000 0.372358
13.578000 0.366468
13.579000 0.360304
13.580000 0.353873
13.581000 0.347179
13.582000 0.340227
13.583000 0.333024
13.584000 0.325573
13.585000 0.317883
13.586000 0.309957
13.587000 0.301804
13.588000 0.293429
13.589000 0.284839
13.590000 0.276040
13.591000 0.267039
13.592000 0.257844
13.593000 0.248462
13.594000 0.238900
13.595000 0.229165
13.596000 0.219265
13.597000 0.209208
13.598000 0.199002
13.599000 0.188654
13.600000 0.178173
13.601000 0.167566
13.602000 0.156843
13.603000 0.146010
13.604000 0.135078
13.605000 0.124054
13.606000 0.112947
13.607000 0.101765
13.608000 0.090517
13.609000 0.079212
13.610000 0.067859
13.611000 0.056467
13.612000 0.045043
13.613000 0.033598
13.614000 0.022140
13.615000 0.010679
13.616000 -0.000778
13.617000 -0.012222
13.618000 -0.023642
13.619000 -0.035031
13.620000 -0.046379
13.621000 -0.057678
13.622000 -0.068919
13.623000 -0.080093
13.624000 -0.091191
13.625000 -0.102205
13.626000 -0.113126
13.627000 -0.123946
13.628000 -0.134656
13.629000 -0.145248
13.630000 -0.155713
13.631000 -0.166044
13.632000 -0.176232
13.633000 -0.186269
13.634000 -0.196147
13.635000 -0.205859
13.636000 -0.215396
13.637000 -0.224752
13.638000 -0.233919
13.639000 -0.242890
13.640000 -0.251657
13.641000 -0.260214
13.642000 -0.268554
13.643000 -0.276670
13.644000 -0.284556
13.645000 -0.292206
13.646000 -0.299612
13.647000 -0.306771
13.648000 -0.313674
13.649000 -0.320318
13.650000 -0.326697
13.651000 -0.332805
13.652000 -0.338638
13.653000 -0.344190
13.654000 -0.349457
13.655000 -0.354436
13.656000 -0.359121
13.657000 -0.363508
13.658000 -0.367595
13.659000 -0.371377
13.660000 -0.374852
13.661000 -0.378016
13.662000 -0.380866
13.663000 -0.383400
13.664000 -0.385616
13.665000 -0.387512
13.666000 -0.389085
13.667000 -0.390334
13.668000 -0.391258
13.669000 -0.391855
13.670000 -0.392125
13.671000 -0.392067
13.672000 -0.391681
13.673000 -0.390966
13.674000 -0.389923
13.675000 -0.388552
13.676000 -0.386854
13.677000 -0.384829
13.678000 -0.382479
13.679000 -0.379804
13.680000 -0.376807
13.681000 -0.373490
13.682000 -0.369853
13.683000 -0.365901
13.684000 -0.361634
13.685000 -0.357056
13.686000 -0.352171
13.687000 -0.346980
13.688000 -0.341488
13.689000 -0.335699
13.690000 -0.329616
13.691000 -0.323243
13.692000 -0.316585
13.693000 -0.309646
13.694000 -0.302432
13.695000 -0.294947
13.696000 -0.287196
13.697000 -0.279185
13.698000 -0.270919
13.699000 -0.262405
13.700000 -0.253648
13.701000 -0.244654
13.702000 -0.235429
13.703000 -0.225981
13.704000 -0.216316
13.705000 -0.206441
13.706000 -0.196362
13.707000 -0.186087
13.708000 -0.175624
13.709000 -0.164979
13.710000 -0.154161
13.711000 -0.143177
13.712000 -0.132035
13.713000 -0.120743
13.714000 -0.109309
13.715000 -0.097741
13.716000 -0.086048
13.717000 -0.074238
13.718000 -0.062319
13.719000 -0.050301
13.720000 -0.038191
13.721000 -0.025999
13.722000 -0.013733
13.723000 -0.001403
13.724000 0.010984
13.725000 0.023417
13.726000 0.035888
13.727000 0.048388
13.728000 0.060908
13.729000 0.073439
13.730000 0.085971
13.731000 0.098496
13.732000 0.111004
13.733000 0.123487
13.734000 0.135935
13.735000 0.148339
13.736000 0.160691
13.737000 0.172981
13.738000 0.185200
13.739000 0.197340
13.740000 0.209391
13.741000 0.221346
13.742000 0.233195
13.743000 0.244929
13.744000 0.256540
13.745000 0.268020
13.746000 0.279361
13.747000 0.290553
13.748000 0.301590
13.749000 0.312462
13.750000 0.323163
13.751000 0.333684
13.752000 0.344017
13.753000 0.354156
13.754000 0.364092
13.755000 0.373819
13.756000 0.383330
13.757000 0.392617
13.758000 0.401674
13.759000 0.410495
13.760000 0.419072
13.761000 0.427401
13.762000 0.435475
13.763000 0.443287
13.764000 0.450833
13.765000 0.458107
13.766000 0.465104
13.767000 0.471818
13.768000 0.478246
13.769000 0.484382
13.770000 0.490222
13.771000 0.495763
13.772000 0.500999
13.773000 0.505927
13.774000 0.510545
13.775000 0.514848
13.776000 0.518834
13.777000 0.522500
13.778000 0.525844
13.779000 0.528862
13.780000 0.531554
13.781000 0.533918
13.782000 0.535951
13.783000 0.537653
13.784000 0.539023
13.785000 0.540059
13.786000 0.540762
13.787000 0.541132
13.788000 0.541167
13.789000 0.540869
13.790000 0.540237
13.791000 0.539273
13.792000 0.537978
13.793000 0.536353
13.794000 0.534399
13.795000 0.532118
13.796000 0.529513
13.797000 0.526584
13.798000 0.523336
13.799000 0.519770
13.800000 0.515890
13.801000 0.511699
13.802000 0.507200
13.803000 0.502397
13.804000 0.497294
13.805000 0.491895
13.806000 0.486204
13.807000 0.480227
13.808000 0.473967
13.809000 0.467430
13.810000 0.460621
13.811000 0.453545
13.812000 0.446209
13.813000 0.438618
13.814000 0.430778
13.815000 0.422695
13.816000 0.414376
13.817000 0.405828
13.818000 0.397056
13.819000 0.388069
13.820000 0.378872
13.821000 0.369475
13.822000 0.359883
13.823000 0.350104
13.824000 0.340147
13.825000 0.330019
13.826000 0.319728
13.827000 0.309282
13.828000 0.298689
13.829000 0.287958
13.830000 0.277097
13.831000 0.266115
13.832000 0.255021
13.833000 0.243822
13.834000 0.232529
13.835000 0.221149
13.836000 0.209692
13.837000 0.198167
13.838000 0.186583
13.839000 0.174949
13.840000 0.163274
13.841000 0.151567
13.842000 0.139837
13.843000 0.128095
13.844000 0.116348
13.845000 0.104607
13.846000 0.092880
13.847000 0.081177
13.848000 0.069507
13.849000 0.057879
13.850000 0.046302
13.851000 0.034785
13.852000 0.023339
13.853000 0.011970
13.854000 0.000689
13.855000 -0.010496
13.856000 -0.021575
13.857000 -0.032541
13.858000 -0.043384
13.859000 -0.054096
13.860000 -0.064668
13.861000 -0.075093
13.862000 -0.085361
13.863000 -0.095465
13.864000 -0.105396
13.865000 -0.115148
13.866000 -0.124711
13.867000 -0.134079
13.868000 -0.143245
13.869000 -0.152200
13.870000 -0.160937
13.871000 -0.169451
13.872000 -0.177733
13.873000 -0.185778
13.874000 -0.193578
13.875000 -0.201129
13.876000 -0.208423
13.877000 -0.215455
13.878000 -0.222219
13.879000 -0.228709
13.880000 -0.234922
13.881000 -0.240851
13.882000 -0.246492
13.883000 -0.251839
13.884000 -0.256890
13.885000 -0.261640
13.886000 -0.266084
13.887000 -0.270220
13.888000 -0.274043
13.889000 -0.277551
13.890000 -0.280741
13.891000 -0.283610
13.892000 -0.286156
13.893000 -0.288376
13.894000 -0.290269
13.895000 -0.291832
13.896000 -0.293065
13.897000 -0.293967
13.898000 -0.294536
13.899000 -0.294771
13.900000 -0.294673
13.901000 -0.294242
13.902000 -0.293477
13.903000 -0.292379
13.904000 -0.290948
13.905000 -0.289185
13.906000 -0.287093
13.907000 -0.284671
13.908000 -0.281922
13.909000 -0.278848
13.910000 -0.275450
13.911000 -0.271732
13.912000 -0.267696
13.913000 -0.263345
13.914000 -0.258682
13.915000 -0.253710
13.916000 -0.248434
13.917000 -0.242857
13.918000 -0.236984
13.919000 -0.230818
13.920000 -0.224364
13.921000 -0.217628
13.922000 -0.210614
13.923000 -0.203327
13.924000 -0.195773
13.925000 -0.187958
13.926000 -0.179888
13.927000 -0.171569
13.928000 -0.163006
13.929000 -0.154207
13.930000 -0.145178
13.931000 -0.135927
13.932000 -0.126459
13.933000 -0.116783
13.934000 -0.106906
13.935000 -0.096835
13.936000 -0.086577
13.937000 -0.076142
13.938000 -0.065536
13.939000 -0.054769
13.940000 -0.043847
13.941000 -0.032780
13.942000 -0.021576
13.943000 -0.010244
13.944000 0.001209
13.945000 0.012772
13.946000 0.024437
13.947000 0.036195
13.948000 0.048037
13.949000 0.059954
13.950000 0.071937
13.951000 0.083976
13.952000 0.096062
13.953000 0.108187
13.954000 0.120339
13.955000 0.132511
13.956000 0.144693
13.957000 0.156875
13.958000 0.169048
13.959000 0.181203
13.960000 0.193329
13.961000 0.205419
13.962000 0.217461
13.963000 0.229448
13.964000 0.241370
13.965000 0.253217
13.966000 0.264980
13.967000 0.276651
13.968000 0.288220
13.969000 0.299678
13.970000 0.311016
13.971000 0.322226
13.972000 0.333299
13.973000 0.344226
13.974000 0.354998
13.975000 0.365608
13.976000 0.376047
13.977000 0.386307
13.978000 0.396380
13.979000 0.406258
13.980000 0.415933
13.981000 0.425398
13.982000 0.434646
13.983000 0.443669
13.984000 0.452460
13.985000 0.461013
13.986000 0.469320
13.987000 0.477375
13.988000 0.485173
13.989000 0.492706
13.990000 0.499969
13.991000 0.506957
13.992000 0.513663
13.993000 0.520082
13.994000 0.526211
13.995000 0.532042
13.996000 0.537573
13.997000 0.542799
13.998000 0.547715
13.999000 0.552318
14.000000 0.556604
14.001000 0.560570
14.002000 0.564213
14.003000 0.567529
14.004000 0.570516
14.005000 0.573173
14.006000 0.575495
14.007000 0.577483
14.008000 0.579134
14.009000 0.580446
14.010000 0.581420
14.011000 0.582053
14.012000 0.582346
14.013000 0.582298
14.014000 0.581909
14.015000 0.581180
14.016000 0.580111
14.017000 0.578702
14.018000 0.576955
14.019000 0.574872
14.020000 0.572453
14.021000 0.569700
14.022000 0.566617
14.023000 0.563204
14.024000 0.559465
14.025000 0.555403
14.026000 0.551020
14.027000 0.546320
14.028000 0.541307
14.029000 0.535985
14.030000 0.530357
14.031000 0.524429
14.032000 0.518204
14.033000 0.511688
14.034000 0.504885
14.035000 0.497801
14.036000 0.490442
14.037000 0.482812
14.038000 0.474919
14.039000 0.466768
14.040000 0.458365
14.041000 0.449718
14.042000 0.440832
14.043000 0.431715
14.044000 0.422374
14.045000 0.412816
14.046000 0.403049
14.047000 0.393080
14.048000 0.382917
14.049000 0.372568
14.050000 0.362041
14.051000 0.351344
14.052000 0.340486
14.053000 0.329475
14.054000 0.318319
14.055000 0.307028
14.056000 0.295611
14.057000 0.284075
14.058000 0.272431
14.059000 0.260687
14.060000 0.248853
14.061000 0.236937
14.062000 0.224950
14.063000 0.212900
14.064000 0.200797
14.065000 0.188650
14.066000 0.176470
14.067000 0.164265
14.068000 0.152044
14.069000 0.139819
14.070000 0.127598
14.071000 0.115390
14.072000 0.103206
14.073000 0.091054
14.074000 0.078946
14.075000 0.066888
14.076000 0.054893
14.077000 0.042968
14.078000 0.031123
14.079000 0.019367
14.080000 0.007710
14.081000 -0.003839
14.082000 -0.015271
14.083000 -0.026578
14.084000 -0.037750
14.085000 -0.048779
14.086000 -0.059656
14.087000 -0.070373
14.088000 -0.080920
14.089000 -0.091290
14.090000 -0.101476
14.091000 -0.111467
14.092000 -0.121258
14.093000 -0.130840
14.094000 -0.140206
14.095000 -0.149348
14.096000 -0.158260
14.097000 -0.166934
14.098000 -0.175364
14.099000 -0.183542
14.100000 -0.191464
14.101000 -0.199121
14.102000 -0.206510
14.103000 -0.213622
14.104000 -0.220455
14.105000 -0.227001
14.106000 -0.233255
14.107000 -0.239214
14.108000 -0.244872
14.109000 -0.250226
14.110000 -0.255270
14.111000 -0.260001
14.112000 -0.264415
14.113000 -0.268509
14.114000 -0.272280
14.115000 -0.275726
14.116000 -0.278842
14.117000 -0.281628
14.118000 -0.284080
14.119000 -0.286198
14.120000 -0.287979
14.121000 -0.289422
14.122000 -0.290527
14.123000 -0.291293
14.124000 -0.291718
14.125000 -0.291804
14.126000 -0.291549
14.127000 -0.290955
14.128000 -0.290022
14.129000 -0.288751
14.130000 -0.287143
14.131000 -0.285199
14.132000 -0.282922
14.133000 -0.280313
14.134000 -0.277374
14.135000 -0.274109
14.136000 -0.270519
14.137000 -0.266608
14.138000 -0.262379
14.139000 -0.257836
14.140000 -0.252983
14.141000 -0.247822
14.142000 -0.242360
14.143000 -0.236600
14.144000 -0.230548
14.145000 -0.224207
14.146000 -0.217584
14.147000 -0.210684
14.148000 -0.203513
14.149000 -0.196076
14.150000 -0.188381
14.151000 -0.180432
14.152000 -0.172237
14.153000 -0.163802
14.154000 -0.155135
14.155000 -0.146243
14.156000 -0.137132
14.157000 -0.127811
14.158000 -0.118287
14.159000 -0.108568
14.160000 -0.098662
14.161000 -0.088577
14.162000 -0.078321
14.163000 -0.067903
14.164000 -0.057332
14.165000 -0.046616
14.166000 -0.035764
14.167000 -0.024785
14.168000 -0.013688
14.169000 -0.002482
14.170000 0.008823
14.171000 0.020219
14.172000 0.031696
14.173000 0.043244
14.174000 0.054854
14.175000 0.066517
14.176000 0.078222
14.177000 0.089960
14.178000 0.101722
14.179000 0.113497
14.180000 0.125276
14.181000 0.137050
14.182000 0.148808
14.183000 0.160540
14.184000 0.172238
14.185000 0.183891
14.186000 0.195489
14.187000 0.207024
14.188000 0.218485
14.189000 0.229863
14.190000 0.241149
14.191000 0.252333
14.192000 0.263406
14.193000 0.274359
14.194000 0.285182
14.195000 0.295867
14.196000 0.306404
14.197000 0.316785
14.198000 0.327002
14.199000 0.337045
14.200000 0.346906
14.201000 0.356577
14.202000 0.366051
14.203000 0.375318
14.204000 0.384371
14.205000 0.393203
14.206000 0.401806
14.207000 0.410173
14.208000 0.418297
14.209000 0.426170
14.210000 0.433787
14.211000 0.441140
14.212000 0.448224
14.213000 0.455033
14.214000 0.461560
14.215000 0.467799
14.216000 0.473747
14.217000 0.479397
14.218000 0.484745
14.219000 0.489785
14.220000 0.494514
14.221000 0.498927
14.222000 0.503021
14.223000 0.506791
14.224000 0.510235
14.225000 0.513349
14.226000 0.516131
14.227000 0.518577
14.228000 0.520685
14.229000 0.522454
14.230000 0.523882
14.231000 0.524967
14.232000 0.525707
14.233000 0.526102
14.234000 0.526152
14.235000 0.525855
14.236000 0.525212
14.237000 0.524223
14.238000 0.522888
14.239000 0.521209
14.240000 0.519185
14.241000 0.516818
14.242000 0.514110
14.243000 0.511063
14.244000 0.507679
14.245000 0.503960
14.246000 0.499908
14.247000 0.495528
14.248000 0.490821
14.249000 0.485792
14.250000 0.480443
14.251000 0.474780
14.252000 0.468806
14.253000 0.462525
14.254000 0.455943
14.255000 0.449065
14.256000 0.441895
14.257000 0.434439
14.258000 0.426703
14.259000 0.418693
14.260000 0.410414
14.261000 0.401874
14.262000 0.393078
14.263000 0.384034
14.264000 0.374748
14.265000 0.365228
14.266000 0.355481
14.267000 0.345515
14.268000 0.335337
14.269000 0.324955
14.270000 0.314378
14.271000 0.303613
14.272000 0.292669
14.273000 0.281554
14.274000 0.270277
14.275000 0.258848
14.276000 0.247274
14.277000 0.235565
14.278000 0.223730
14.279000 0.211779
14.280000 0.199720
14.281000 0.187564
14.282000 0.175319
14.283000 0.162995
14.284000 0.150602
14.285000 0.138150
14.286000 0.125649
14.287000 0.113108
14.288000 0.100536
14.289000 0.087945
14.290000 0.075344
14.291000 0.062743
14.292000 0.050151
14.293000 0.037579
14.294000 0.025037
14.295000 0.012534
14.296000 0.000080
14.297000 -0.012315
14.298000 -0.024640
14.299000 -0.036888
14.300000 -0.049047
14.301000 -0.061109
14.302000 -0.073064
14.303000 -0.084902
14.304000 -0.096614
14.305000 -0.108191
14.306000 -0.119624
14.307000 -0.130904
14.308000 -0.142022
14.309000 -0.152969
14.310000 -0.163737
14.311000 -0.174317
14.312000 -0.184701
14.313000 -0.194881
14.314000 -0.204849
14.315000 -0.214597
14.316000 -0.224118
14.317000 -0.233404
14.318000 -0.242447
14.319000 -0.251242
14.320000 -0.259780
14.321000 -0.268056
14.322000 -0.276063
14.323000 -0.283795
14.324000 -0.291245
14.325000 -0.298409
14.326000 -0.305280
14.327000 -0.311854
14.328000 -0.318124
14.329000 -0.324088
14.330000 -0.329740
14.331000 -0.335075
14.332000 -0.340090
14.333000 -0.344781
14.334000 -0.349145
14.335000 -0.353178
14.336000 -0.356878
14.337000 -0.360242
14.338000 -0.363267
14.339000 -0.365951
14.340000 -0.368293
14.341000 -0.370291
14.342000 -0.371944
14.343000 -0.373250
14.344000 -0.374209
14.345000 -0.374821
14.346000 -0.375086
14.347000 -0.375003
14.348000 -0.374574
14.349000 -0.373799
14.350000 -0.372678
14.351000 -0.371214
14.352000 -0.369407
14.353000 -0.367261
14.354000 -0.364776
14.355000 -0.361956
14.356000 -0.358803
14.357000 -0.355320
14.358000 -0.351510
14.359000 -0.347377
14.360000 -0.342925
14.361000 -0.338158
14.362000 -0.333080
14.363000 -0.327695
14.364000 -0.322009
14.365000 -0.316027
14.366000 -0.309753
14.367000 -0.303195
14.368000 -0.296356
14.369000 -0.289244
14.370000 -0.281865
14.371000 -0.274225
14.372000 -0.266331
14.373000 -0.258190
14.374000 -0.249809
14.375000 -0.241195
14.376000 -0.232357
14.377000 -0.223300
14.378000 -0.214035
14.379000 -0.204568
14.380000 -0.194907
14.381000 -0.185062
14.382000 -0.175041
14.383000 -0.164853
14.384000 -0.154505
14.385000 -0.144009
14.386000 -0.133371
14.387000 -0.122603
14.388000 -0.111712
14.389000 -0.100709
14.390000 -0.089603
14.391000 -0.078404
14.392000 -0.067121
14.393000 -0.055764
14.394000 -0.044343
14.395000 -0.032868
14.396000 -0.021349
14.397000 -0.009796
14.398000 0.001782
14.399000 0.013373
14.400000 0.024968
14.401000 0.036558
14.402000 0.048131
14.403000 0.059679
14.404000 0.071190
14.405000 0.082655
14.406000 0.094064
14.407000 0.105407
14.408000 0.116674
14.409000 0.127855
14.410000 0.138941
14.411000 0.149922
14.412000 0.160788
14.413000 0.171530
14.414000 0.182139
14.415000 0.192605
14.416000 0.202918
14.417000 0.213071
14.418000 0.223054
14.419000 0.232858
14.420000 0.242475
14.421000 0.251897
14.422000 0.261114
14.423000 0.270119
14.424000 0.278904
14.425000 0.287461
14.426000 0.295783
14.427000 0.303862
14.428000 0.311691
14.429000 0.319263
14.430000 0.326571
14.431000 0.333608
14.432000 0.340369
14.433000 0.346847
14.434000 0.353037
14.435000 0.358932
14.436000 0.364527
14.437000 0.369818
14.438000 0.374799
14.439000 0.379465
14.440000 0.383813
14.441000 0.387838
14.442000 0.391536
14.443000 0.394905
14.444000 0.397939
14.445000 0.400638
14.446000 0.402997
14.447000 0.405014
14.448000 0.406688
14.449000 0.408016
14.450000 0.408996
14.451000 0.409628
14.452000 0.409911
14.453000 0.409843
14.454000 0.409425
14.455000 0.408655
14.456000 0.407535
14.457000 0.406065
14.458000 0.404245
14.459000 0.402077
14.460000 0.399562
14.461000 0.396701
14.462000 0.393497
14.463000 0.389952
14.464000 0.386067
14.465000 0.381847
14.466000 0.377294
14.467000 0.372411
14.468000 0.367202
14.469000 0.361671
14.470000 0.355822
14.471000 0.349659
14.472000 0.343187
14.473000 0.336412
14.474000 0.329337
14.475000 0.321970
14.476000 0.314315
14.477000 0.306378
14.478000 0.298166
14.479000 0.289685
14.480000 0.280942
14.481000 0.271943
14.482000 0.262696
14.483000 0.253207
14.484000 0.243486
14.485000 0.233538
14.486000 0.223372
14.487000 0.212996
14.488000 0.202419
14.489000 0.191648
14.490000 0.180693
14.491000 0.169561
14.492000 0.158263
14.493000 0.146807
14.494000 0.135201
14.495000 0.123457
14.496000 0.111582
14.497000 0.099587
14.498000 0.087480
14.499000 0.075273
14.500000 0.062974
14.501000 0.050594
14.502000 0.038142
14.503000 0.025629
14.504000 0.013064
14.505000 0.000458
14.506000 -0.012179
14.507000 -0.024836
14.508000 -0.037505
14.509000 -0.050174
14.510000 -0.062833
14.511000 -0.075472
14.512000 -0.088080
14.513000 -0.100649
14.514000 -0.113166
14.515000 -0.125623
14.516000 -0.138009
14.517000 -0.150314
14.518000 -0.162529
14.519000 -0.174643
14.520000 -0.186646
14.521000 -0.198529
14.522000 -0.210282
14.523000 -0.221896
14.524000 -0.233362
14.525000 -0.244669
14.526000 -0.255809
14.527000 -0.266774
14.528000 -0.277553
14.529000 -0.288139
14.530000 -0.298523
14.531000 -0.308696
14.532000 -0.318650
14.533000 -0.328378
14.534000 -0.337871
14.535000 -0.347123
14.536000 -0.356124
14.537000 -0.364869
14.538000 -0.373350
14.539000 -0.381561
14.540000 -0.389494
14.541000 -0.397144
14.542000 -0.404504
14.543000 -0.411570
14.544000 -0.418334
14.545000 -0.424792
14.546000 -0.430938
14.547000 -0.436769
14.548000 -0.442279
14.549000 -0.447463
14.550000 -0.452319
14.551000 -0.456842
14.552000 -0.461029
14.553000 -0.464877
14.554000 -0.468382
14.555000 -0.471542
14.556000 -0.474355
14.557000 -0.476820
14.558000 -0.478933
14.559000 -0.480694
14.560000 -0.482101
14.561000 -0.483155
14.562000 -0.483853
14.563000 -0.484197
14.564000 -0.484186
14.565000 -0.483820
14.566000 -0.483100
14.567000 -0.482028
14.568000 -0.480604
14.569000 -0.478829
14.570000 -0.476707
14.571000 -0.474239
14.572000 -0.471427
14.573000 -0.468274
14.574000 -0.464784
14.575000 -0.460959
14.576000 -0.456804
14.577000 -0.452321
14.578000 -0.447516
14.579000 -0.442393
14.580000 -0.436955
14.581000 -0.431210
14.582000 -0.425161
14.583000 -0.418814
14.584000 -0.412175
14.585000 -0.405249
14.586000 -0.398044
14.587000 -0.390566
14.588000 -0.382821
14.589000 -0.374816
14.590000 -0.366559
14.591000 -0.358056
14.592000 -0.349316
14.593000 -0.340346
14.594000 -0.331155
14.595000 -0.321750
14.596000 -0.312139
14.597000 -0.302332
14.598000 -0.292337
14.599000 -0.282163
14.600000 -0.271819
14.601000 -0.261314
14.602000 -0.250657
14.603000 -0.239858
14.604000 -0.228927
14.605000 -0.217873
14.606000 -0.206705
14.607000 -0.195434
14.608000 -0.184070
14.609000 -0.172623
14.610000 -0.161103
14.611000 -0.149520
14.612000 -0.137884
14.613000 -0.126205
14.614000 -0.114495
14.615000 -0.102763
14.616000 -0.091019
14.617000 -0.079275
14.618000 -0.067540
14.619000 -0.055824
14.620000 -0.044139
14.621000 -0.032495
14.622000 -0.020901
14.623000 -0.009368
14.624000 0.002093
14.625000 0.013473
14.626000 0.024762
14.627000 0.035949
14.628000 0.047024
14.629000 0.057978
14.630000 0.068801
14.631000 0.079484
14.632000 0.090017
14.633000 0.100390
14.634000 0.110594
14.635000 0.120621
14.636000 0.130461
14.637000 0.140105
14.638000 0.149545
14.639000 0.158773
14.640000 0.167780
14.641000 0.176558
14.642000 0.185100
14.643000 0.193397
14.644000 0.201442
14.645000 0.209228
14.646000 0.216748
14.647000 0.223995
14.648000 0.230963
14.649000 0.237645
14.650000 0.244035
14.651000 0.250127
14.652000 0.255916
14.653000 0.261397
14.654000 0.266564
14.655000 0.271412
14.656000 0.275938
14.657000 0.280137
14.658000 0.284005
14.659000 0.287538
14.660000 0.290733
14.661000 0.293587
14.662000 0.296097
14.663000 0.298260
14.664000 0.300075
14.665000 0.301540
14.666000 0.302653
14.667000 0.303412
14.668000 0.303817
14.669000 0.303867
14.670000 0.303562
14.671000 0.302901
14.672000 0.301885
14.673000 0.300515
14.674000 0.298791
14.675000 0.296714
14.676000 0.294286
14.677000 0.291510
14.678000 0.288386
14.679000 0.284917
14.680000 0.281106
14.681000 0.276956
14.682000 0.272470
14.683000 0.267651
14.684000 0.262505
14.685000 0.257034
14.686000 0.251243
14.687000 0.245137
14.688000 0.238720
14.689000 0.231999
14.690000 0.224979
14.691000 0.217664
14.692000 0.210062
14.693000 0.202179
14.694000 0.194021
14.695000 0.185595
14.696000 0.176908
14.697000 0.167966
14.698000 0.158779
14.699000 0.149353
14.700000 0.139696
14.701000 0.129816
14.702000 0.119722
14.703000 0.109421
14.704000 0.098924
14.705000 0.088238
14.706000 0.077372
14.707000 0.066336
14.708000 0.055138
14.709000 0.043789
14.710000 0.032298
14.711000 0.020674
14.712000 0.008928
14.713000 -0.002931
14.714000 -0.014892
14.715000 -0.026946
14.716000 -0.039083
14.717000 -0.051291
14.718000 -0.063561
14.719000 -0.075883
14.720000 -0.088245
14.721000 -0.100637
14.722000 -0.113050
14.723000 -0.125472
14.724000 -0.137892
14.725000 -0.150301
14.726000 -0.162687
14.727000 -0.175040
14.728000 -0.187350
14.729000 -0.199606
14.730000 -0.211798
14.731000 -0.223915
14.732000 -0.235947
14.733000 -0.247884
14.734000 -0.259715
14.735000 -0.271431
14.736000 -0.283021
14.737000 -0.294476
14.738000 -0.305785
14.739000 -0.316940
14.740000 -0.327931
14.741000 -0.338747
14.742000 -0.349381
14.743000 -0.359823
14.744000 -0.370064
14.745000 -0.380095
14.746000 -0.389908
14.747000 -0.399495
14.748000 -0.408847
14.749000 -0.417956
14.750000 -0.426814
14.751000 -0.435415
14.752000 -0.443750
14.753000 -0.451812
14.754000 -0.459596
14.755000 -0.467093
14.756000 -0.474297
14.757000 -0.481204
14.758000 -0.487806
14.759000 -0.494097
14.760000 -0.500074
14.761000 -0.505730
14.762000 -0.511061
14.763000 -0.516062
14.764000 -0.520729
14.765000 -0.525058
14.766000 -0.529045
14.767000 -0.532688
14.768000 -0.535982
14.769000 -0.538926
14.770000 -0.541517
14.771000 -0.543752
14.772000 -0.545630
14.773000 -0.547149
14.774000 -0.548308
14.775000 -0.549107
14.776000 -0.549544
14.777000 -0.549619
14.778000 -0.549333
14.779000 -0.548685
14.780000 -0.547676
14.781000 -0.546308
14.782000 -0.544582
14.783000 -0.542498
14.784000 -0.540060
14.785000 -0.537269
14.786000 -0.534128
14.787000 -0.530640
14.788000 -0.526807
14.789000 -0.522634
14.790000 -0.518123
14.791000 -0.513280
14.792000 -0.508108
14.793000 -0.502612
14.794000 -0.496797
14.795000 -0.490667
14.796000 -0.484230
14.797000 -0.477489
14.798000 -0.470451
14.799000 -0.463123
14.800000 -0.455511
14.801000 -0.447621
14.802000 -0.439461
14.803000 -0.431038
14.804000 -0.422359
14.805000 -0.413432
14.806000 -0.404264
14.807000 -0.394865
14.808000 -0.385242
14.809000 -0.375403
14.810000 -0.365358
14.811000 -0.355115
14.812000 -0.344683
14.813000 -0.334072
14.814000 -0.323291
14.815000 -0.312350
14.816000 -0.301257
14.817000 -0.290023
14.818000 -0.278658
14.819000 -0.267172
14.820000 -0.255575
14.821000 -0.243877
14.822000 -0.232089
14.823000 -0.220220
14.824000 -0.208282
14.825000 -0.196285
14.826000 -0.184239
14.827000 -0.172156
14.828000 -0.160045
14.829000 -0.147918
14.830000 -0.135786
14.831000 -0.123658
14.832000 -0.111546
14.833000 -0.099460
14.834000 -0.087411
14.835000 -0.075411
14.836000 -0.063468
14.837000 -0.051594
14.838000 -0.039800
14.839000 -0.028095
14.840000 -0.016490
14.841000 -0.004996
14.842000 0.006378
14.843000 0.017621
14.844000 0.028724
14.845000 0.039676
14.846000 0.050468
14.847000 0.061091
14.848000 0.071535
14.849000 0.081790
14.850000 0.091849
14.851000 0.101701
14.852000 0.111338
14.853000 0.120752
14.854000 0.129935
14.855000 0.138877
14.856000 0.147572
14.857000 0.156011
14.858000 0.164187
14.859000 0.172093
14.860000 0.179722
14.861000 0.187067
14.862000 0.194122
14.863000 0.200880
14.864000 0.207336
14.865000 0.213483
14.866000 0.219316
14.867000 0.224830
14.868000 0.230021
14.869000 0.234883
14.870000 0.239412
14.871000 0.243605
14.872000 0.247457
14.873000 0.250965
14.874000 0.254126
14.875000 0.256938
14.876000 0.259397
14.877000 0.261502
14.878000 0.263251
14.879000 0.264642
14.880000 0.265674
14.881000 0.266346
14.882000 0.266657
14.883000 0.266608
14.884000 0.266198
14.885000 0.265428
14.886000 0.264298
14.887000 0.262810
14.888000 0.260964
14.889000 0.258763
14.890000 0.256208
14.891000 0.253302
14.892000 0.250047
14.893000 0.246447
14.894000 0.242504
14.895000 0.238221
14.896000 0.233604
14.897000 0.228656
14.898000 0.223381
14.899000 0.217784
14.900000 0.211871
14.901000 0.205646
14.902000 0.199115
14.903000 0.192284
14.904000 0.185158
14.905000 0.177746
14.906000 0.170052
14.907000 0.162085
14.908000 0.153850
14.909000 0.145356
14.910000 0.136610
14.911000 0.127620
14.912000 0.118394
14.913000 0.108941
14.914000 0.099268
14.915000 0.089385
14.916000 0.079300
14.917000 0.069022
14.918000 0.058562
14.919000 0.047927
14.920000 0.037128
14.921000 0.026174
14.922000 0.015076
14.923000 0.003842
14.924000 -0.007516
14.925000 -0.018988
14.926000 -0.030565
14.927000 -0.042235
14.928000 -0.053988
14.929000 -0.065815
14.930000 -0.077703
14.931000 -0.089642
14.932000 -0.101622
14.933000 -0.113631
14.934000 -0.125659
14.935000 -0.137696
14.936000 -0.149729
14.937000 -0.161748
14.938000 -0.173743
14.939000 -0.185702
14.940000 -0.197615
14.941000 -0.209471
14.942000 -0.221259
14.943000 -0.232968
14.944000 -0.244589
14.945000 -0.256109
14.946000 -0.267520
14.947000 -0.278810
14.948000 -0.289969
14.949000 -0.300988
14.950000 -0.311855
14.951000 -0.322562
14.952000 -0.333098
14.953000 -0.343454
14.954000 -0.353621
14.955000 -0.363589
14.956000 -0.373348
14.957000 -0.382891
14.958000 -0.392209
14.959000 -0.401292
14.960000 -0.410133
14.961000 -0.418723
14.962000 -0.427055
14.963000 -0.435120
14.964000 -0.442913
14.965000 -0.450424
14.966000 -0.457648
14.967000 -0.464578
14.968000 -0.471207
14.969000 -0.477528
14.970000 -0.483538
14.971000 -0.489228
14.972000 -0.494596
14.973000 -0.499634
14.974000 -0.504339
14.975000 -0.508706
14.976000 -0.512731
14.977000 -0.516410
14.978000 -0.519740
14.979000 -0.522717
14.980000 -0.525338
14.981000 -0.527602
14.982000 -0.529505
14.983000 -0.531045
14.984000 -0.532222
14.985000 -0.533033
14.986000 -0.533478
14.987000 -0.533556
14.988000 -0.533267
14.989000 -0.532611
14.990000 -0.531588
14.991000 -0.530199
14.992000 -0.528444
14.993000 -0.526326
14.994000 -0.523845
14.995000 -0.521004
14.996000 -0.517806
14.997000 -0.514251
14.998000 -0.510345
14.999000 -0.506089
15.000000 -0.501488
15.001000 -0.496545
15.002000 -0.491264
15.003000 -0.485650
15.004000 -0.479708
15.005000 -0.473443
15.006000 -0.466860
15.007000 -0.459965
15.008000 -0.452764
15.009000 -0.445262
15.010000 -0.437467
15.011000 -0.429386
15.012000 -0.421024
15.013000 -0.412390
15.014000 -0.403491
15.015000 -0.394335
15.016000 -0.384929
15.017000 -0.375283
15.018000 -0.365403
15.019000 -0.355300
15.020000 -0.344981
15.021000 -0.334456
15.022000 -0.323734
15.023000 -0.312825
15.024000 -0.301738
15.025000 -0.290482
15.026000 -0.279068
15.027000 -0.267505
15.028000 -0.255804
15.029000 -0.243975
15.030000 -0.232029
15.031000 -0.219975
15.032000 -0.207825
15.033000 -0.195589
15.034000 -0.183279
15.035000 -0.170904
15.036000 -0.158475
15.037000 -0.146005
15.038000 -0.133502
15.039000 -0.120980
15.040000 -0.108448
15.041000 -0.095918
15.042000 -0.083401
15.043000 -0.070907
15.044000 -0.058449
15.045000 -0.046036
15.046000 -0.033680
15.047000 -0.021391
15.048000 -0.009181
15.049000 0.002940
15.050000 0.014961
15.051000 0.026872
15.052000 0.038662
15.053000 0.050320
15.054000 0.061837
15.055000 0.073202
15.056000 0.084406
15.057000 0.095438
15.058000 0.106288
15.059000 0.116948
15.060000 0.127407
15.061000 0.137658
15.062000 0.147689
15.063000 0.157494
15.064000 0.167063
15.065000 0.176388
15.066000 0.185461
15.067000 0.194273
15.068000 0.202818
15.069000 0.211087
15.070000 0.219074
15.071000 0.226771
15.072000 0.234172
15.073000 0.241271
15.074000 0.248061
15.075000 0.254536
15.076000 0.260691
15.077000 0.266521
15.078000 0.272020
15.079000 0.277185
15.080000 0.282010
15.081000 0.286491
15.082000 0.290625
15.083000 0.294409
15.084000 0.297838
15.085000 0.300911
15.086000 0.303625
15.087000 0.305978
15.088000 0.307967
15.089000 0.309593
15.090000 0.310852
15.091000 0.311745
15.092000 0.312271
15.093000 0.312430
15.094000 0.312222
15.095000 0.311647
15.096000 0.310707
15.097000 0.309402
15.098000 0.307735
15.099000 0.305707
15.100000 0.303320
15.101000 0.300576
15.102000 0.297480
15.103000 0.294033
15.104000 0.290239
15.105000 0.286102
15.106000 0.281626
15.107000 0.276816
15.108000 0.271677
15.109000 0.266212
15.110000 0.260429
15.111000 0.254332
15.112000 0.247927
15.113000 0.241221
15.114000 0.234219
15.115000 0.226930
15.116000 0.219359
15.117000 0.211514
15.118000 0.203403
15.119000 0.195033
15.120000 0.186412
15.121000 0.177550
15.122000 0.168453
15.123000 0.159131
15.124000 0.149593
15.125000 0.139848
15.126000 0.129905
15.127000 0.119773
15.128000 0.109463
15.129000 0.098983
15.130000 0.088345
15.131000 0.077558
15.132000 0.066633
15.133000 0.055579
15.134000 0.044408
15.135000 0.033130
15.136000 0.021755
15.137000 0.010295
15.138000 -0.001239
15.139000 -0.012837
15.140000 -0.024488
15.141000 -0.036180
15.142000 -0.047903
15.143000 -0.059644
15.144000 -0.071394
15.145000 -0.083140
15.146000 -0.094872
15.147000 -0.106578
15.148000 -0.118248
15.149000 -0.129870
15.150000 -0.141432
15.151000 -0.152925
15.152000 -0.164337
15.153000 -0.175657
15.154000 -0.186874
15.155000 -0.197978
15.156000 -0.208957
15.157000 -0.219803
15.158000 -0.230503
15.159000 -0.241048
15.160000 -0.251427
15.161000 -0.261631
15.162000 -0.271650
15.163000 -0.281474
15.164000 -0.291094
15.165000 -0.300500
15.166000 -0.309684
15.167000 -0.318635
15.168000 -0.327347
15.169000 -0.335810
15.170000 -0.344015
15.171000 -0.351956
15.172000 -0.359624
15.173000 -0.367012
15.174000 -0.374112
15.175000 -0.380918
15.176000 -0.387422
15.177000 -0.393618
15.178000 -0.399501
15.179000 -0.405064
15.180000 -0.410301
15.181000 -0.415208
15.182000 -0.419779
15.183000 -0.424010
15.184000 -0.427896
15.185000 -0.431434
15.186000 -0.434618
15.187000 -0.437447
15.188000 -0.439917
15.189000 -0.442025
15.190000 -0.443769
15.191000 -0.445147
15.192000 -0.446157
15.193000 -0.446797
15.194000 -0.447067
15.195000 -0.446965
15.196000 -0.446492
15.197000 -0.445648
15.198000 -0.444432
15.199000 -0.442845
15.200000 -0.440889
15.201000 -0.438564
15.202000 -0.435873
15.203000 -0.432816
15.204000 -0.429398
15.205000 -0.425620
15.206000 -0.421485
15.207000 -0.416996
15.208000 -0.412158
15.209000 -0.406975
15.210000 -0.401450
15.211000 -0.395588
15.212000 -0.389394
15.213000 -0.382874
15.214000 -0.376033
15.215000 -0.368877
15.216000 -0.361411
15.217000 -0.353643
15.218000 -0.345580
15.219000 -0.337227
15.220000 -0.328593
15.221000 -0.319684
15.222000 -0.310509
15.223000 -0.301076
15.224000 -0.291393
15.225000 -0.281468
15.226000 -0.271310
15.227000 -0.260928
15.228000 -0.250332
15.229000 -0.239530
15.230000 -0.228532
15.231000 -0.217348
15.232000 -0.205988
15.233000 -0.194461
15.234000 -0.182779
15.235000 -0.170951
15.236000 -0.158987
15.237000 -0.146899
15.238000 -0.134698
15.239000 -0.122393
15.240000 -0.109997
15.241000 -0.097519
15.242000 -0.084972
15.243000 -0.072366
15.244000 -0.059712
15.245000 -0.047023
15.246000 -0.034309
15.247000 -0.021581
15.248000 -0.008851
15.249000 0.003869
15.250000 0.016569
15.251000 0.029237
15.252000 0.041861
15.253000 0.054431
15.254000 0.066936
15.255000 0.079363
15.256000 0.091702
15.257000 0.103942
15.258000 0.116072
15.259000 0.128081
15.260000 0.139959
15.261000 0.151694
15.262000 0.163277
15.263000 0.174697
15.264000 0.185944
15.265000 0.197007
15.266000 0.207878
15.267000 0.218546
15.268000 0.229002
15.269000 0.239236
15.270000 0.249240
15.271000 0.259004
15.272000 0.268520
15.273000 0.277780
15.274000 0.286775
15.275000 0.295498
15.276000 0.303940
15.277000 0.312095
15.278000 0.319954
15.279000 0.327512
15.280000 0.334762
15.281000 0.341697
15.282000 0.348311
15.283000 0.354599
15.284000 0.360555
15.285000 0.366174
15.286000 0.371451
15.287000 0.376382
15.288000 0.380963
15.289000 0.385189
15.290000 0.389058
15.291000 0.392566
15.292000 0.395710
15.293000 0.398488
15.294000 0.400898
15.295000 0.402937
15.296000 0.404605
15.297000 0.405900
15.298000 0.406821
15.299000 0.407369
15.300000 0.407542
15.301000 0.407342
15.302000 0.406769
15.303000 0.405823
15.304000 0.404507
15.305000 0.402822
15.306000 0.400770
15.307000 0.398353
15.308000 0.395574
15.309000 0.392436
15.310000 0.388943
15.311000 0.385098
15.312000 0.380905
15.313000 0.376369
15.314000 0.371494
15.315000 0.366286
15.316000 0.360749
15.317000 0.354889
15.318000 0.348713
15.319000 0.342226
15.320000 0.335436
15.321000 0.328348
15.322000 0.320970
15.323000 0.313310
15.324000 0.305374
15.325000 0.297172
15.326000 0.288710
15.327000 0.279998
15.328000 0.271044
15.329000 0.261858
15.330000 0.252447
15.331000 0.242821
15.332000 0.232991
15.333000 0.222965
15.334000 0.212753
15.335000 0.202366
15.336000 0.191814
15.337000 0.181106
15.338000 0.170255
15.339000 0.159269
15.340000 0.148161
15.341000 0.136941
15.342000 0.125619
15.343000 0.114208
15.344000 0.102719
15.345000 0.091161
15.346000 0.079548
15.347000 0.067890
15.348000 0.056199
15.349000 0.044487
15.350000 0.032764
15.351000 0.021042
15.352000 0.009333
15.353000 -0.002351
15.354000 -0.014000
15.355000 -0.025602
15.356000 -0.037145
15.357000 -0.048617
15.358000 -0.060009
15.359000 -0.071308
15.360000 -0.082504
15.361000 -0.093585
15.362000 -0.104540
15.363000 -0.115359
15.364000 -0.126031
15.365000 -0.136545
15.366000 -0.146892
15.367000 -0.157060
15.368000 -0.167040
15.369000 -0.176822
15.370000 -0.186395
15.371000 -0.195752
15.372000 -0.204881
15.373000 -0.213775
15.374000 -0.222424
15.375000 -0.230820
15.376000 -0.238954
15.377000 -0.246818
15.378000 -0.254404
15.379000 -0.261705
15.380000 -0.268713
15.381000 -0.275421
15.382000 -0.281822
15.383000 -0.287910
15.384000 -0.293679
15.385000 -0.299122
15.386000 -0.304234
15.387000 -0.309009
15.388000 -0.313444
15.389000 -0.317532
15.390000 -0.321270
15.391000 -0.324653
15.392000 -0.327679
15.393000 -0.330343
15.394000 -0.332642
15.395000 -0.334575
15.396000 -0.336138
15.397000 -0.337330
15.398000 -0.338149
15.399000 -0.338595
15.400000 -0.338665
15.401000 -0.338359
15.402000 -0.337678
15.403000 -0.336622
15.404000 -0.335190
15.405000 -0.333385
15.406000 -0.331206
15.407000 -0.328657
15.408000 -0.325738
15.409000 -0.322452
15.410000 -0.318803
15.411000 -0.314791
15.412000 -0.310422
15.413000 -0.305699
15.414000 -0.300626
15.415000 -0.295207
15.416000 -0.289447
15.417000 -0.283351
15.418000 -0.276924
15.419000 -0.270172
15.420000 -0.263101
15.421000 -0.255718
15.422000 -0.248028
15.423000 -0.240039
15.424000 -0.231758
15.425000 -0.223192
15.426000 -0.214349
15.427000 -0.205237
15.428000 -0.195864
15.429000 -0.186240
15.430000 -0.176371
15.431000 -0.166268
15.432000 -0.155940
15.433000 -0.145396
15.434000 -0.134645
15.435000 -0.123698
15.436000 -0.112565
15.437000 -0.101255
15.438000 -0.089779
15.439000 -0.078148
15.440000 -0.066372
15.441000 -0.054462
15.442000 -0.042430
15.443000 -0.030285
15.444000 -0.018040
15.445000 -0.005705
15.446000 0.006708
15.447000 0.019188
15.448000 0.031722
15.449000 0.044300
15.450000 0.056910
15.451000 0.069541
15.452000 0.082180
15.453000 0.094816
15.454000 0.107437
15.455000 0.120032
15.456000 0.132588
15.457000 0.145095
15.458000 0.157541
15.459000 0.169914
15.460000 0.182203
15.461000 0.194396
15.462000 0.206482
15.463000 0.218450
15.464000 0.230289
15.465000 0.241988
15.466000 0.253536
15.467000 0.264922
15.468000 0.276137
15.469000 0.287168
15.470000 0.298007
15.471000 0.308643
15.472000 0.319067
15.473000 0.329268
15.474000 0.339238
15.475000 0.348967
15.476000 0.358446
15.477000 0.367667
15.478000 0.376620
15.479000 0.385298
15.480000 0.393693
15.481000 0.401797
15.482000 0.409603
15.483000 0.417103
15.484000 0.424291
15.485000 0.431159
15.486000 0.437703
15.487000 0.443915
15.488000 0.449790
15.489000 0.455324
15.490000 0.460510
15.491000 0.465344
15.492000 0.469822
15.493000 0.473941
15.494000 0.477695
15.495000 0.481082
15.496000 0.484100
15.497000 0.486745
15.498000 0.489015
15.499000 0.490908
15.500000 0.492424
15.501000 0.493560
15.502000 0.494316
15.503000 0.494691
15.504000 0.494686
15.505000 0.494300
15.506000 0.493535
15.507000 0.492391
15.508000 0.490870
15.509000 0.488974
15.510000 0.486704
15.511000 0.484063
15.512000 0.481055
15.513000 0.477681
15.514000 0.473947
15.515000 0.469855
15.516000 0.465409
15.517000 0.460615
15.518000 0.455478
15.519000 0.450002
15.520000 0.444193
15.521000 0.438056
15.522000 0.431599
15.523000 0.424828
15.524000 0.417749
15.525000 0.410370
15.526000 0.402697
15.527000 0.394739
15.528000 0.386504
15.529000 0.378000
15.530000 0.369234
15.531000 0.360217
15.532000 0.350957
15.533000 0.341463
15.534000 0.331744
15.535000 0.321811
15.536000 0.311672
15.537000 0.301339
15.538000 0.290821
15.539000 0.280129
15.540000 0.269274
15.541000 0.258266
15.542000 0.247115
15.543000 0.235834
15.544000 0.224433
15.545000 0.212923
15.546000 0.201317
15.547000 0.189625
15.548000 0.177858
15.549000 0.166030
15.550000 0.154151
15.551000 0.142232
15.552000 0.130287
15.553000 0.118326
15.554000 0.106362
15.555000 0.094406
15.556000 0.082470
15.557000 0.070566
15.558000 0.058705
15.559000 0.046901
15.560000 0.035163
15.561000 0.023504
15.562000 0.011935
15.563000 0.000468
15.564000 -0.010885
15.565000 -0.022115
15.566000 -0.033209
15.567000 -0.044156
15.568000 -0.054946
15.569000 -0.065568
15.570000 -0.076012
15.571000 -0.086266
15.572000 -0.096322
15.573000 -0.106168
15.574000 -0.115795
15.575000 -0.125194
15.576000 -0.134355
15.577000 -0.143269
15.578000 -0.151927
15.579000 -0.160321
15.580000 -0.168441
15.581000 -0.176281
15.582000 -0.183831
15.583000 -0.191085
15.584000 -0.198036
15.585000 -0.204676
15.586000 -0.210998
15.587000 -0.216996
15.588000 -0.222665
15.589000 -0.227998
15.590000 -0.232991
15.591000 -0.237637
15.592000 -0.241932
15.593000 -0.245872
15.594000 -0.249453
15.595000 -0.252671
15.596000 -0.255523
15.597000 -0.258005
15.598000 -0.260116
15.599000 -0.261852
15.600000 -0.263213
15.601000 -0.264195
15.602000 -0.264799
15.603000 -0.265023
15.604000 -0.264868
15.605000 -0.264332
15.606000 -0.263416
15.607000 -0.262122
15.608000 -0.260449
15.609000 -0.258400
15.610000 -0.255977
15.611000 -0.253180
15.612000 -0.250014
15.613000 -0.246480
15.614000 -0.242583
15.615000 -0.238325
15.616000 -0.233711
15.617000 -0.228745
15.618000 -0.223432
15.619000 -0.217776
15.620000 -0.211783
15.621000 -0.205459
15.622000 -0.198810
15.623000 -0.191842
15.624000 -0.184561
15.625000 -0.176975
15.626000 -0.169091
15.627000 -0.160916
15.628000 -0.152458
15.629000 -0.143726
15.630000 -0.134727
15.631000 -0.125471
15.632000 -0.115966
15.633000 -0.106221
15.634000 -0.096246
15.635000 -0.086051
15.636000 -0.075644
15.637000 -0.065037
15.638000 -0.054239
15.639000 -0.043261
15.640000 -0.032114
15.641000 -0.020808
15.642000 -0.009354
15.643000 0.002237
15.644000 0.013953
15.645000 0.025783
15.646000 0.037716
15.647000 0.049740
15.648000 0.061843
15.649000 0.074014
15.650000 0.086241
15.651000 0.098512
15.652000 0.110815
15.653000 0.123138
15.654000 0.135469
15.655000 0.147797
15.656000 0.160108
15.657000 0.172392
15.658000 0.184636
15.659000 0.196828
15.660000 0.208956
15.661000 0.221009
15.662000 0.232975
15.663000 0.244842
15.664000 0.256599
15.665000 0.268233
15.666000 0.279735
15.667000 0.291092
15.668000 0.302293
15.669000 0.313328
15.670000 0.324185
15.671000 0.334855
15.672000 0.345326
15.673000 0.355589
15.674000 0.365633
15.675000 0.375448
15.676000 0.385025
15.677000 0.394355
15.678000 0.403429
15.679000 0.412237
15.680000 0.420770
15.681000 0.429022
15.682000 0.436982
15.683000 0.444645
15.684000 0.452001
15.685000 0.459044
15.686000 0.465767
15.687000 0.472164
15.688000 0.478228
15.689000 0.483952
15.690000 0.489332
15.691000 0.494363
15.692000 0.499038
15.693000 0.503354
15.694000 0.507307
15.695000 0.510892
15.696000 0.514106
15.697000 0.516945
15.698000 0.519408
15.699000 0.521491
15.700000 0.523192
15.701000 0.524510
15.702000 0.525443
15.703000 0.525991
15.704000 0.526153
15.705000 0.525928
15.706000 0.525318
15.707000 0.524321
15.708000 0.522941
15.709000 0.521176
15.710000 0.519031
15.711000 0.516506
15.712000 0.513603
15.713000 0.510327
15.714000 0.506680
15.715000 0.502665
15.716000 0.498286
15.717000 0.493549
15.718000 0.488457
15.719000 0.483015
15.720000 0.477228
15.721000 0.471104
15.722000 0.464646
15.723000 0.457862
15.724000 0.450759
15.725000 0.443343
15.726000 0.435621
15.727000 0.427601
15.728000 0.419292
15.729000 0.410701
15.730000 0.401836
15.731000 0.392707
15.732000 0.383322
15.733000 0.373690
15.734000 0.363822
15.735000 0.353726
15.736000 0.343412
15.737000 0.332892
15.738000 0.322174
15.739000 0.311270
15.740000 0.300191
15.741000 0.288947
15.742000 0.277549
15.743000 0.266008
15.744000 0.254337
15.745000 0.242546
15.746000 0.230647
15.747000 0.218651
15.748000 0.206572
15.749000 0.194419
15.750000 0.182206
15.751000 0.169945
15.752000 0.157646
15.753000 0.145324
15.754000 0.132989
15.755000 0.120654
15.756000 0.108332
15.757000 0.096033
15.758000 0.083771
15.759000 0.071557
15.760000 0.059403
15.761000 0.047323
15.762000 0.035326
15.763000 0.023425
15.764000 0.011633
15.765000 -0.000040
15.766000 -0.011583
15.767000 -0.022982
15.768000 -0.034229
15.769000 -0.045310
15.770000 -0.056216
15.771000 -0.066936
15.772000 -0.077458
15.773000 -0.087774
15.774000 -0.097872
15.775000 -0.107742
15.776000 -0.117376
15.777000 -0.126763
15.778000 -0.135894
15.779000 -0.144761
15.780000 -0.153354
15.781000 -0.161665
15.782000 -0.169687
15.783000 -0.177410
15.784000 -0.184828
15.785000 -0.191933
15.786000 -0.198718
15.787000 -0.205177
15.788000 -0.211303
15.789000 -0.217091
15.790000 -0.222534
15.791000 -0.227628
15.792000 -0.232367
15.793000 -0.236747
15.794000 -0.240763
15.795000 -0.244413
15.796000 -0.247691
15.797000 -0.250596
15.798000 -0.253124
15.799000 -0.255273
15.800000 -0.257041
15.801000 -0.258427
15.802000 -0.259428
15.803000 -0.260045
15.804000 -0.260277
15.805000 -0.260123
15.806000 -0.259584
15.807000 -0.258661
15.808000 -0.257355
15.809000 -0.255667
15.810000 -0.253600
15.811000 -0.251154
15.812000 -0.248334
15.813000 -0.245141
15.814000 -0.241580
15.815000 -0.237653
15.816000 -0.233366
15.817000 -0.228723
15.818000 -0.223728
15.819000 -0.218386
15.820000 -0.212704
15.821000 -0.206686
15.822000 -0.200340
15.823000 -0.193671
15.824000 -0.186687
15.825000 -0.179395
15.826000 -0.171802
15.827000 -0.163917
15.828000 -0.155746
15.829000 -0.147299
15.830000 -0.138584
15.831000 -0.129610
15.832000 -0.120387
15.833000 -0.110923
15.834000 -0.101229
15.835000 -0.091315
15.836000 -0.081190
15.837000 -0.070865
15.838000 -0.060351
15.839000 -0.049658
15.840000 -0.038797
15.841000 -0.027779
15.842000 -0.016617
15.843000 -0.005320
15.844000 0.006099
15.845000 0.017628
15.846000 0.029256
15.847000 0.040971
15.848000 0.052761
15.849000 0.064614
15.850000 0.076517
15.851000 0.088459
15.852000 0.100427
15.853000 0.112408
15.854000 0.124392
15.855000 0.136364
15.856000 0.148313
15.857000 0.160227
15.858000 0.172094
15.859000 0.183901
15.860000 0.195635
15.861000 0.207286
15.862000 0.218841
15.863000 0.230287
15.864000 0.241614
15.865000 0.252810
15.866000 0.263862
15.867000 0.274761
15.868000 0.285493
15.869000 0.296049
15.870000 0.306417
15.871000 0.316587
15.872000 0.326547
15.873000 0.336289
15.874000 0.345801
15.875000 0.355073
15.876000 0.364097
15.877000 0.372862
15.878000 0.381359
15.879000 0.389581
15.880000 0.397517
15.881000 0.405159
15.882000 0.412501
15.883000 0.419533
15.884000 0.426249
15.885000 0.432641
15.886000 0.438702
15.887000 0.444427
15.888000 0.449809
15.889000 0.454841
15.890000 0.459520
15.891000 0.463840
15.892000 0.467795
15.893000 0.471382
15.894000 0.474597
15.895000 0.477436
15.896000 0.479896
15.897000 0.481974
15.898000 0.483668
15.899000 0.484975
15.900000 0.485894
15.901000 0.486424
15.902000 0.486563
15.903000 0.486312
15.904000 0.485669
15.905000 0.484637
15.906000 0.483214
15.907000 0.481402
15.908000 0.479203
15.909000 0.476618
15.910000 0.473650
15.911000 0.470302
15.912000 0.466576
15.913000 0.462475
15.914000 0.458005
15.915000 0.453167
15.916000 0.447969
15.917000 0.442413
15.918000 0.436505
15.919000 0.430252
15.920000 0.423659
15.921000 0.416731
15.922000 0.409477
15.923000 0.401902
15.924000 0.394015
15.925000 0.385823
15.926000 0.377333
15.927000 0.368554
15.928000 0.359494
15.929000 0.350163
15.930000 0.340569
15.931000 0.330722
15.932000 0.320631
15.933000 0.310307
15.934000 0.299758
15.935000 0.288996
15.936000 0.278031
15.937000 0.266874
15.938000 0.255536
15.939000 0.244028
15.940000 0.232361
15.941000 0.220547
15.942000 0.208597
15.943000 0.196523
15.944000 0.184337
15.945000 0.172050
15.946000 0.159676
15.947000 0.147226
15.948000 0.134713
15.949000 0.122148
15.950000 0.109545
15.951000 0.096915
15.952000 0.084271
15.953000 0.071626
15.954000 0.058992
15.955000 0.046382
15.956000 0.033807
15.957000 0.021281
15.958000 0.008815
15.959000 -0.003578
15.960000 -0.015885
15.961000 -0.028095
15.962000 -0.040196
15.963000 -0.052175
15.964000 -0.064021
15.965000 -0.075723
15.966000 -0.087268
15.967000 -0.098645
15.968000 -0.109844
15.969000 -0.120852
15.970000 -0.131660
15.971000 -0.142256
15.972000 -0.152631
15.973000 -0.162774
15.974000 -0.172674
15.975000 -0.182324
15.976000 -0.191712
15.977000 -0.200830
15.978000 -0.209668
15.979000 -0.218219
15.980000 -0.226474
15.981000 -0.234425
15.982000 -0.242064
15.983000 -0.249384
15.984000 -0.256377
15.985000 -0.263037
15.986000 -0.269358
15.987000 -0.275334
15.988000 -0.280958
15.989000 -0.286226
15.990000 -0.291132
15.991000 -0.295673
15.992000 -0.299843
15.993000 -0.303638
15.994000 -0.307056
15.995000 -0.310094
15.996000 -0.312748
15.997000 -0.315016
15.998000 -0.316896
15.999000 -0.318388
16.000000 -0.319489
16.001000 -0.320199
16.002000 -0.320518
16.003000 -0.320446
16.004000 -0.319983
16.005000 -0.319131
16.006000 -0.317890
16.007000 -0.316262
16.008000 -0.314249
16.009000 -0.311854
16.010000 -0.309080
16.011000 -0.305930
16.012000 -0.302408
16.013000 -0.298517
16.014000 -0.294262
16.015000 -0.289648
16.016000 -0.284680
16.017000 -0.279364
16.018000 -0.273705
16.019000 -0.267710
16.020000 -0.261385
16.021000 -0.254737
16.022000 -0.247774
16.023000 -0.240503
16.024000 -0.232932
16.025000 -0.225069
16.026000 -0.216923
16.027000 -0.208502
16.028000 -0.199816
16.029000 -0.190874
16.030000 -0.181686
16.031000 -0.172261
16.032000 -0.162610
16.033000 -0.152743
16.034000 -0.142671
16.035000 -0.132404
16.036000 -0.121954
16.037000 -0.111332
16.038000 -0.100548
16.039000 -0.089615
16.040000 -0.078545
16.041000 -0.067349
16.042000 -0.056039
16.043000 -0.044627
16.044000 -0.033126
16.045000 -0.021548
16.046000 -0.009905
16.047000 0.001790
16.048000 0.013525
16.049000 0.025288
16.050000 0.037064
16.051000 0.048843
16.052000 0.060611
16.053000 0.072356
16.054000 0.084065
16.055000 0.095726
16.056000 0.107326
16.057000 0.118852
16.058000 0.130293
16.059000 0.141636
16.060000 0.152868
16.061000 0.163979
16.062000 0.174955
16.063000 0.185784
16.064000 0.196457
16.065000 0.206959
16.066000 0.217282
16.067000 0.227412
16.068000 0.237340
16.069000 0.247055
16.070000 0.256545
16.071000 0.265801
16.072000 0.274813
16.073000 0.283570
16.074000 0.292064
16.075000 0.300284
16.076000 0.308223
16.077000 0.315871
16.078000 0.323219
16.079000 0.330260
16.080000 0.336987
16.081000 0.343390
16.082000 0.349464
16.083000 0.355201
16.084000 0.360596
16.085000 0.365641
16.086000 0.370331
16.087000 0.374662
16.088000 0.378627
16.089000 0.382222
16.090000 0.385443
16.091000 0.388286
16.092000 0.390748
16.093000 0.392826
16.094000 0.394516
16.095000 0.395817
16.096000 0.396726
16.097000 0.397243
16.098000 0.397366
16.099000 0.397094
16.100000 0.396428
16.101000 0.395367
16.102000 0.393912
16.103000 0.392065
16.104000 0.389825
16.105000 0.387196
16.106000 0.384179
16.107000 0.380777
16.108000 0.376993
16.109000 0.372830
16.110000 0.368293
16.111000 0.363384
16.112000 0.358110
16.113000 0.352475
16.114000 0.346484
16.115000 0.340142
16.116000 0.333457
16.117000 0.326434
16.118000 0.319080
16.119000 0.311402
16.120000 0.303408
16.121000 0.295106
16.122000 0.286503
16.123000 0.277608
16.124000 0.268430
16.125000 0.258977
16.126000 0.249260
16.127000 0.239287
16.128000 0.229069
16.129000 0.218615
16.130000 0.207936
16.131000 0.197043
16.132000 0.185946
16.133000 0.174657
16.134000 0.163186
16.135000 0.151545
16.136000 0.139746
16.137000 0.127800
16.138000 0.115720
16.139000 0.103517
16.140000 0.091204
16.141000 0.078792
16.142000 0.066295
16.143000 0.053725
16.144000 0.041094
16.145000 0.028415
16.146000 0.015702
16.147000 0.002965
16.148000 -0.009781
16.149000 -0.022523
16.150000 -0.035250
16.151000 -0.047948
16.152000 -0.060605
16.153000 -0.073207
16.154000 -0.085743
16.155000 -0.098200
16.156000 -0.110564
16.157000 -0.122824
16.158000 -0.134968
16.159000 -0.146983
16.160000 -0.158857
16.161000 -0.170578
16.162000 -0.182135
16.163000 -0.193515
16.164000 -0.204708
16.165000 -0.215703
16.166000 -0.226488
16.167000 -0.237052
16.168000 -0.247385
16.169000 -0.257477
16.170000 -0.267318
16.171000 -0.276897
16.172000 -0.286206
16.173000 -0.295234
16.174000 -0.303974
16.175000 -0.312416
16.176000 -0.320552
16.177000 -0.328374
16.178000 -0.335874
16.179000 -0.343045
16.180000 -0.349880
16.181000 -0.356372
16.182000 -0.362515
16.183000 -0.368303
16.184000 -0.373731
16.185000 -0.378792
16.186000 -0.383482
16.187000 -0.387798
16.188000 -0.391734
16.189000 -0.395287
16.190000 -0.398455
16.191000 -0.401233
16.192000 -0.403620
16.193000 -0.405613
16.194000 -0.407211
16.195000 -0.408413
16.196000 -0.409218
16.197000 -0.409625
16.198000 -0.409635
16.199000 -0.409248
16.200000 -0.408465
16.201000 -0.407287
16.202000 -0.405716
16.203000 -0.403754
16.204000 -0.401403
16.205000 -0.398667
16.206000 -0.395549
16.207000 -0.392052
16.208000 -0.388181
16.209000 -0.383940
16.210000 -0.379334
16.211000 -0.374368
16.212000 -0.369049
16.213000 -0.363381
16.214000 -0.357373
16.215000 -0.351029
16.216000 -0.344358
16.217000 -0.337368
16.218000 -0.330064
16.219000 -0.322457
16.220000 -0.314554
16.221000 -0.306364
16.222000 -0.297897
16.223000 -0.289161
16.224000 -0.280166
16.225000 -0.270923
16.226000 -0.261440
16.227000 -0.251730
16.228000 -0.241802
16.229000 -0.231668
16.230000 -0.221338
16.231000 -0.210824
16.232000 -0.200138
16.233000 -0.189290
16.234000 -0.178294
16.235000 -0.167161
16.236000 -0.155903
16.237000 -0.144533
16.238000 -0.133062
16.239000 -0.121505
16.240000 -0.109873
16.241000 -0.098178
16.242000 -0.086435
16.243000 -0.074655
16.244000 -0.062852
16.245000 -0.051039
16.246000 -0.039227
16.247000 -0.027432
16.248000 -0.015664
16.249000 -0.003937
16.250000 0.007735
16.251000 0.019341
16.252000 0.030867
16.253000 0.042301
16.254000 0.053630
16.255000 0.064842
16.256000 0.075925
16.257000 0.086866
16.258000 0.097654
16.259000 0.108276
16.260000 0.118721
16.261000 0.128977
16.262000 0.139033
16.263000 0.148878
16.264000 0.158501
16.265000 0.167892
16.266000 0.177039
16.267000 0.185933
16.268000 0.194564
16.269000 0.202923
16.270000 0.210999
16.271000 0.218785
16.272000 0.226271
16.273000 0.233449
16.274000 0.240311
16.275000 0.246849
16.276000 0.253056
16.277000 0.258924
16.278000 0.264448
16.279000 0.269620
16.280000 0.274435
16.281000 0.278888
16.282000 0.282972
16.283000 0.286684
16.284000 0.290019
16.285000 0.292972
16.286000 0.295541
16.287000 0.297723
16.288000 0.299513
16.289000 0.300911
16.290000 0.301914
16.291000 0.302520
16.292000 0.302729
16.293000 0.302539
16.294000 0.301952
16.295000 0.300966
16.296000 0.299582
16.297000 0.297802
16.298000 0.295627
16.299000 0.293059
16.300000 0.290099
16.301000 0.286751
16.302000 0.283019
16.303000 0.278904
16.304000 0.274412
16.305000 0.269547
16.306000 0.264312
16.307000 0.258715
16.308000 0.252760
16.309000 0.246452
16.310000 0.239799
16.311000 0.232807
16.312000 0.225483
16.313000 0.217834
16.314000 0.209868
16.315000 0.201593
16.316000 0.193018
16.317000 0.184151
16.318000 0.175001
16.319000 0.165578
16.320000 0.155891
16.321000 0.145951
16.322000 0.135766
16.323000 0.125348
16.324000 0.114708
16.325000 0.103856
16.326000 0.092804
16.327000 0.081563
16.328000 0.070144
16.329000 0.058560
16.330000 0.046822
16.331000 0.034942
16.332000 0.022934
16.333000 0.010808
16.334000 -0.001422
16.335000 -0.013744
16.336000 -0.026144
16.337000 -0.038610
16.338000 -0.051130
16.339000 -0.063689
16.340000 -0.076275
16.341000 -0.088876
16.342000 -0.101477
16.343000 -0.114066
16.344000 -0.126629
16.345000 -0.139154
16.346000 -0.151628
16.347000 -0.164037
16.348000 -0.176369
16.349000 -0.188611
16.350000 -0.200749
16.351000 -0.212773
16.352000 -0.224668
16.353000 -0.236422
16.354000 -0.248024
16.355000 -0.259462
16.356000 -0.270722
16.357000 -0.281794
16.358000 -0.292667
16.359000 -0.303328
16.360000 -0.313767
16.361000 -0.323972
16.362000 -0.333934
16.363000 -0.343642
16.364000 -0.353085
16.365000 -0.362255
16.366000 -0.371141
16.367000 -0.379735
16.368000 -0.388027
16.369000 -0.396008
16.370000 -0.403671
16.371000 -0.411008
16.372000 -0.418011
16.373000 -0.424673
16.374000 -0.430987
16.375000 -0.436946
16.376000 -0.442545
16.377000 -0.447778
16.378000 -0.452639
16.379000 -0.457124
16.380000 -0.461227
16.381000 -0.464946
16.382000 -0.468275
16.383000 -0.471213
16.384000 -0.473755
16.385000 -0.475900
16.386000 -0.477646
16.387000 -0.478990
16.388000 -0.479932
16.389000 -0.480471
16.390000 -0.480606
16.391000 -0.480339
16.392000 -0.479669
16.393000 -0.478597
16.394000 -0.477124
16.395000 -0.475254
16.396000 -0.472987
16.397000 -0.470327
16.398000 -0.467276
16.399000 -0.463839
16.400000 -0.460019
16.401000 -0.455820
16.402000 -0.451248
16.403000 -0.446307
16.404000 -0.441003
16.405000 -0.435342
16.406000 -0.429330
16.407000 -0.422974
16.408000 -0.416281
16.409000 -0.409259
16.410000 -0.401916
16.411000 -0.394259
16.412000 -0.386296
16.413000 -0.378038
16.414000 -0.369493
16.415000 -0.360670
16.416000 -0.351579
16.417000 -0.342230
16.418000 -0.332634
16.419000 -0.322801
16.420000 -0.312741
16.421000 -0.302467
16.422000 -0.291989
16.423000 -0.281318
16.424000 -0.270468
16.425000 -0.259448
16.426000 -0.248273
16.427000 -0.236953
16.428000 -0.225501
16.429000 -0.213931
16.430000 -0.202254
16.431000 -0.190483
16.432000 -0.178632
16.433000 -0.166713
16.434000 -0.154739
16.435000 -0.142725
16.436000 -0.130682
16.437000 -0.118624
16.438000 -0.106564
16.439000 -0.094516
16.440000 -0.082493
16.441000 -0.070507
16.442000 -0.058573
16.443000 -0.046703
16.444000 -0.034910
16.445000 -0.023208
16.446000 -0.011608
16.447000 -0.000125
16.448000 0.011230
16.449000 0.022444
16.450000 0.033505
16.451000 0.044400
16.452000 0.055117
16.453000 0.065646
16.454000 0.075973
16.455000 0.086088
16.456000 0.095980
16.457000 0.105638
16.458000 0.115050
16.459000 0.124207
16.460000 0.133098
16.461000 0.141715
16.462000 0.150046
16.463000 0.158083
16.464000 0.165817
16.465000 0.173240
16.466000 0.180343
16.467000 0.187119
16.468000 0.193559
16.469000 0.199656
16.470000 0.205405
16.471000 0.210798
16.472000 0.215829
16.473000 0.220494
16.474000 0.224785
16.475000 0.228700
16.476000 0.232233
16.477000 0.235380
16.478000 0.238137
16.479000 0.240502
16.480000 0.242472
16.481000 0.244045
16.482000 0.245218
16.483000 0.245990
16.484000 0.246361
16.485000 0.246329
16.486000 0.245895
16.487000 0.245058
16.488000 0.243820
16.489000 0.242182
16.490000 0.240145
16.491000 0.237712
16.492000 0.234885
16.493000 0.231667
16.494000 0.228061
16.495000 0.224071
16.496000 0.219701
16.497000 0.214956
16.498000 0.209842
16.499000 0.204362
16.500000 0.198524
16.501000 0.192333
16.502000 0.185797
16.503000 0.178921
16.504000 0.171714
16.505000 0.164183
16.506000 0.156337
16.507000 0.148183
16.508000 0.139731
16.509000 0.130989
16.510000 0.121967
16.511000 0.112675
16.512000 0.103123
16.513000 0.093321
16.514000 0.083280
16.515000 0.073010
16.516000 0.062523
16.517000 0.051830
16.518000 0.040943
16.519000 0.029873
16.520000 0.018632
16.521000 0.007234
16.522000 -0.004311
16.523000 -0.015989
16.524000 -0.027788
16.525000 -0.039695
16.526000 -0.051697
16.527000 -0.063781
16.528000 -0.075934
16.529000 -0.088142
16.530000 -0.100393
16.531000 -0.112672
16.532000 -0.124967
16.533000 -0.137264
16.534000 -0.149550
16.535000 -0.161812
16.536000 -0.174035
16.537000 -0.186207
16.538000 -0.198314
16.539000 -0.210344
16.540000 -0.222283
16.541000 -0.234117
16.542000 -0.245835
16.543000 -0.257423
16.544000 -0.268868
16.545000 -0.280158
16.546000 -0.291281
16.547000 -0.302225
16.548000 -0.312977
16.549000 -0.323526
16.550000 -0.333860
16.551000 -0.343968
16.552000 -0.353839
16.553000 -0.363462
16.554000 -0.372826
16.555000 -0.381921
16.556000 -0.390737
16.557000 -0.399265
16.558000 -0.407495
16.559000 -0.415418
16.560000 -0.423025
16.561000 -0.430308
16.562000 -0.437259
16.563000 -0.443870
16.564000 -0.450134
16.565000 -0.456045
16.566000 -0.461594
16.567000 -0.466777
16.568000 -0.471588
16.569000 -0.476021
16.570000 -0.480071
16.571000 -0.483734
16.572000 -0.487006
16.573000 -0.489883
16.574000 -0.492362
16.575000 -0.494440
16.576000 -0.496115
16.577000 -0.497385
16.578000 -0.498248
16.579000 -0.498703
16.580000 -0.498751
16.581000 -0.498390
16.582000 -0.497621
16.583000 -0.496444
16.584000 -0.494862
16.585000 -0.492875
16.586000 -0.490486
16.587000 -0.487697
16.588000 -0.484512
16.589000 -0.480933
16.590000 -0.476965
16.591000 -0.472611
16.592000 -0.467877
16.593000 -0.462768
16.594000 -0.457288
16.595000 -0.451445
16.596000 -0.445244
16.597000 -0.438692
16.598000 -0.431797
16.599000 -0.424565
16.600000 -0.417004
16.601000 -0.409124
16.602000 -0.400932
16.603000 -0.392437
16.604000 -0.383649
16.605000 -0.374577
16.606000 -0.365231
16.607000 -0.355621
16.608000 -0.345758
16.609000 -0.335652
16.610000 -0.325314
16.611000 -0.314757
16.612000 -0.303991
16.613000 -0.293027
16.614000 -0.281879
16.615000 -0.270558
16.616000 -0.259077
16.617000 -0.247447
16.618000 -0.235683
16.619000 -0.223796
16.620000 -0.211800
16.621000 -0.199708
16.622000 -0.187533
16.623000 -0.175288
16.624000 -0.162987
16.625000 -0.150643
16.626000 -0.138269
16.627000 -0.125880
16.628000 -0.113489
16.629000 -0.101109
16.630000 -0.088754
16.631000 -0.076438
16.632000 -0.064173
16.633000 -0.051974
16.634000 -0.039854
16.635000 -0.027825
16.636000 -0.015902
16.637000 -0.004096
16.638000 0.007578
16.639000 0.019108
16.640000 0.030482
16.641000 0.041687
16.642000 0.052711
16.643000 0.063541
16.644000 0.074167
16.645000 0.084576
16.646000 0.094757
16.647000 0.104698
16.648000 0.114390
16.649000 0.123821
16.650000 0.132981
16.651000 0.141860
16.652000 0.150449
16.653000 0.158738
16.654000 0.166718
16.655000 0.174380
16.656000 0.181717
16.657000 0.188719
16.658000 0.195380
16.659000 0.201692
16.660000 0.207649
16.661000 0.213244
16.662000 0.218470
16.663000 0.223323
16.664000 0.227798
16.665000 0.231888
16.666000 0.235591
16.667000 0.238902
16.668000 0.241817
16.669000 0.244334
16.670000 0.246450
16.671000 0.248162
16.672000 0.249470
16.673000 0.250372
16.674000 0.250866
16.675000 0.250954
16.676000 0.250634
16.677000 0.249907
16.678000 0.248775
16.679000 0.247239
16.680000 0.245300
16.681000 0.242962
16.682000 0.240226
16.683000 0.237097
16.684000 0.233578
16.685000 0.229673
16.686000 0.225386
16.687000 0.220723
16.688000 0.215689
16.689000 0.210289
16.690000 0.204531
16.691000 0.198421
16.692000 0.191966
16.693000 0.185172
16.694000 0.178049
16.695000 0.170604
16.696000 0.162846
16.697000 0.154783
16.698000 0.146425
16.699000 0.137782
16.700000 0.128863
16.701000 0.119679
16.702000 0.110240
16.703000 0.100556
16.704000 0.090640
16.705000 0.080501
16.706000 0.070153
16.707000 0.059606
16.708000 0.048873
16.709000 0.037966
16.710000 0.026897
16.711000 0.015679
16.712000 0.004326
16.713000 -0.007151
16.714000 -0.018739
16.715000 -0.030423
16.716000 -0.042190
16.717000 -0.054028
16.718000 -0.065922
16.719000 -0.077859
16.720000 -0.089825
16.721000 -0.101807
16.722000 -0.113791
16.723000 -0.125763
16.724000 -0.137709
16.725000 -0.149617
16.726000 -0.161471
16.727000 -0.173259
16.728000 -0.184968
16.729000 -0.196583
16.730000 -0.208091
16.731000 -0.219479
16.732000 -0.230735
16.733000 -0.241844
16.734000 -0.252796
16.735000 -0.263575
16.736000 -0.274171
16.737000 -0.284572
16.738000 -0.294764
16.739000 -0.304737
16.740000 -0.314479
16.741000 -0.323978
16.742000 -0.333224
16.743000 -0.342206
16.744000 -0.350913
16.745000 -0.359335
16.746000 -0.367464
16.747000 -0.375288
16.748000 -0.382799
16.749000 -0.389988
16.750000 -0.396847
16.751000 -0.403367
16.752000 -0.409542
16.753000 -0.415363
16.754000 -0.420824
16.755000 -0.425918
16.756000 -0.430639
16.757000 -0.434981
16.758000 -0.438940
16.759000 -0.442510
16.760000 -0.445687
16.761000 -0.448467
16.762000 -0.450847
16.763000 -0.452823
16.764000 -0.454392
16.765000 -0.455554
16.766000 -0.456305
16.767000 -0.456645
16.768000 -0.456573
16.769000 -0.456089
16.770000 -0.455192
16.771000 -0.453884
16.772000 -0.452165
16.773000 -0.450037
16.774000 -0.447502
16.775000 -0.444562
16.776000 -0.441221
16.777000 -0.437481
16.778000 -0.433347
16.779000 -0.428823
16.780000 -0.423912
16.781000 -0.418622
16.782000 -0.412956
16.783000 -0.406921
16.784000 -0.400524
16.785000 -0.393771
16.786000 -0.386669
16.787000 -0.379226
16.788000 -0.371450
16.789000 -0.363349
16.790000 -0.354932
16.791000 -0.346208
16.792000 -0.337187
16.793000 -0.327878
16.794000 -0.318291
16.795000 -0.308437
16.796000 -0.298326
16.797000 -0.287969
16.798000 -0.277378
16.799000 -0.266564
16.800000 -0.255539
16.801000 -0.244315
16.802000 -0.232904
16.803000 -0.221318
16.804000 -0.209571
16.805000 -0.197675
16.806000 -0.185643
16.807000 -0.173488
16.808000 -0.161223
16.809000 -0.148863
16.810000 -0.136420
16.811000 -0.123908
16.812000 -0.111341
16.813000 -0.098733
16.814000 -0.086097
16.815000 -0.073448
16.816000 -0.060798
16.817000 -0.048163
16.818000 -0.035555
16.819000 -0.022989
16.820000 -0.010479
16.821000 0.001963
16.822000 0.014321
16.823000 0.026583
16.824000 0.038735
16.825000 0.050764
16.826000 0.062657
16.827000 0.074400
16.828000 0.085981
16.829000 0.097388
16.830000 0.108606
16.831000 0.119626
16.832000 0.130433
16.833000 0.141017
16.834000 0.151366
16.835000 0.161469
16.836000 0.171314
16.837000 0.180892
16.838000 0.190190
16.839000 0.199201
16.840000 0.207913
16.841000 0.216317
16.842000 0.224404
16.843000 0.232165
16.844000 0.239593
16.845000 0.246679
16.846000 0.253415
16.847000 0.259794
16.848000 0.265810
16.849000 0.271456
16.850000 0.276726
16.851000 0.281615
16.852000 0.286117
16.853000 0.290228
16.854000 0.293943
16.855000 0.297260
16.856000 0.300173
16.857000 0.302682
16.858000 0.304783
16.859000 0.306474
16.860000 0.307754
16.861000 0.308621
16.862000 0.309076
16.863000 0.309119
16.864000 0.308749
16.865000 0.307967
16.866000 0.306776
16.867000 0.305176
16.868000 0.303170
16.869000 0.300761
16.870000 0.297952
16.871000 0.294747
16.872000 0.291149
16.873000 0.287163
16.874000 0.282795
16.875000 0.278050
16.876000 0.272933
16.877000 0.267451
16.878000 0.261611
16.879000 0.255419
16.880000 0.248884
16.881000 0.242013
16.882000 0.234814
16.883000 0.227297
16.884000 0.219470
16.885000 0.211342
16.886000 0.202924
16.887000 0.194226
16.888000 0.185257
16.889000 0.176029
16.890000 0.166552
16.891000 0.156839
16.892000 0.146900
16.893000 0.136747
16.894000 0.126393
16.895000 0.115849
16.896000 0.105129
16.897000 0.094245
16.898000 0.083209
16.899000 0.072036
16.900000 0.060738
16.901000 0.049328
16.902000 0.037821
16.903000 0.026229
16.904000 0.014568
16.905000 0.002849
16.906000 -0.008912
16.907000 -0.020701
16.908000 -0.032506
16.909000 -0.044311
16.910000 -0.056102
16.911000 -0.067867
16.912000 -0.079590
16.913000 -0.091258
16.914000 -0.102857
16.915000 -0.114373
16.916000 -0.125792
16.917000 -0.137101
16.918000 -0.148287
16.919000 -0.159335
16.920000 -0.170234
16.921000 -0.180969
16.922000 -0.191528
16.923000 -0.201899
16.924000 -0.212069
16.925000 -0.222025
16.926000 -0.231757
16.927000 -0.241251
16.928000 -0.250498
16.929000 -0.259485
16.930000 -0.268202
16.931000 -0.276638
16.932000 -0.284783
16.933000 -0.292627
16.934000 -0.300161
16.935000 -0.307376
16.936000 -0.314262
16.937000 -0.320811
16.938000 -0.327016
16.939000 -0.332868
16.940000 -0.338360
16.941000 -0.343485
16.942000 -0.348238
16.943000 -0.352611
16.944000 -0.356600
16.945000 -0.360199
16.946000 -0.363403
16.947000 -0.366209
16.948000 -0.368613
16.949000 -0.370610
16.950000 -0.372199
16.951000 -0.373377
16.952000 -0.374142
16.953000 -0.374493
16.954000 -0.374429
16.955000 -0.373948
16.956000 -0.373052
16.957000 -0.371741
16.958000 -0.370015
16.959000 -0.367877
16.960000 -0.365327
16.961000 -0.362369
16.962000 -0.359005
16.963000 -0.355238
16.964000 -0.351073
16.965000 -0.346514
16.966000 -0.341564
16.967000 -0.336230
16.968000 -0.330517
16.969000 -0.324431
16.970000 -0.317979
16.971000 -0.311167
16.972000 -0.304002
16.973000 -0.296493
16.974000 -0.288647
16.975000 -0.280474
16.976000 -0.271981
16.977000 -0.263178
16.978000 -0.254074
16.979000 -0.244681
16.980000 -0.235007
16.981000 -0.225063
16.982000 -0.214861
16.983000 -0.204412
16.984000 -0.193727
16.985000 -0.182817
16.986000 -0.171696
16.987000 -0.160375
16.988000 -0.148866
16.989000 -0.137183
16.990000 -0.125339
16.991000 -0.113345
16.992000 -0.101217
16.993000 -0.088968
16.994000 -0.076610
16.995000 -0.064157
16.996000 -0.051625
16.997000 -0.039026
16.998000 -0.026374
16.999000 -0.013684
17.000000 -0.000969
17.001000 0.011755
17.002000 0.024476
17.003000 0.037178
17.004000 0.049848
17.005000 0.062471
17.006000 0.075034
17.007000 0.087523
17.008000 0.099922
17.009000 0.112220
17.010000 0.124401
17.011000 0.136453
17.012000 0.148362
17.013000 0.160114
17.014000 0.171698
17.015000 0.183098
17.016000 0.194304
17.017000 0.205303
17.018000 0.216082
17.019000 0.226629
17.020000 0.236933
17.021000 0.246983
17.022000 0.256766
17.023000 0.266273
17.024000 0.275493
17.025000 0.284415
17.026000 0.293030
17.027000 0.301329
17.028000 0.309301
17.029000 0.316939
17.030000 0.324235
17.031000 0.331179
17.032000 0.337765
17.033000 0.343985
17.034000 0.349834
17.035000 0.355303
17.036000 0.360389
17.037000 0.365084
17.038000 0.369385
17.039000 0.373287
17.040000 0.376785
17.041000 0.379877
17.042000 0.382559
17.043000 0.384828
17.044000 0.386682
17.045000 0.388121
17.046000 0.389141
17.047000 0.389744
17.048000 0.389928
17.049000 0.389694
17.050000 0.389042
17.051000 0.387975
17.052000 0.386493
17.053000 0.384599
17.054000 0.382296
17.055000 0.379586
17.056000 0.376473
17.057000 0.372963
17.058000 0.369058
17.059000 0.364764
17.060000 0.360087
17.061000 0.355032
17.062000 0.349606
17.063000 0.343816
17.064000 0.337668
17.065000 0.331172
17.066000 0.324334
17.067000 0.317163
17.068000 0.309667
17.069000 0.301857
17.070000 0.293742
17.071000 0.285331
17.072000 0.276636
17.073000 0.267666
17.074000 0.258432
17.075000 0.248946
17.076000 0.239220
17.077000 0.229264
17.078000 0.219092
17.079000 0.208716
17.080000 0.198147
17.081000 0.187400
17.082000 0.176487
17.083000 0.165421
17.084000 0.154216
17.085000 0.142885
17.086000 0.131441
17.087000 0.119900
17.088000 0.108275
17.089000 0.096579
17.090000 0.084827
17.091000 0.073034
17.092000 0.061213
17.093000 0.049378
17.094000 0.037545
17.095000 0.025727
17.096000 0.013939
17.097000 0.002195
17.098000 -0.009491
17.099000 -0.021105
17.100000 -0.032632
17.101000 -0.044059
17.102000 -0.055372
17.103000 -0.066556
17.104000 -0.077600
17.105000 -0.088488
17.106000 -0.099208
17.107000 -0.109747
17.108000 -0.120092
17.109000 -0.130231
17.110000 -0.140150
17.111000 -0.149839
17.112000 -0.159284
17.113000 -0.168475
17.114000 -0.177401
17.115000 -0.186049
17.116000 -0.194411
17.117000 -0.202475
17.118000 -0.210231
17.119000 -0.217671
17.120000 -0.224784
17.121000 -0.231562
17.122000 -0.237997
17.123000 -0.244081
17.124000 -0.249805
17.125000 -0.255162
17.126000 -0.260147
17.127000 -0.264753
17.128000 -0.268973
17.129000 -0.272802
17.130000 -0.276236
17.131000 -0.279269
17.132000 -0.281898
17.133000 -0.284120
17.134000 -0.285930
17.135000 -0.287327
17.136000 -0.288309
17.137000 -0.288873
17.138000 -0.289019
17.139000 -0.288746
17.140000 -0.288054
17.141000 -0.286943
17.142000 -0.285414
17.143000 -0.283469
17.144000 -0.281108
17.145000 -0.278336
17.146000 -0.275153
17.147000 -0.271564
17.148000 -0.267573
17.149000 -0.263183
17.150000 -0.258399
17.151000 -0.253227
17.152000 -0.247672
17.153000 -0.241741
17.154000 -0.235439
17.155000 -0.228773
17.156000 -0.221752
17.157000 -0.214383
17.158000 -0.206674
17.159000 -0.198633
17.160000 -0.190271
17.161000 -0.181596
17.162000 -0.172617
17.163000 -0.163346
17.164000 -0.153793
17.165000 -0.143968
17.166000 -0.133882
17.167000 -0.123548
17.168000 -0.112976
17.169000 -0.102180
17.170000 -0.091170
17.171000 -0.079960
17.172000 -0.068563
17.173000 -0.056991
17.174000 -0.045258
17.175000 -0.033378
17.176000 -0.021363
17.177000 -0.009228
17.178000 0.003014
17.179000 0.015348
17.180000 0.027761
17.181000 0.040237
17.182000 0.052764
17.183000 0.065325
17.184000 0.077908
17.185000 0.090496
17.186000 0.103077
17.187000 0.115635
17.188000 0.128157
17.189000 0.140626
17.190000 0.153030
17.191000 0.165354
17.192000 0.177584
17.193000 0.189705
17.194000 0.201704
17.195000 0.213567
17.196000 0.225281
17.197000 0.236830
17.198000 0.248204
17.199000 0.259388
17.200000 0.270369
17.201000 0.281135
17.202000 0.291673
17.203000 0.301972
17.204000 0.312020
17.205000 0.321804
17.206000 0.331314
17.207000 0.340539
17.208000 0.349468
17.209000 0.358091
17.210000 0.366398
17.211000 0.374380
17.212000 0.382027
17.213000 0.389331
17.214000 0.396283
17.215000 0.402876
17.216000 0.409102
17.217000 0.414954
17.218000 0.420425
17.219000 0.425510
17.220000 0.430202
17.221000 0.434496
17.222000 0.438387
17.223000 0.441872
17.224000 0.444946
17.225000 0.447606
17.226000 0.449849
17.227000 0.451673
17.228000 0.453076
17.229000 0.454056
17.230000 0.454614
17.231000 0.454747
17.232000 0.454457
17.233000 0.453744
17.234000 0.452609
17.235000 0.451054
17.236000 0.449081
17.237000 0.446693
17.238000 0.443893
17.239000 0.440684
17.240000 0.437070
17.241000 0.433057
17.242000 0.428649
17.243000 0.423851
17.244000 0.418670
17.245000 0.413112
17.246000 0.407184
17.247000 0.400893
17.248000 0.394248
17.249000 0.387256
17.250000 0.379925
17.251000 0.372265
17.252000 0.364286
17.253000 0.355996
17.254000 0.347407
17.255000 0.338528
17.256000 0.329371
17.257000 0.319946
17.258000 0.310265
17.259000 0.300341
17.260000 0.290184
17.261000 0.279808
17.262000 0.269224
17.263000 0.258446
17.264000 0.247488
17.265000 0.236361
17.266000 0.225081
17.267000 0.213660
17.268000 0.202112
17.269000 0.190451
17.270000 0.178693
17.271000 0.166849
17.272000 0.154937
17.273000 0.142968
17.274000 0.130959
17.275000 0.118924
17.276000 0.106877
17.277000 0.094833
17.278000 0.082807
17.279000 0.070813
17.280000 0.058865
17.281000 0.046979
17.282000 0.035169
17.283000 0.023448
17.284000 0.011832
17.285000 0.000335
17.286000 -0.011030
17.287000 -0.022250
17.288000 -0.033309
17.289000 -0.044195
17.290000 -0.054894
17.291000 -0.065394
17.292000 -0.075681
17.293000 -0.085744
17.294000 -0.095569
17.295000 -0.105146
17.296000 -0.114461
17.297000 -0.123504
17.298000 -0.132265
17.299000 -0.140731
17.300000 -0.148893
17.301000 -0.156741
17.302000 -0.164265
17.303000 -0.171456
17.304000 -0.178305
17.305000 -0.184803
17.306000 -0.190944
17.307000 -0.196718
17.308000 -0.202120
17.309000 -0.207141
17.310000 -0.211777
17.311000 -0.216022
17.312000 -0.219869
17.313000 -0.223315
17.314000 -0.226354
17.315000 -0.228984
17.316000 -0.231200
17.317000 -0.233000
17.318000 -0.234382
17.319000 -0.235343
17.320000 -0.235883
17.321000 -0.236001
17.322000 -0.235695
17.323000 -0.234967
17.324000 -0.233817
17.325000 -0.232246
17.326000 -0.230256
17.327000 -0.227850
17.328000 -0.225029
17.329000 -0.221797
17.330000 -0.218159
17.331000 -0.214117
17.332000 -0.209677
17.333000 -0.204844
17.334000 -0.199624
17.335000 -0.194022
17.336000 -0.188045
17.337000 -0.181701
17.338000 -0.174997
17.339000 -0.167940
17.340000 -0.160539
17.341000 -0.152803
17.342000 -0.144741
17.343000 -0.136363
17.344000 -0.127678
17.345000 -0.118696
17.346000 -0.109429
17.347000 -0.099888
17.348000 -0.090083
17.349000 -0.080027
17.350000 -0.069732
17.351000 -0.059209
17.352000 -0.048471
17.353000 -0.037532
17.354000 -0.026403
17.355000 -0.015100
17.356000 -0.003634
17.357000 0.007980
17.358000 0.019729
17.359000 0.031597
17.360000 0.043572
17.361000 0.055639
17.362000 0.067783
17.363000 0.079989
17.364000 0.092244
17.365000 0.104532
17.366000 0.116839
17.367000 0.129150
17.368000 0.141450
17.369000 0.153724
17.370000 0.165958
17.371000 0.178137
17.372000 0.190246
17.373000 0.202271
17.374000 0.214197
17.375000 0.226010
17.376000 0.237696
17.377000 0.249241
17.378000 0.260630
17.379000 0.271850
17.380000 0.282888
17.381000 0.293729
17.382000 0.304362
17.383000 0.314774
17.384000 0.324951
17.385000 0.334881
17.386000 0.344554
17.387000 0.353956
17.388000 0.363076
17.389000 0.371904
17.390000 0.380429
17.391000 0.388640
17.392000 0.396528
17.393000 0.404083
17.394000 0.411295
17.395000 0.418157
17.396000 0.424660
17.397000 0.430796
17.398000 0.436557
17.399000 0.441937
17.400000 0.446929
17.401000 0.451527
17.402000 0.455725
17.403000 0.459519
17.404000 0.462903
17.405000 0.465874
17.406000 0.468428
17.407000 0.470562
17.408000 0.472273
17.409000 0.473558
17.410000 0.474418
17.411000 0.474849
17.412000 0.474853
17.413000 0.474428
17.414000 0.473576
17.415000 0.472297
17.416000 0.470593
17.417000 0.468465
17.418000 0.465917
17.419000 0.462951
17.420000 0.459571
17.421000 0.455781
17.422000 0.451585
17.423000 0.446989
17.424000 0.441998
17.425000 0.436618
17.426000 0.430855
17.427000 0.424717
17.428000 0.418211
17.429000 0.411344
17.430000 0.404125
17.431000 0.396563
17.432000 0.388666
17.433000 0.380445
17.434000 0.371909
17.435000 0.363068
17.436000 0.353934
17.437000 0.344516
17.438000 0.334827
17.439000 0.324879
17.440000 0.314682
17.441000 0.304250
17.442000 0.293595
17.443000 0.282730
17.444000 0.271669
17.445000 0.260423
17.446000 0.249008
17.447000 0.237437
17.448000 0.225724
17.449000 0.213882
17.450000 0.201927
17.451000 0.189873
17.452000 0.177735
17.453000 0.165526
17.454000 0.153262
17.455000 0.140958
17.456000 0.128628
17.457000 0.116288
17.458000 0.103953
17.459000 0.091636
17.460000 0.079354
17.461000 0.067121
17.462000 0.054952
17.463000 0.042862
17.464000 0.030865
17.465000 0.018975
17.466000 0.007208
17.467000 -0.004423
17.468000 -0.015903
17.469000 -0.027219
17.470000 -0.038358
17.471000 -0.049304
17.472000 -0.060046
17.473000 -0.070570
17.474000 -0.080864
17.475000 -0.090914
17.476000 -0.100710
17.477000 -0.110239
17.478000 -0.119490
17.479000 -0.128451
17.480000 -0.137111
17.481000 -0.145461
17.482000 -0.153490
17.483000 -0.161189
17.484000 -0.168547
17.485000 -0.175558
17.486000 -0.182211
17.487000 -0.188499
17.488000 -0.194414
17.489000 -0.199950
17.490000 -0.205099
17.491000 -0.209856
17.492000 -0.214215
17.493000 -0.218171
17.494000 -0.221719
17.495000 -0.224854
17.496000 -0.227574
17.497000 -0.229875
17.498000 -0.231754
17.499000 -0.233210
17.500000 -0.234240
17.501000 -0.234843
17.502000 -0.235020
17.503000 -0.234769
17.504000 -0.234092
17.505000 -0.232990
17.506000 -0.231463
17.507000 -0.229514
17.508000 -0.227146
17.509000 -0.224362
17.510000 -0.221165
17.511000 -0.217559
17.512000 -0.213549
17.513000 -0.209141
17.514000 -0.204339
17.515000 -0.199150
17.516000 -0.193580
17.517000 -0.187637
17.518000 -0.181328
17.519000 -0.174661
17.520000 -0.167643
17.521000 -0.160286
17.522000 -0.152596
17.523000 -0.144584
17.524000 -0.136261
17.525000 -0.127636
17.526000 -0.118720
17.527000 -0.109525
17.528000 -0.100062
17.529000 -0.090343
17.530000 -0.080380
17.531000 -0.070185
17.532000 -0.059772
17.533000 -0.049154
17.534000 -0.038343
17.535000 -0.027353
17.536000 -0.016198
17.537000 -0.004892
17.538000 0.006551
17.539000 0.018116
17.540000 0.029789
17.541000 0.041556
17.542000 0.053401
17.543000 0.065310
17.544000 0.077268
17.545000 0.089261
17.546000 0.101271
17.547000 0.113286
17.548000 0.125290
17.549000 0.137267
17.550000 0.149202
17.551000 0.161082
17.552000 0.172890
17.553000 0.184612
17.554000 0.196233
17.555000 0.207738
17.556000 0.219114
17.557000 0.230345
17.558000 0.241418
17.559000 0.252318
17.560000 0.263032
17.561000 0.273547
17.562000 0.283849
17.563000 0.293924
17.564000 0.303761
17.565000 0.313347
17.566000 0.322669
17.567000 0.331716
17.568000 0.340476
17.569000 0.348939
17.570000 0.357093
17.571000 0.364928
17.572000 0.372433
17.573000 0.379601
17.574000 0.386420
17.575000 0.392883
17.576000 0.398981
17.577000 0.404706
17.578000 0.410050
17.579000 0.415008
17.580000 0.419572
17.581000 0.423736
17.582000 0.427495
17.583000 0.430844
17.584000 0.433778
17.585000 0.436294
17.586000 0.438387
17.587000 0.440055
17.588000 0.441296
17.589000 0.442107
17.590000 0.442488
17.591000 0.442436
17.592000 0.441953
17.593000 0.441038
17.594000 0.439692
17.595000 0.437916
17.596000 0.435712
17.597000 0.433082
17.598000 0.430030
17.599000 0.426559
17.600000 0.422672
17.601000 0.418374
17.602000 0.413671
17.603000 0.408566
17.604000 0.403067
17.605000 0.397180
17.606000 0.390911
17.607000 0.384268
17.608000 0.377260
17.609000 0.369893
17.610000 0.362177
17.611000 0.354122
17.612000 0.345735
17.613000 0.337029
17.614000 0.328013
17.615000 0.318697
17.616000 0.309094
17.617000 0.299214
17.618000 0.289069
17.619000 0.278672
17.620000 0.268035
17.621000 0.257170
17.622000 0.246092
17.623000 0.234813
17.624000 0.223347
17.625000 0.211707
17.626000 0.199908
17.627000 0.187964
17.628000 0.175890
17.629000 0.163700
17.630000 0.151408
17.631000 0.139030
17.632000 0.126580
17.633000 0.114074
17.634000 0.101527
17.635000 0.088954
17.636000 0.076370
17.637000 0.063790
17.638000 0.051230
17.639000 0.038705
17.640000 0.026230
17.641000 0.013819
17.642000 0.001489
17.643000 -0.010746
17.644000 -0.022871
17.645000 -0.034871
17.646000 -0.046733
17.647000 -0.058441
17.648000 -0.069982
17.649000 -0.081341
17.650000 -0.092505
17.651000 -0.103461
17.652000 -0.114194
17.653000 -0.124693
17.654000 -0.134944
17.655000 -0.144935
17.656000 -0.154655
17.657000 -0.164090
17.658000 -0.173231
17.659000 -0.182066
17.660000 -0.190585
17.661000 -0.198777
17.662000 -0.206633
17.663000 -0.214143
17.664000 -0.221298
17.665000 -0.228090
17.666000 -0.234511
17.667000 -0.240552
17.668000 -0.246208
17.669000 -0.251472
17.670000 -0.256337
17.671000 -0.260797
17.672000 -0.264849
17.673000 -0.268486
17.674000 -0.271705
17.675000 -0.274502
17.676000 -0.276874
17.677000 -0.278820
17.678000 -0.280336
17.679000 -0.281421
17.680000 -0.282075
17.681000 -0.282297
17.682000 -0.282087
17.683000 -0.281446
17.684000 -0.280375
17.685000 -0.278876
17.686000 -0.276952
17.687000 -0.274604
17.688000 -0.271837
17.689000 -0.268655
17.690000 -0.265062
17.691000 -0.261063
17.692000 -0.256663
17.693000 -0.251868
17.694000 -0.246685
17.695000 -0.241121
17.696000 -0.235184
17.697000 -0.228880
17.698000 -0.222219
17.699000 -0.215210
17.700000 -0.207860
17.701000 -0.200182
17.702000 -0.192183
17.703000 -0.183876
17.704000 -0.175270
17.705000 -0.166377
17.706000 -0.157209
17.707000 -0.147778
17.708000 -0.138096
17.709000 -0.128175
17.710000 -0.118029
17.711000 -0.107670
17.712000 -0.097113
17.713000 -0.086371
17.714000 -0.075458
17.715000 -0.064388
17.716000 -0.053176
17.717000 -0.041836
17.718000 -0.030382
17.719000 -0.018831
17.720000 -0.007196
17.721000 0.004507
17.722000 0.016262
17.723000 0.028056
17.724000 0.039871
17.725000 0.051694
17.726000 0.063508
17.727000 0.075298
17.728000 0.087049
17.729000 0.098746
17.730000 0.110373
17.731000 0.121915
17.732000 0.133357
17.733000 0.144685
17.734000 0.155883
17.735000 0.166937
17.736000 0.177832
17.737000 0.188554
17.738000 0.199090
17.739000 0.209425
17.740000 0.219545
17.741000 0.229438
17.742000 0.239091
17.743000 0.248491
17.744000 0.257625
17.745000 0.266481
17.746000 0.275048
17.747000 0.283315
17.748000 0.291270
17.749000 0.298903
17.750000 0.306203
17.751000 0.313161
17.752000 0.319769
17.753000 0.326015
17.754000 0.331893
17.755000 0.337395
17.756000 0.342512
17.757000 0.347238
17.758000 0.351567
17.759000 0.355492
17.760000 0.359007
17.761000 0.362108
17.762000 0.364791
17.763000 0.367051
17.764000 0.368885
17.765000 0.370291
17.766000 0.371264
17.767000 0.371805
17.768000 0.371912
17.769000 0.371584
17.770000 0.370820
17.771000 0.369622
17.772000 0.367990
17.773000 0.365925
17.774000 0.363431
17.775000 0.360508
17.776000 0.357162
17.777000 0.353394
17.778000 0.349210
17.779000 0.344613
17.780000 0.339610
17.781000 0.334206
17.782000 0.328407
17.783000 0.322221
17.784000 0.315653
17.785000 0.308713
17.786000 0.301408
17.787000 0.293747
17.788000 0.285739
17.789000 0.277393
17.790000 0.268720
17.791000 0.259731
17.792000 0.250435
17.793000 0.240844
17.794000 0.230970
17.795000 0.220824
17.796000 0.210419
17.797000 0.199767
17.798000 0.188882
17.799000 0.177777
17.800000 0.166465
17.801000 0.154959
17.802000 0.143274
17.803000 0.131425
17.804000 0.119425
17.805000 0.107289
17.806000 0.095033
17.807000 0.082670
17.808000 0.070217
17.809000 0.057688
17.810000 0.045099
17.811000 0.032465
17.812000 0.019801
17.813000 0.007124
17.814000 -0.005552
17.815000 -0.018210
17.816000 -0.030836
17.817000 -0.043414
17.818000 -0.055928
17.819000 -0.068363
17.820000 -0.080704
17.821000 -0.092936
17.822000 -0.105044
17.823000 -0.117012
17.824000 -0.128827
17.825000 -0.140473
17.826000 -0.151938
17.827000 -0.163205
17.828000 -0.174263
17.829000 -0.185096
17.830000 -0.195693
17.831000 -0.206040
17.832000 -0.216124
17.833000 -0.225934
17.834000 -0.235457
17.835000 -0.244681
17.836000 -0.253596
17.837000 -0.262191
17.838000 -0.270456
17.839000 -0.278379
17.840000 -0.285952
17.841000 -0.293167
17.842000 -0.300013
17.843000 -0.306483
17.844000 -0.312569
17.845000 -0.318265
17.846000 -0.323562
17.847000 -0.328456
17.848000 -0.332940
17.849000 -0.337009
17.850000 -0.340659
17.851000 -0.343885
17.852000 -0.346684
17.853000 -0.349053
17.854000 -0.350990
17.855000 -0.352491
17.856000 -0.353557
17.857000 -0.354186
17.858000 -0.354378
17.859000 -0.354133
17.860000 -0.353453
17.861000 -0.352338
17.862000 -0.350790
17.863000 -0.348812
17.864000 -0.346407
17.865000 -0.343579
17.866000 -0.340332
17.867000 -0.336670
17.868000 -0.332598
17.869000 -0.328124
17.870000 -0.323251
17.871000 -0.317988
17.872000 -0.312342
17.873000 -0.306320
17.874000 -0.299931
17.875000 -0.293183
17.876000 -0.286086
17.877000 -0.278649
17.878000 -0.270881
17.879000 -0.262795
17.880000 -0.254400
17.881000 -0.245707
17.882000 -0.236729
17.883000 -0.227477
17.884000 -0.217965
17.885000 -0.208203
17.886000 -0.198206
17.887000 -0.187987
17.888000 -0.177559
17.889000 -0.166937
17.890000 -0.156134
17.891000 -0.145165
17.892000 -0.134044
17.893000 -0.122787
17.894000 -0.111407
17.895000 -0.099921
17.896000 -0.088344
17.897000 -0.076690
17.898000 -0.064975
17.899000 -0.053215
17.900000 -0.041426
17.901000 -0.029623
17.902000 -0.017822
17.903000 -0.006038
17.904000 0.005713
17.905000 0.017415
17.906000 0.029053
17.907000 0.040611
17.908000 0.052074
17.909000 0.063427
17.910000 0.074654
17.911000 0.085741
17.912000 0.096673
17.913000 0.107436
17.914000 0.118014
17.915000 0.128394
17.916000 0.138562
17.917000 0.148504
17.918000 0.158207
17.919000 0.167659
17.920000 0.176846
17.921000 0.185756
17.922000 0.194377
17.923000 0.202697
17.924000 0.210706
17.925000 0.218392
17.926000 0.225745
17.927000 0.232755
17.928000 0.239412
17.929000 0.245708
17.930000 0.251634
17.931000 0.257181
17.932000 0.262341
17.933000 0.267109
17.934000 0.271477
17.935000 0.275438
17.936000 0.278988
17.937000 0.282121
17.938000 0.284832
17.939000 0.287118
17.940000 0.288975
17.941000 0.290400
17.942000 0.291391
17.943000 0.291946
17.944000 0.292064
17.945000 0.291743
17.946000 0.290985
17.947000 0.289789
17.948000 0.288156
17.949000 0.286089
17.950000 0.283588
17.951000 0.280657
17.952000 0.277299
17.953000 0.273518
17.954000 0.269319
17.955000 0.264705
17.956000 0.259683
17.957000 0.254258
17.958000 0.248438
17.959000 0.242228
17.960000 0.235636
17.961000 0.228672
17.962000 0.221342
17.963000 0.213655
17.964000 0.205623
17.965000 0.197253
17.966000 0.188556
17.967000 0.179544
17.968000 0.170227
17.969000 0.160617
17.970000 0.150726
17.971000 0.140565
17.972000 0.130149
17.973000 0.119488
17.974000 0.108598
17.975000 0.097491
17.976000 0.086181
17.977000 0.074683
17.978000 0.063010
17.979000 0.051178
17.980000 0.039201
17.981000 0.027095
17.982000 0.014873
17.983000 0.002553
17.984000 -0.009852
17.985000 -0.022325
17.986000 -0.034850
17.987000 -0.047412
17.988000 -0.059995
17.989000 -0.072584
17.990000 -0.085162
17.991000 -0.097713
17.992000 -0.110223
17.993000 -0.122674
17.994000 -0.135052
17.995000 -0.147341
17.996000 -0.159525
17.997000 -0.171590
17.998000 -0.183519
17.999000 -0.195298
18.000000 -0.206912
18.001000 -0.218347
18.002000 -0.229588
18.003000 -0.240620
18.004000 -0.251431
18.005000 -0.262006
18.006000 -0.272333
18.007000 -0.282398
18.008000 -0.292188
18.009000 -0.301692
18.010000 -0.310897
18.011000 -0.319793
18.012000 -0.328367
18.013000 -0.336610
18.014000 -0.344510
18.015000 -0.352058
18.016000 -0.359245
18.017000 -0.366062
18.018000 -0.372500
18.019000 -0.378552
18.020000 -0.384209
18.021000 -0.389465
18.022000 -0.394314
18.023000 -0.398750
18.024000 -0.402767
18.025000 -0.406360
18.026000 -0.409526
18.027000 -0.412260
18.028000 -0.414559
18.029000 -0.416422
18.030000 -0.417845
18.031000 -0.418827
18.032000 -0.419368
18.033000 -0.419466
18.034000 -0.419123
18.035000 -0.418340
18.036000 -0.417117
18.037000 -0.415456
18.038000 -0.413360
18.039000 -0.410833
18.040000 -0.407877
18.041000 -0.404498
18.042000 -0.400699
18.043000 -0.396487
18.044000 -0.391867
18.045000 -0.386845
18.046000 -0.381428
18.047000 -0.375625
18.048000 -0.369442
18.049000 -0.362888
18.050000 -0.355972
18.051000 -0.348704
18.052000 -0.341092
18.053000 -0.333149
18.054000 -0.324883
18.055000 -0.316307
18.056000 -0.307432
18.057000 -0.298270
18.058000 -0.288833
18.059000 -0.279134
18.060000 -0.269186
18.061000 -0.259001
18.062000 -0.248595
18.063000 -0.237981
18.064000 -0.227172
18.065000 -0.216184
18.066000 -0.205031
18.067000 -0.193728
18.068000 -0.182290
18.069000 -0.170732
18.070000 -0.159071
18.071000 -0.147320
18.072000 -0.135497
18.073000 -0.123617
18.074000 -0.111696
18.075000 -0.099749
18.076000 -0.087793
18.077000 -0.075844
18.078000 -0.063917
18.079000 -0.052028
18.080000 -0.040194
18.081000 -0.028430
18.082000 -0.016753
18.083000 -0.005176
18.084000 0.006283
18.085000 0.017610
18.086000 0.028790
18.087000 0.039807
18.088000 0.050647
18.089000 0.061296
18.090000 0.071738
18.091000 0.081961
18.092000 0.091949
18.093000 0.101691
18.094000 0.111173
18.095000 0.120382
18.096000 0.129305
18.097000 0.137932
18.098000 0.146249
18.099000 0.154246
18.100000 0.161913
18.101000 0.169238
18.102000 0.176212
18.103000 0.182825
18.104000 0.189069
18.105000 0.194935
18.106000 0.200415
18.107000 0.205501
18.108000 0.210186
18.109000 0.214465
18.110000 0.218330
18.111000 0.221778
18.112000 0.224802
18.113000 0.227399
18.114000 0.229564
18.115000 0.231296
18.116000 0.232591
18.117000 0.233446
18.118000 0.233862
18.119000 0.233837
18.120000 0.233370
18.121000 0.232463
18.122000 0.231115
18.123000 0.229329
18.124000 0.227106
18.125000 0.224449
18.126000 0.221362
18.127000 0.217848
18.128000 0.213911
18.129000 0.209557
18.130000 0.204791
18.131000 0.199618
18.132000 0.194046
18.133000 0.188082
18.134000 0.181732
18.135000 0.175005
18.136000 0.167911
18.137000 0.160457
18.138000 0.152653
18.139000 0.144510
18.140000 0.136038
18.141000 0.127247
18.142000 0.118149
18.143000 0.108757
18.144000 0.099081
18.145000 0.089135
18.146000 0.078931
18.147000 0.068482
18.148000 0.057803
18.149000 0.046907
18.150000 0.035807
18.151000 0.024519
18.152000 0.013058
18.153000 0.001437
18.154000 -0.010328
18.155000 -0.022221
18.156000 -0.034227
18.157000 -0.046331
18.158000 -0.058517
18.159000 -0.070768
18.160000 -0.083069
18.161000 -0.095405
18.162000 -0.107757
18.163000 -0.120112
18.164000 -0.132452
18.165000 -0.144762
18.166000 -0.157025
18.167000 -0.169225
18.168000 -0.181347
18.169000 -0.193374
18.170000 -0.205291
18.171000 -0.217083
18.172000 -0.228733
18.173000 -0.240227
18.174000 -0.251550
18.175000 -0.262686
18.176000 -0.273622
18.177000 -0.284343
18.178000 -0.294835
18.179000 -0.305084
18.180000 -0.315077
18.181000 -0.324800
18.182000 -0.334242
18.183000 -0.343389
18.184000 -0.352230
18.185000 -0.360753
18.186000 -0.368948
18.187000 -0.376802
18.188000 -0.384307
18.189000 -0.391451
18.190000 -0.398227
18.191000 -0.404625
18.192000 -0.410636
18.193000 -0.416253
18.194000 -0.421469
18.195000 -0.426276
18.196000 -0.430668
18.197000 -0.434641
18.198000 -0.438187
18.199000 -0.441304
18.200000 -0.443987
18.201000 -0.446232
18.202000 -0.448036
18.203000 -0.449398
18.204000 -0.450316
18.205000 -0.450787
18.206000 -0.450813
18.207000 -0.450392
18.208000 -0.449526
18.209000 -0.448215
18.210000 -0.446462
18.211000 -0.444269
18.212000 -0.441639
18.213000 -0.438575
18.214000 -0.435082
18.215000 -0.431164
18.216000 -0.426826
18.217000 -0.422075
18.218000 -0.416917
18.219000 -0.411358
18.220000 -0.405406
18.221000 -0.399069
18.222000 -0.392355
18.223000 -0.385274
18.224000 -0.377835
18.225000 -0.370048
18.226000 -0.361922
18.227000 -0.353470
18.228000 -0.344701
18.229000 -0.335629
18.230000 -0.326265
18.231000 -0.316621
18.232000 -0.306711
18.233000 -0.296547
18.234000 -0.286143
18.235000 -0.275513
18.236000 -0.264672
18.237000 -0.253632
18.238000 -0.242411
18.239000 -0.231021
18.240000 -0.219479
18.241000 -0.207799
18.242000 -0.195998
18.243000 -0.184091
18.244000 -0.172093
18.245000 -0.160022
18.246000 -0.147892
18.247000 -0.135721
18.248000 -0.123524
18.249000 -0.111318
18.250000 -0.099118
18.251000 -0.086942
18.252000 -0.074805
18.253000 -0.062723
18.254000 -0.050713
18.255000 -0.038790
18.256000 -0.026971
18.257000 -0.015272
18.258000 -0.003707
18.259000 0.007708
18.260000 0.018957
18.261000 0.030026
18.262000 0.040899
18.263000 0.051563
18.264000 0.062003
18.265000 0.072206
18.266000 0.082157
18.267000 0.091843
18.268000 0.101252
18.269000 0.110370
18.270000 0.119186
18.271000 0.127689
18.272000 0.135866
18.273000 0.143707
18.274000 0.151201
18.275000 0.158339
18.276000 0.165110
18.277000 0.171506
18.278000 0.177519
18.279000 0.183140
18.280000 0.188362
18.281000 0.193178
18.282000 0.197582
18.283000 0.201567
18.284000 0.205129
18.285000 0.208263
18.286000 0.210964
18.287000 0.213229
18.288000 0.215055
18.289000 0.216440
18.290000 0.217382
18.291000 0.217880
18.292000 0.217932
18.293000 0.217540
18.294000 0.216704
18.295000 0.215424
18.296000 0.213703
18.297000 0.211543
18.298000 0.208947
18.299000 0.205919
18.300000 0.202462
18.301000 0.198582
18.302000 0.194283
18.303000 0.189572
18.304000 0.184455
18.305000 0.178939
18.306000 0.173031
18.307000 0.166740
18.308000 0.160073
18.309000 0.153041
18.310000 0.145652
18.311000 0.137916
18.312000 0.129845
18.313000 0.121448
18.314000 0.112738
18.315000 0.103726
18.316000 0.094424
18.317000 0.084845
18.318000 0.075002
18.319000 0.064909
18.320000 0.054578
18.321000 0.044024
18.322000 0.033262
18.323000 0.022305
18.324000 0.011169
18.325000 -0.000131
18.326000 -0.011581
18.327000 -0.023163
18.328000 -0.034863
18.329000 -0.046665
18.330000 -0.058553
18.331000 -0.070511
18.332000 -0.082522
18.333000 -0.094570
18.334000 -0.106638
18.335000 -0.118711
18.336000 -0.130772
18.337000 -0.142805
18.338000 -0.154792
18.339000 -0.166719
18.340000 -0.178568
18.341000 -0.190324
18.342000 -0.201970
18.343000 -0.213491
18.344000 -0.224870
18.345000 -0.236094
18.346000 -0.247145
18.347000 -0.258009
18.348000 -0.268672
18.349000 -0.279118
18.350000 -0.289334
18.351000 -0.299305
18.352000 -0.309018
18.353000 -0.318459
18.354000 -0.327615
18.355000 -0.336475
18.356000 -0.345025
18.357000 -0.353255
18.358000 -0.361152
18.359000 -0.368706
18.360000 -0.375906
18.361000 -0.382743
18.362000 -0.389207
18.363000 -0.395289
18.364000 -0.400980
18.365000 -0.406273
18.366000 -0.411161
18.367000 -0.415635
18.368000 -0.419691
18.369000 -0.423323
18.370000 -0.426524
18.371000 -0.429291
18.372000 -0.431620
18.373000 -0.433507
18.374000 -0.434950
18.375000 -0.435945
18.376000 -0.436493
18.377000 -0.436590
18.378000 -0.436238
18.379000 -0.435437
18.380000 -0.434186
18.381000 -0.432489
18.382000 -0.430345
18.383000 -0.427759
18.384000 -0.424733
18.385000 -0.421272
18.386000 -0.417379
18.387000 -0.413059
18.388000 -0.408319
18.389000 -0.403164
18.390000 -0.397601
18.391000 -0.391637
18.392000 -0.385280
18.393000 -0.378538
18.394000 -0.371419
18.395000 -0.363935
18.396000 -0.356093
18.397000 -0.347905
18.398000 -0.339381
18.399000 -0.330533
18.400000 -0.321371
18.401000 -0.311909
18.402000 -0.302159
18.403000 -0.292133
18.404000 -0.281845
18.405000 -0.271308
18.406000 -0.260537
18.407000 -0.249546
18.408000 -0.238349
18.409000 -0.226961
18.410000 -0.215397
18.411000 -0.203673
18.412000 -0.191803
18.413000 -0.179805
18.414000 -0.167694
18.415000 -0.155486
18.416000 -0.143196
18.417000 -0.130843
18.418000 -0.118441
18.419000 -0.106007
18.420000 -0.093559
18.421000 -0.081112
18.422000 -0.068683
18.423000 -0.056289
18.424000 -0.043946
18.425000 -0.031670
18.426000 -0.019478
18.427000 -0.007386
18.428000 0.004590
18.429000 0.016433
18.430000 0.028129
18.431000 0.039662
18.432000 0.051016
18.433000 0.062177
18.434000 0.073128
18.435000 0.083857
18.436000 0.094349
18.437000 0.104589
18.438000 0.114565
18.439000 0.124262
18.440000 0.133669
18.441000 0.142773
18.442000 0.151561
18.443000 0.160023
18.444000 0.168146
18.445000 0.175921
18.446000 0.183337
18.447000 0.190384
18.448000 0.197054
18.449000 0.203337
18.450000 0.209225
18.451000 0.214710
18.452000 0.219787
18.453000 0.224447
18.454000 0.228685
18.455000 0.232496
18.456000 0.235875
18.457000 0.238817
18.458000 0.241319
18.459000 0.243378
18.460000 0.244992
18.461000 0.246158
18.462000 0.246876
18.463000 0.247144
18.464000 0.246964
18.465000 0.246335
18.466000 0.245259
18.467000 0.243737
18.468000 0.241773
18.469000 0.239368
18.470000 0.236528
18.471000 0.233256
18.472000 0.229556
18.473000 0.225435
18.474000 0.220899
18.475000 0.215954
18.476000 0.210607
18.477000 0.204866
18.478000 0.198739
18.479000 0.192235
18.480000 0.185363
18.481000 0.178134
18.482000 0.170556
18.483000 0.162642
18.484000 0.154403
18.485000 0.145849
18.486000 0.136994
18.487000 0.127849
18.488000 0.118428
18.489000 0.108744
18.490000 0.098810
18.491000 0.088641
18.492000 0.078252
18.493000 0.067655
18.494000 0.056868
18.495000 0.045904
18.496000 0.034779
18.497000 0.023509
18.498000 0.012110
18.499000 0.000598
18.500000 -0.011011
18.501000 -0.022701
18.502000 -0.034455
18.503000 -0.046257
18.504000 -0.058089
18.505000 -0.069936
18.506000 -0.081781
18.507000 -0.093606
18.508000 -0.105396
18.509000 -0.117134
18.510000 -0.128802
18.511000 -0.140386
18.512000 -0.151867
18.513000 -0.163231
18.514000 -0.174460
18.515000 -0.185540
18.516000 -0.196454
18.517000 -0.207187
18.518000 -0.217724
18.519000 -0.228050
18.520000 -0.238150
18.521000 -0.248010
18.522000 -0.257616
18.523000 -0.266954
18.524000 -0.276011
18.525000 -0.284773
18.526000 -0.293229
18.527000 -0.301366
18.528000 -0.309173
18.529000 -0.316638
18.530000 -0.323751
18.531000 -0.330501
18.532000 -0.336879
18.533000 -0.342875
18.534000 -0.348480
18.535000 -0.353687
18.536000 -0.358487
18.537000 -0.362874
18.538000 -0.366841
18.539000 -0.370382
18.540000 -0.373491
18.541000 -0.376164
18.542000 -0.378397
18.543000 -0.380186
18.544000 -0.381527
18.545000 -0.382420
18.546000 -0.382861
18.547000 -0.382850
18.548000 -0.382386
18.549000 -0.381469
18.550000 -0.380100
18.551000 -0.378281
18.552000 -0.376013
18.553000 -0.373299
18.554000 -0.370143
18.555000 -0.366547
18.556000 -0.362516
18.557000 -0.358056
18.558000 -0.353172
18.559000 -0.347869
18.560000 -0.342156
18.561000 -0.336039
18.562000 -0.329526
18.563000 -0.322626
18.564000 -0.315347
18.565000 -0.307699
18.566000 -0.299692
18.567000 -0.291336
18.568000 -0.282643
18.569000 -0.273624
18.570000 -0.264291
18.571000 -0.254655
18.572000 -0.244731
18.573000 -0.234530
18.574000 -0.224067
18.575000 -0.213355
18.576000 -0.202409
18.577000 -0.191243
18.578000 -0.179872
18.579000 -0.168312
18.580000 -0.156576
18.581000 -0.144682
18.582000 -0.132646
18.583000 -0.120482
18.584000 -0.108208
18.585000 -0.095839
18.586000 -0.083393
18.587000 -0.070886
18.588000 -0.058334
18.589000 -0.045755
18.590000 -0.033166
18.591000 -0.020582
18.592000 -0.008022
18.593000 0.004498
18.594000 0.016962
18.595000 0.029353
18.596000 0.041654
18.597000 0.053848
18.598000 0.065920
18.599000 0.077853
18.600000 0.089631
18.601000 0.101239
18.602000 0.112661
18.603000 0.123881
18.604000 0.134885
18.605000 0.145659
18.606000 0.156187
18.607000 0.166455
18.608000 0.176451
18.609000 0.186161
18.610000 0.195571
18.611000 0.204670
18.612000 0.213445
18.613000 0.221885
18.614000 0.229978
18.615000 0.237714
18.616000 0.245083
18.617000 0.252075
18.618000 0.258681
18.619000 0.264892
18.620000 0.270701
18.621000 0.276099
18.622000 0.281080
18.623000 0.285638
18.624000 0.289766
18.625000 0.293460
18.626000 0.296715
18.627000 0.299527
18.628000 0.301892
18.629000 0.303809
18.630000 0.305274
18.631000 0.306286
18.632000 0.306846
18.633000 0.306951
18.634000 0.306603
18.635000 0.305803
18.636000 0.304552
18.637000 0.302853
18.638000 0.300708
18.639000 0.298122
18.640000 0.295097
18.641000 0.291640
18.642000 0.287756
18.643000 0.283449
18.644000 0.278728
18.645000 0.273599
18.646000 0.268069
18.647000 0.262148
18.648000 0.255843
18.649000 0.249164
18.650000 0.242122
18.651000 0.234725
18.652000 0.226986
18.653000 0.218916
18.654000 0.210525
18.655000 0.201828
18.656000 0.192835
18.657000 0.183561
18.658000 0.174019
18.659000 0.164222
18.660000 0.154185
18.661000 0.143923
18.662000 0.133450
18.663000 0.122782
18.664000 0.111933
18.665000 0.100920
18.666000 0.089758
18.667000 0.078465
18.668000 0.067055
18.669000 0.055545
18.670000 0.043953
18.671000 0.032294
18.672000 0.020586
18.673000 0.008845
18.674000 -0.002911
18.675000 -0.014665
18.676000 -0.026401
18.677000 -0.038102
18.678000 -0.049750
18.679000 -0.061329
18.680000 -0.072823
18.681000 -0.084214
18.682000 -0.095485
18.683000 -0.106622
18.684000 -0.117607
18.685000 -0.128424
18.686000 -0.139059
18.687000 -0.149495
18.688000 -0.159717
18.689000 -0.169711
18.690000 -0.179462
18.691000 -0.188955
18.692000 -0.198177
18.693000 -0.207114
18.694000 -0.215754
18.695000 -0.224083
18.696000 -0.232090
18.697000 -0.239762
18.698000 -0.247088
18.699000 -0.254058
18.700000 -0.260661
18.701000 -0.266887
18.702000 -0.272727
18.703000 -0.278172
18.704000 -0.283214
18.705000 -0.287845
18.706000 -0.292059
18.707000 -0.295848
18.708000 -0.299207
18.709000 -0.302130
18.710000 -0.304614
18.711000 -0.306653
18.712000 -0.308244
18.713000 -0.309385
18.714000 -0.310073
18.715000 -0.310307
18.716000 -0.310085
18.717000 -0.309408
18.718000 -0.308276
18.719000 -0.306690
18.720000 -0.304651
18.721000 -0.302162
18.722000 -0.299226
18.723000 -0.295845
18.724000 -0.292025
18.725000 -0.287771
18.726000 -0.283086
18.727000 -0.277978
18.728000 -0.272453
18.729000 -0.266518
18.730000 -0.260181
18.731000 -0.253450
18.732000 -0.246334
18.733000 -0.238842
18.734000 -0.230985
18.735000 -0.222773
18.736000 -0.214216
18.737000 -0.205327
18.738000 -0.196117
18.739000 -0.186598
18.740000 -0.176783
18.741000 -0.166686
18.742000 -0.156319
18.743000 -0.145698
18.744000 -0.134836
18.745000 -0.123748
18.746000 -0.112449
18.747000 -0.100955
18.748000 -0.089280
18.749000 -0.077441
18.750000 -0.065454
18.751000 -0.053336
18.752000 -0.041101
18.753000 -0.028768
18.754000 -0.016353
18.755000 -0.003873
18.756000 0.008655
18.757000 0.021214
18.758000 0.033788
18.759000 0.046358
18.760000 0.058907
18.761000 0.071419
18.762000 0.083877
18.763000 0.096263
18.764000 0.108561
18.765000 0.120753
18.766000 0.132824
18.767000 0.144757
18.768000 0.156535
18.769000 0.168143
18.770000 0.179564
18.771000 0.190783
18.772000 0.201785
18.773000 0.212555
18.774000 0.223079
18.775000 0.233341
18.776000 0.243328
18.777000 0.253027
18.778000 0.262424
18.779000 0.271507
18.780000 0.280263
18.781000 0.288680
18.782000 0.296748
18.783000 0.304455
18.784000 0.311791
18.785000 0.318746
18.786000 0.325311
18.787000 0.331477
18.788000 0.337236
18.789000 0.342580
18.790000 0.347503
18.791000 0.351997
18.792000 0.356058
18.793000 0.359679
18.794000 0.362856
18.795000 0.365586
18.796000 0.367864
18.797000 0.369689
18.798000 0.371058
18.799000 0.371969
18.800000 0.372423
18.801000 0.372418
18.802000 0.371955
18.803000 0.371036
18.804000 0.369662
18.805000 0.367836
18.806000 0.365561
18.807000 0.362840
18.808000 0.359678
18.809000 0.356080
18.810000 0.352051
18.811000 0.347598
18.812000 0.342727
18.813000 0.337446
18.814000 0.331763
18.815000 0.325686
18.816000 0.319225
18.817000 0.312389
18.818000 0.305188
18.819000 0.297633
18.820000 0.289735
18.821000 0.281506
18.822000 0.272957
18.823000 0.264103
18.824000 0.254955
18.825000 0.245527
18.826000 0.235833
18.827000 0.225887
18.828000 0.215704
18.829000 0.205298
18.830000 0.194686
18.831000 0.183881
18.832000 0.172901
18.833000 0.161762
18.834000 0.150479
18.835000 0.139069
18.836000 0.127548
18.837000 0.115935
18.838000 0.104245
18.839000 0.092495
18.840000 0.080703
18.841000 0.068887
18.842000 0.057062
18.843000 0.045247
18.844000 0.033459
18.845000 0.021715
18.846000 0.010032
18.847000 -0.001573
18.848000 -0.013083
18.849000 -0.024480
18.850000 -0.035749
18.851000 -0.046873
18.852000 -0.057835
18.853000 -0.068620
18.854000 -0.079211
18.855000 -0.089594
18.856000 -0.099752
18.857000 -0.109671
18.858000 -0.119337
18.859000 -0.128735
18.860000 -0.137851
18.861000 -0.146673
18.862000 -0.155186
18.863000 -0.163378
18.864000 -0.171238
18.865000 -0.178753
18.866000 -0.185913
18.867000 -0.192706
18.868000 -0.199123
18.869000 -0.205154
18.870000 -0.210790
18.871000 -0.216023
18.872000 -0.220844
18.873000 -0.225246
18.874000 -0.229223
18.875000 -0.232768
18.876000 -0.235876
18.877000 -0.238542
18.878000 -0.240762
18.879000 -0.242531
18.880000 -0.243849
18.881000 -0.244710
18.882000 -0.245116
18.883000 -0.245063
18.884000 -0.244552
18.885000 -0.243583
18.886000 -0.242157
18.887000 -0.240276
18.888000 -0.237941
18.889000 -0.235157
18.890000 -0.231925
18.891000 -0.228251
18.892000 -0.224140
18.893000 -0.219596
18.894000 -0.214626
18.895000 -0.209236
18.896000 -0.203434
18.897000 -0.197228
18.898000 -0.190626
18.899000 -0.183637
18.900000 -0.176270
18.901000 -0.168536
18.902000 -0.160446
18.903000 -0.152010
18.904000 -0.143240
18.905000 -0.134149
18.906000 -0.124748
18.907000 -0.115051
18.908000 -0.105072
18.909000 -0.094824
18.910000 -0.084322
18.911000 -0.073580
18.912000 -0.062613
18.913000 -0.051436
18.914000 -0.040065
18.915000 -0.028517
18.916000 -0.016806
18.917000 -0.004950
18.918000 0.007035
18.919000 0.019133
18.920000 0.031325
18.921000 0.043596
18.922000 0.055928
18.923000 0.068303
18.924000 0.080705
18.925000 0.093115
18.926000 0.105517
18.927000 0.117893
18.928000 0.130226
18.929000 0.142498
18.930000 0.154692
18.931000 0.166791
18.932000 0.178778
18.933000 0.190637
18.934000 0.202349
18.935000 0.213900
18.936000 0.225273
18.937000 0.236451
18.938000 0.247420
18.939000 0.258163
18.940000 0.268666
18.941000 0.278914
18.942000 0.288892
18.943000 0.298587
18.944000 0.307984
18.945000 0.317072
18.946000 0.325836
18.947000 0.334265
18.948000 0.342347
18.949000 0.350070
18.950000 0.357425
18.951000 0.364400
18.952000 0.370985
18.953000 0.377173
18.954000 0.382953
18.955000 0.388319
18.956000 0.393262
18.957000 0.397776
18.958000 0.401854
18.959000 0.405492
18.960000 0.408683
18.961000 0.411425
18.962000 0.413712
18.963000 0.415543
18.964000 0.416914
18.965000 0.417824
18.966000 0.418272
18.967000 0.418258
18.968000 0.417782
18.969000 0.416844
18.970000 0.415447
18.971000 0.413593
18.972000 0.411284
18.973000 0.408525
18.974000 0.405318
18.975000 0.401671
18.976000 0.397586
18.977000 0.393072
18.978000 0.388135
18.979000 0.382781
18.980000 0.377020
18.981000 0.370859
18.982000 0.364307
18.983000 0.357375
18.984000 0.350073
18.985000 0.342410
18.986000 0.334400
18.987000 0.326052
18.988000 0.317381
18.989000 0.308397
18.990000 0.299115
18.991000 0.289548
18.992000 0.279711
18.993000 0.269617
18.994000 0.259281
18.995000 0.248719
18.996000 0.237945
18.997000 0.226977
18.998000 0.215829
18.999000 0.204518
19.000000 0.193061
19.001000 0.181474
19.002000 0.169774
19.003000 0.157979
19.004000 0.146105
19.005000 0.134171
19.006000 0.122192
19.007000 0.110188
19.008000 0.098175
19.009000 0.086171
19.010000 0.074194
19.011000 0.062261
19.012000 0.050389
19.013000 0.038596
19.014000 0.026900
19.015000 0.015316
19.016000 0.003863
19.017000 -0.007443
19.018000 -0.018586
19.019000 -0.029550
19.020000 -0.040317
19.021000 -0.050873
19.022000 -0.061202
19.023000 -0.071288
19.024000 -0.081118
19.025000 -0.090677
19.026000 -0.099950
19.027000 -0.108924
19.028000 -0.117587
19.029000 -0.125924
19.030000 -0.133924
19.031000 -0.141576
19.032000 -0.148867
19.033000 -0.155788
19.034000 -0.162328
19.035000 -0.168477
19.036000 -0.174227
19.037000 -0.179568
19.038000 -0.184494
19.039000 -0.188996
19.040000 -0.193068
19.041000 -0.196704
19.042000 -0.199899
19.043000 -0.202647
19.044000 -0.204945
19.045000 -0.206789
19.046000 -0.208177
19.047000 -0.209105
19.048000 -0.209574
19.049000 -0.209581
19.050000 -0.209127
19.051000 -0.208212
19.052000 -0.206838
19.053000 -0.205006
19.054000 -0.202719
19.055000 -0.199981
19.056000 -0.196794
19.057000 -0.193163
19.058000 -0.189094
19.059000 -0.184593
19.060000 -0.179666
19.061000 -0.174319
19.062000 -0.168561
19.063000 -0.162400
19.064000 -0.155845
19.065000 -0.148905
19.066000 -0.141589
19.067000 -0.133910
19.068000 -0.125877
19.069000 -0.117503
19.070000 -0.108799
19.071000 -0.099779
19.072000 -0.090454
19.073000 -0.080839
19.074000 -0.070947
19.075000 -0.060794
19.076000 -0.050393
19.077000 -0.039759
19.078000 -0.028908
19.079000 -0.017856
19.080000 -0.006619
19.081000 0.004787
19.082000 0.016345
19.083000 0.028039
19.084000 0.039851
19.085000 0.051765
19.086000 0.063763
19.087000 0.075827
19.088000 0.087941
19.089000 0.100086
19.090000 0.112245
19.091000 0.124400
19.092000 0.136533
19.093000 0.148627
19.094000 0.160665
19.095000 0.172627
19.096000 0.184498
19.097000 0.196260
19.098000 0.207896
19.099000 0.219388
19.100000 0.230720
19.101000 0.241875
19.102000 0.252838
19.103000 0.263592
19.104000 0.274121
19.105000 0.284410
19.106000 0.294444
19.107000 0.304209
19.108000 0.313689
19.109000 0.322872
19.110000 0.331743
19.111000 0.340291
19.112000 0.348501
19.113000 0.356362
19.114000 0.363864
19.115000 0.370993
19.116000 0.377741
19.117000 0.384098
19.118000 0.390053
19.119000 0.395598
19.120000 0.400726
19.121000 0.405427
19.122000 0.409697
19.123000 0.413527
19.124000 0.416913
19.125000 0.419850
19.126000 0.422333
19.127000 0.424358
19.128000 0.425923
19.129000 0.427025
19.130000 0.427662
19.131000 0.427833
19.132000 0.427538
19.133000 0.426778
19.134000 0.425553
19.135000 0.423866
19.136000 0.421717
19.137000 0.419112
19.138000 0.416052
19.139000 0.412543
19.140000 0.408590
19.141000 0.404198
19.142000 0.399373
19.143000 0.394124
19.144000 0.388456
19.145000 0.382379
19.146000 0.375901
19.147000 0.369032
19.148000 0.361781
19.149000 0.354160
19.150000 0.346178
19.151000 0.337848
19.152000 0.329182
19.153000 0.320193
19.154000 0.310893
19.155000 0.301295
19.156000 0.291415
19.157000 0.281266
19.158000 0.270863
19.159000 0.260221
19.160000 0.249356
19.161000 0.238283
19.162000 0.227019
19.163000 0.215580
19.164000 0.203983
19.165000 0.192244
19.166000 0.180381
19.167000 0.168410
19.168000 0.156351
19.169000 0.144219
19.170000 0.132032
19.171000 0.119809
19.172000 0.107567
19.173000 0.095324
19.174000 0.083098
19.175000 0.070907
19.176000 0.058768
19.177000 0.046699
19.178000 0.034718
19.179000 0.022843
19.180000 0.011089
19.181000 -0.000525
19.182000 -0.011982
19.183000 -0.023266
19.184000 -0.034360
19.185000 -0.045249
19.186000 -0.055916
19.187000 -0.066346
19.188000 -0.076523
19.189000 -0.086434
19.190000 -0.096062
19.191000 -0.105396
19.192000 -0.114420
19.193000 -0.123121
19.194000 -0.131488
19.195000 -0.139508
19.196000 -0.147170
19.197000 -0.154461
19.198000 -0.161373
19.199000 -0.167894
19.200000 -0.174015
19.201000 -0.179728
19.202000 -0.185024
19.203000 -0.189896
19.204000 -0.194337
19.205000 -0.198340
19.206000 -0.201899
19.207000 -0.205010
19.208000 -0.207669
19.209000 -0.209871
19.210000 -0.211613
19.211000 -0.212894
19.212000 -0.213711
19.213000 -0.214063
19.214000 -0.213951
19.215000 -0.213375
19.216000 -0.212335
19.217000 -0.210833
19.218000 -0.208872
19.219000 -0.206456
19.220000 -0.203587
19.221000 -0.200271
19.222000 -0.196512
19.223000 -0.192316
19.224000 -0.187690
19.225000 -0.182640
19.226000 -0.177176
19.227000 -0.171304
19.228000 -0.165033
19.229000 -0.158375
19.230000 -0.151337
19.231000 -0.143932
19.232000 -0.136169
19.233000 -0.128062
19.234000 -0.119623
19.235000 -0.110863
19.236000 -0.101796
19.237000 -0.092437
19.238000 -0.082799
19.239000 -0.072896
19.240000 -0.062744
19.241000 -0.052358
19.242000 -0.041753
19.243000 -0.030946
19.244000 -0.019953
19.245000 -0.008791
19.246000 0.002525
19.247000 0.013976
19.248000 0.025545
19.249000 0.037215
19.250000 0.048968
19.251000 0.060788
19.252000 0.072654
19.253000 0.084551
19.254000 0.096460
19.255000 0.108362
19.256000 0.120240
19.257000 0.132077
19.258000 0.143853
19.259000 0.155552
19.260000 0.167156
19.261000 0.178646
19.262000 0.190006
19.263000 0.201219
19.264000 0.212267
19.265000 0.223134
19.266000 0.233803
19.267000 0.244259
19.268000 0.254484
19.269000 0.264464
19.270000 0.274184
19.271000 0.283628
19.272000 0.292783
19.273000 0.301634
19.274000 0.310168
19.275000 0.318371
19.276000 0.326232
19.277000 0.333738
19.278000 0.340878
19.279000 0.347640
19.280000 0.354014
19.281000 0.359991
19.282000 0.365561
19.283000 0.370715
19.284000 0.375446
19.285000 0.379745
19.286000 0.383607
19.287000 0.387025
19.288000 0.389993
19.289000 0.392506
19.290000 0.394562
19.291000 0.396155
19.292000 0.397284
19.293000 0.397946
19.294000 0.398140
19.295000 0.397865
19.296000 0.397121
19.297000 0.395908
19.298000 0.394230
19.299000 0.392086
19.300000 0.389480
19.301000 0.386416
19.302000 0.382898
19.303000 0.378930
19.304000 0.374518
19.305000 0.369668
19.306000 0.364387
19.307000 0.358683
19.308000 0.352563
19.309000 0.346036
19.310000 0.339111
19.311000 0.331799
19.312000 0.324110
19.313000 0.316054
19.314000 0.307644
19.315000 0.298891
19.316000 0.289809
19.317000 0.280410
19.318000 0.270707
19.319000 0.260716
19.320000 0.250449
19.321000 0.239923
19.322000 0.229153
19.323000 0.218153
19.324000 0.206941
19.325000 0.195532
19.326000 0.183943
19.327000 0.172191
19.328000 0.160293
19.329000 0.148266
19.330000 0.136128
19.331000 0.123896
19.332000 0.111589
19.333000 0.099224
19.334000 0.086819
19.335000 0.074392
19.336000 0.061962
19.337000 0.049546
19.338000 0.037164
19.339000 0.024831
19.340000 0.012568
19.341000 0.000391
19.342000 -0.011681
19.343000 -0.023632
19.344000 -0.035443
19.345000 -0.047097
19.346000 -0.058578
19.347000 -0.069869
19.348000 -0.080953
19.349000 -0.091814
19.350000 -0.102436
19.351000 -0.112805
19.352000 -0.122904
19.353000 -0.132720
19.354000 -0.142237
19.355000 -0.151443
19.356000 -0.160324
19.357000 -0.168866
19.358000 -0.177059
19.359000 -0.184889
19.360000 -0.192346
19.361000 -0.199420
19.362000 -0.206099
19.363000 -0.212374
19.364000 -0.218237
19.365000 -0.223679
19.366000 -0.228692
19.367000 -0.233270
19.368000 -0.237405
19.369000 -0.241093
19.370000 -0.244328
19.371000 -0.247107
19.372000 -0.249424
19.373000 -0.251278
19.374000 -0.252665
19.375000 -0.253585
19.376000 -0.254036
19.377000 -0.254019
19.378000 -0.253533
19.379000 -0.252581
19.380000 -0.251163
19.381000 -0.249283
19.382000 -0.246944
19.383000 -0.244150
19.384000 -0.240906
19.385000 -0.237216
19.386000 -0.233088
19.387000 -0.228527
19.388000 -0.223542
19.389000 -0.218140
19.390000 -0.212330
19.391000 -0.206120
19.392000 -0.199522
19.393000 -0.192545
19.394000 -0.185200
19.395000 -0.177499
19.396000 -0.169455
19.397000 -0.161079
19.398000 -0.152384
19.399000 -0.143385
19.400000 -0.134096
19.401000 -0.124531
19.402000 -0.114704
19.403000 -0.104632
19.404000 -0.094330
19.405000 -0.083814
19.406000 -0.073100
19.407000 -0.062205
19.408000 -0.051146
19.409000 -0.039941
19.410000 -0.028606
19.411000 -0.017159
19.412000 -0.005619
19.413000 0.005998
19.414000 0.017673
19.415000 0.029387
19.416000 0.041123
19.417000 0.052863
19.418000 0.064587
19.419000 0.076278
19.420000 0.087918
19.421000 0.099489
19.422000 0.110972
19.423000 0.122349
19.424000 0.133604
19.425000 0.144718
19.426000 0.155674
19.427000 0.166454
19.428000 0.177043
19.429000 0.187424
19.430000 0.197579
19.431000 0.207494
19.432000 0.217153
19.433000 0.226541
19.434000 0.235642
19.435000 0.244443
19.436000 0.252930
19.437000 0.261089
19.438000 0.268907
19.439000 0.276372
19.440000 0.283473
19.441000 0.290197
19.442000 0.296534
19.443000 0.302474
19.444000 0.308007
19.445000 0.313125
19.446000 0.317819
19.447000 0.322081
19.448000 0.325904
19.449000 0.329282
19.450000 0.332210
19.451000 0.334681
19.452000 0.336692
19.453000 0.338240
19.454000 0.339321
19.455000 0.339933
19.456000 0.340074
19.457000 0.339744
19.458000 0.338942
19.459000 0.337670
19.460000 0.335928
19.461000 0.333719
19.462000 0.331045
19.463000 0.327910
19.464000 0.324317
19.465000 0.320272
19.466000 0.315781
19.467000 0.310849
19.468000 0.305483
19.469000 0.299691
19.470000 0.293481
19.471000 0.286862
19.472000 0.279843
19.473000 0.272435
19.474000 0.264647
19.475000 0.256491
19.476000 0.247980
19.477000 0.239124
19.478000 0.229937
19.479000 0.220433
19.480000 0.210625
19.481000 0.200527
19.482000 0.190155
19.483000 0.179523
19.484000 0.168646
19.485000 0.157542
19.486000 0.146225
19.487000 0.134713
19.488000 0.123022
19.489000 0.111170
19.490000 0.099174
19.491000 0.087051
19.492000 0.074820
19.493000 0.062498
19.494000 0.050104
19.495000 0.037656
19.496000 0.025171
19.497000 0.012669
19.498000 0.000168
19.499000 -0.012314
19.500000 -0.024758
19.501000 -0.037146
19.502000 -0.049460
19.503000 -0.061682
19.504000 -0.073794
19.505000 -0.085777
19.506000 -0.097614
19.507000 -0.109289
19.508000 -0.120783
19.509000 -0.132080
19.510000 -0.143163
19.511000 -0.154015
19.512000 -0.164622
19.513000 -0.174967
19.514000 -0.185036
19.515000 -0.194813
19.516000 -0.204284
19.517000 -0.213435
19.518000 -0.222254
19.519000 -0.230727
19.520000 -0.238841
19.521000 -0.246586
19.522000 -0.253950
19.523000 -0.260922
19.524000 -0.267492
19.525000 -0.273651
19.526000 -0.279390
19.527000 -0.284701
19.528000 -0.289576
19.529000 -0.294009
19.530000 -0.297993
19.531000 -0.301523
19.532000 -0.304594
19.533000 -0.307202
19.534000 -0.309343
19.535000 -0.311016
19.536000 -0.312217
19.537000 -0.312946
19.538000 -0.313202
19.539000 -0.312986
19.540000 -0.312298
19.541000 -0.311139
19.542000 -0.309514
19.543000 -0.307423
19.544000 -0.304872
19.545000 -0.301864
19.546000 -0.298405
19.547000 -0.294501
19.548000 -0.290158
19.549000 -0.285383
19.550000 -0.280185
19.551000 -0.274572
19.552000 -0.268552
19.553000 -0.262137
19.554000 -0.255336
19.555000 -0.248160
19.556000 -0.240621
19.557000 -0.232731
19.558000 -0.224503
19.559000 -0.215949
19.560000 -0.207084
19.561000 -0.197922
19.562000 -0.188476
19.563000 -0.178763
19.564000 -0.168798
19.565000 -0.158596
19.566000 -0.148174
19.567000 -0.137549
19.568000 -0.126736
19.569000 -0.115754
19.570000 -0.104620
19.571000 -0.093351
19.572000 -0.081966
19.573000 -0.070482
19.574000 -0.058917
19.575000 -0.047290
19.576000 -0.035619
19.577000 -0.023924
19.578000 -0.012221
19.579000 -0.000530
19.580000 0.011131
19.581000 0.022742
19.582000 0.034287
19.583000 0.045746
19.584000 0.057102
19.585000 0.068336
19.586000 0.079430
19.587000 0.090367
19.588000 0.101130
19.589000 0.111701
19.590000 0.122064
19.591000 0.132201
19.592000 0.142098
19.593000 0.151738
19.594000 0.161106
19.595000 0.170186
19.596000 0.178964
19.597000 0.187427
19.598000 0.195560
19.599000 0.203351
19.600000 0.210786
19.601000 0.217854
19.602000 0.224544
19.603000 0.230844
19.604000 0.236745
19.605000 0.242236
19.606000 0.247308
19.607000 0.251954
19.608000 0.256165
19.609000 0.259935
19.610000 0.263256
19.611000 0.266124
19.612000 0.268533
19.613000 0.270479
19.614000 0.271958
19.615000 0.272968
19.616000 0.273506
19.617000 0.273571
19.618000 0.273162
19.619000 0.272279
19.620000 0.270924
19.621000 0.269097
19.622000 0.266801
19.623000 0.264038
19.624000 0.260813
19.625000 0.257130
19.626000 0.252994
19.627000 0.248410
19.628000 0.243385
19.629000 0.237927
19.630000 0.232043
19.631000 0.225741
19.632000 0.219031
19.633000 0.211923
19.634000 0.204427
19.635000 0.196553
19.636000 0.188314
19.637000 0.179722
19.638000 0.170789
19.639000 0.161528
19.640000 0.151954
19.641000 0.142080
19.642000 0.131921
19.643000 0.121492
19.644000 0.110809
19.645000 0.099888
19.646000 0.088744
19.647000 0.077395
19.648000 0.065858
19.649000 0.054150
19.650000 0.042287
19.651000 0.030289
19.652000 0.018173
19.653000 0.005958
19.654000 -0.006339
19.655000 -0.018699
19.656000 -0.031104
19.657000 -0.043534
19.658000 -0.055972
19.659000 -0.068397
19.660000 -0.080793
19.661000 -0.093140
19.662000 -0.105419
19.663000 -0.117613
19.664000 -0.129702
19.665000 -0.141669
19.666000 -0.153495
19.667000 -0.165164
19.668000 -0.176656
19.669000 -0.187956
19.670000 -0.199046
19.671000 -0.209910
19.672000 -0.220531
19.673000 -0.230893
19.674000 -0.240980
19.675000 -0.250779
19.676000 -0.260273
19.677000 -0.269449
19.678000 -0.278294
19.679000 -0.286793
19.680000 -0.294934
19.681000 -0.302706
19.682000 -0.310096
19.683000 -0.317094
19.684000 -0.323689
19.685000 -0.329871
19.686000 -0.335632
19.687000 -0.340963
19.688000 -0.345857
19.689000 -0.350305
19.690000 -0.354303
19.691000 -0.357843
19.692000 -0.360921
19.693000 -0.363534
19.694000 -0.365676
19.695000 -0.367346
19.696000 -0.368541
19.697000 -0.369259
19.698000 -0.369501
19.699000 -0.369267
19.700000 -0.368556
19.701000 -0.367371
19.702000 -0.365715
19.703000 -0.363589
19.704000 -0.360998
19.705000 -0.357946
19.706000 -0.354439
19.707000 -0.350483
19.708000 -0.346083
19.709000 -0.341248
19.710000 -0.335985
19.711000 -0.330304
19.712000 -0.324212
19.713000 -0.317721
19.714000 -0.310840
19.715000 -0.303581
19.716000 -0.295956
19.717000 -0.287977
19.718000 -0.279656
19.719000 -0.271008
19.720000 -0.262045
19.721000 -0.252784
19.722000 -0.243237
19.723000 -0.233421
19.724000 -0.223351
19.725000 -0.213044
19.726000 -0.202516
19.727000 -0.191783
19.728000 -0.180864
19.729000 -0.169775
19.730000 -0.158533
19.731000 -0.147158
19.732000 -0.135667
19.733000 -0.124078
19.734000 -0.112410
19.735000 -0.100682
19.736000 -0.088912
19.737000 -0.077119
19.738000 -0.065322
19.739000 -0.053539
19.740000 -0.041790
19.741000 -0.030093
19.742000 -0.018467
19.743000 -0.006930
19.744000 0.004499
19.745000 0.015802
19.746000 0.026961
19.747000 0.037958
19.748000 0.048776
19.749000 0.059397
19.750000 0.069804
19.751000 0.079980
19.752000 0.089910
19.753000 0.099578
19.754000 0.108967
19.755000 0.118063
19.756000 0.126851
19.757000 0.135318
19.758000 0.143448
19.759000 0.151231
19.760000 0.158652
19.761000 0.165699
19.762000 0.172363
19.763000 0.178630
19.764000 0.184492
19.765000 0.189939
19.766000 0.194962
19.767000 0.199553
19.768000 0.203703
19.769000 0.207407
19.770000 0.210658
19.771000 0.213451
19.772000 0.215780
19.773000 0.217642
19.774000 0.219033
19.775000 0.219952
19.776000 0.220395
19.777000 0.220363
19.778000 0.219854
19.779000 0.218869
19.780000 0.217410
19.781000 0.215477
19.782000 0.213075
19.783000 0.210206
19.784000 0.206874
19.785000 0.203084
19.786000 0.198842
19.787000 0.194154
19.788000 0.189027
19.789000 0.183469
19.790000 0.177488
19.791000 0.171092
19.792000 0.164293
19.793000 0.157100
19.794000 0.149523
19.795000 0.141575
19.796000 0.133267
19.797000 0.124613
19.798000 0.115625
19.799000 0.106318
19.800000 0.096705
19.801000 0.086801
19.802000 0.076621
19.803000 0.066182
19.804000 0.055499
19.805000 0.044588
19.806000 0.033466
19.807000 0.022152
19.808000 0.010661
19.809000 -0.000989
19.810000 -0.012779
19.811000 -0.024691
19.812000 -0.036707
19.813000 -0.048808
19.814000 -0.060975
19.815000 -0.073191
19.816000 -0.085435
19.817000 -0.097689
19.818000 -0.109934
19.819000 -0.122152
19.820000 -0.134322
19.821000 -0.146426
19.822000 -0.158447
19.823000 -0.170364
19.824000 -0.182159
19.825000 -0.193815
19.826000 -0.205313
19.827000 -0.216635
19.828000 -0.227764
19.829000 -0.238683
19.830000 -0.249374
19.831000 -0.259821
19.832000 -0.270008
19.833000 -0.279920
19.834000 -0.289540
19.835000 -0.298854
19.836000 -0.307848
19.837000 -0.316507
19.838000 -0.324819
19.839000 -0.332769
19.840000 -0.340347
19.841000 -0.347540
19.842000 -0.354338
19.843000 -0.360729
19.844000 -0.366705
19.845000 -0.372255
19.846000 -0.377371
19.847000 -0.382046
19.848000 -0.386272
19.849000 -0.390042
19.850000 -0.393352
19.851000 -0.396196
19.852000 -0.398570
19.853000 -0.400470
19.854000 -0.401893
19.855000 -0.402838
19.856000 -0.403303
19.857000 -0.403288
19.858000 -0.402792
19.859000 -0.401817
19.860000 -0.400365
19.861000 -0.398437
19.862000 -0.396038
19.863000 -0.393171
19.864000 -0.389841
19.865000 -0.386053
19.866000 -0.381813
19.867000 -0.377129
19.868000 -0.372008
19.869000 -0.366458
19.870000 -0.360488
19.871000 -0.354107
19.872000 -0.347327
19.873000 -0.340157
19.874000 -0.332609
19.875000 -0.324696
19.876000 -0.316430
19.877000 -0.307824
19.878000 -0.298892
19.879000 -0.289648
19.880000 -0.280107
19.881000 -0.270284
19.882000 -0.260196
19.883000 -0.249857
19.884000 -0.239285
19.885000 -0.228496
19.886000 -0.217507
19.887000 -0.206337
19.888000 -0.195002
19.889000 -0.183521
19.890000 -0.171913
19.891000 -0.160195
19.892000 -0.148387
19.893000 -0.136506
19.894000 -0.124573
19.895000 -0.112606
19.896000 -0.100624
19.897000 -0.088647
19.898000 -0.076692
19.899000 -0.064781
19.900000 -0.052930
19.901000 -0.041160
19.902000 -0.029489
19.903000 -0.017936
19.904000 -0.006518
19.905000 0.004745
19.906000 0.015836
19.907000 0.026737
19.908000 0.037431
19.909000 0.047901
19.910000 0.058129
19.911000 0.068101
19.912000 0.077799
19.913000 0.087208
19.914000 0.096314
19.915000 0.105101
19.916000 0.113557
19.917000 0.121666
19.918000 0.129417
19.919000 0.136797
19.920000 0.143793
19.921000 0.150396
19.922000 0.156594
19.923000 0.162378
19.924000 0.167737
19.925000 0.172665
19.926000 0.177152
19.927000 0.181192
19.928000 0.184778
19.929000 0.187904
19.930000 0.190565
19.931000 0.192757
19.932000 0.194477
19.933000 0.195722
19.934000 0.196489
19.935000 0.196777
19.936000 0.196587
19.937000 0.195917
19.938000 0.194770
19.939000 0.193146
19.940000 0.191050
19.941000 0.188482
19.942000 0.185449
19.943000 0.181954
19.944000 0.178004
19.945000 0.173603
19.946000 0.168760
19.947000 0.163483
19.948000 0.157778
19.949000 0.151656
19.950000 0.145127
19.951000 0.138200
19.952000 0.130886
19.953000 0.123198
19.954000 0.115148
19.955000 0.106747
19.956000 0.098011
19.957000 0.088952
19.958000 0.079585
19.959000 0.069925
19.960000 0.059987
19.961000 0.049788
19.962000 0.039343
19.963000 0.028670
19.964000 0.017784
19.965000 0.006704
19.966000 -0.004552
19.967000 -0.015967
19.968000 -0.027523
19.969000 -0.039201
19.970000 -0.050982
19.971000 -0.062848
19.972000 -0.074779
19.973000 -0.086757
19.974000 -0.098762
19.975000 -0.110775
19.976000 -0.122777
19.977000 -0.134749
19.978000 -0.146671
19.979000 -0.158525
19.980000 -0.170291
19.981000 -0.181951
19.982000 -0.193485
19.983000 -0.204876
19.984000 -0.216105
19.985000 -0.227154
19.986000 -0.238005
19.987000 -0.248642
19.988000 -0.259046
19.989000 -0.269201
19.990000 -0.279091
19.991000 -0.288700
19.992000 -0.298012
19.993000 -0.307013
19.994000 -0.315687
19.995000 -0.324022
19.996000 -0.332003
19.997000 -0.339618
19.998000 -0.346854
19.999000 -0.353700
20.000000 -0.360144
20.001000 -0.366177
20.002000 -0.371787
20.003000 -0.376967
20.004000 -0.381708
20.005000 -0.386002
20.006000 -0.389842
20.007000 -0.393222
20.008000 -0.396136
20.009000 -0.398580
20.010000 -0.400548
20.011000 -0.402039
20.012000 -0.403050
20.013000 -0.403578
20.014000 -0.403623
20.015000 -0.403184
20.016000 -0.402263
20.017000 -0.400860
20.018000 -0.398977
20.019000 -0.396618
20.020000 -0.393785
20.021000 -0.390484
20.022000 -0.386719
20.023000 -0.382496
20.024000 -0.377822
20.025000 -0.372705
20.026000 -0.367151
20.027000 -0.361171
20.028000 -0.354772
20.029000 -0.347966
20.030000 -0.340763
20.031000 -0.333175
20.032000 -0.325213
20.033000 -0.316890
20.034000 -0.308219
20.035000 -0.299215
20.036000 -0.289890
20.037000 -0.280260
20.038000 -0.270341
20.039000 -0.260147
20.040000 -0.249695
20.041000 -0.239002
20.042000 -0.228085
20.043000 -0.216960
20.044000 -0.205646
20.045000 -0.194161
20.046000 -0.182522
20.047000 -0.170749
20.048000 -0.158860
20.049000 -0.146873
20.050000 -0.134808
20.051000 -0.122685
20.052000 -0.110521
20.053000 -0.098338
20.054000 -0.086153
20.055000 -0.073987
20.056000 -0.061858
20.057000 -0.049787
20.058000 -0.037791
20.059000 -0.025891
20.060000 -0.014105
20.061000 -0.002452
20.062000 0.009050
20.063000 0.020382
20.064000 0.031526
20.065000 0.042465
20.066000 0.053182
20.067000 0.063659
20.068000 0.073879
20.069000 0.083827
20.070000 0.093487
20.071000 0.102843
20.072000 0.111881
20.073000 0.120586
20.074000 0.128944
20.075000 0.136943
20.076000 0.144569
20.077000 0.151812
20.078000 0.158658
20.079000 0.165098
20.080000 0.171122
20.081000 0.176719
20.082000 0.181882
20.083000 0.186601
20.084000 0.190871
20.085000 0.194684
20.086000 0.198034
20.087000 0.200916
20.088000 0.203327
20.089000 0.205261
20.090000 0.206717
20.091000 0.207693
20.092000 0.208186
20.093000 0.208198
20.094000 0.207727
20.095000 0.206775
20.096000 0.205344
20.097000 0.203436
20.098000 0.201055
20.099000 0.198205
20.100000 0.194891
20.101000 0.191119
20.102000 0.186894
20.103000 0.182225
20.104000 0.177118
20.105000 0.171584
20.106000 0.165630
20.107000 0.159266
20.108000 0.152505
20.109000 0.145355
20.110000 0.137831
20.111000 0.129943
20.112000 0.121706
20.113000 0.113133
20.114000 0.104237
20.115000 0.095034
20.116000 0.085540
20.117000 0.075769
20.118000 0.065738
20.119000 0.055464
20.120000 0.044963
20.121000 0.034253
20.122000 0.023351
20.123000 0.012276
20.124000 0.001046
20.125000 -0.010321
20.126000 -0.021805
20.127000 -0.033388
20.128000 -0.045051
20.129000 -0.056774
20.130000 -0.068538
20.131000 -0.080324
20.132000 -0.092112
20.133000 -0.103883
20.134000 -0.115616
20.135000 -0.127293
20.136000 -0.138895
20.137000 -0.150401
20.138000 -0.161794
20.139000 -0.173054
20.140000 -0.184163
20.141000 -0.195101
20.142000 -0.205852
20.143000 -0.216397
20.144000 -0.226718
20.145000 -0.236798
20.146000 -0.246622
20.147000 -0.256171
20.148000 -0.265431
20.149000 -0.274386
20.150000 -0.283020
20.151000 -0.291320
20.152000 -0.299272
20.153000 -0.306862
20.154000 -0.314077
20.155000 -0.320905
20.156000 -0.327336
20.157000 -0.333357
20.158000 -0.338958
20.159000 -0.344131
20.160000 -0.348866
20.161000 -0.353155
20.162000 -0.356991
20.163000 -0.360367
20.164000 -0.363276
20.165000 -0.365715
20.166000 -0.367678
20.167000 -0.369161
20.168000 -0.370163
20.169000 -0.370680
20.170000 -0.370712
20.171000 -0.370258
20.172000 -0.369317
20.173000 -0.367893
20.174000 -0.365985
20.175000 -0.363597
20.176000 -0.360732
20.177000 -0.357395
20.178000 -0.353590
20.179000 -0.349323
20.180000 -0.344600
20.181000 -0.339429
20.182000 -0.333818
20.183000 -0.327775
20.184000 -0.321310
20.185000 -0.314433
20.186000 -0.307153
20.187000 -0.299484
20.188000 -0.291437
20.189000 -0.283023
20.190000 -0.274258
20.191000 -0.265154
20.192000 -0.255726
20.193000 -0.245988
20.194000 -0.235957
20.195000 -0.225647
20.196000 -0.215076
20.197000 -0.204259
20.198000 -0.193215
20.199000 -0.181960
20.200000 -0.170513
20.201000 -0.158892
20.202000 -0.147114
20.203000 -0.135200
20.204000 -0.123167
20.205000 -0.111035
20.206000 -0.098824
20.207000 -0.086552
20.208000 -0.074239
20.209000 -0.061905
20.210000 -0.049570
20.211000 -0.037252
20.212000 -0.024972
20.213000 -0.012750
20.214000 -0.000604
20.215000 0.011446
20.216000 0.023381
20.217000 0.035181
20.218000 0.046829
20.219000 0.058305
20.220000 0.069591
20.221000 0.080670
20.222000 0.091524
20.223000 0.102135
20.224000 0.112487
20.225000 0.122563
20.226000 0.132347
20.227000 0.141825
20.228000 0.150980
20.229000 0.159798
20.230000 0.168266
20.231000 0.176371
20.232000 0.184098
20.233000 0.191437
20.234000 0.198376
20.235000 0.204904
20.236000 0.211011
20.237000 0.216687
20.238000 0.221923
20.239000 0.226712
20.240000 0.231047
20.241000 0.234920
20.242000 0.238326
20.243000 0.241260
20.244000 0.243718
20.245000 0.245695
20.246000 0.247190
20.247000 0.248201
20.248000 0.248725
20.249000 0.248764
20.250000 0.248318
20.251000 0.247387
20.252000 0.245974
20.253000 0.244082
20.254000 0.241714
20.255000 0.238875
20.256000 0.235570
20.257000 0.231805
20.258000 0.227587
20.259000 0.222923
20.260000 0.217822
20.261000 0.212292
20.262000 0.206343
20.263000 0.199985
20.264000 0.193230
20.265000 0.186089
20.266000 0.178574
20.267000 0.170698
20.268000 0.162475
20.269000 0.153919
20.270000 0.145044
20.271000 0.135865
20.272000 0.126399
20.273000 0.116662
20.274000 0.106669
20.275000 0.096438
20.276000 0.085987
20.277000 0.075332
20.278000 0.064493
20.279000 0.053488
20.280000 0.042334
20.281000 0.031052
20.282000 0.019661
20.283000 0.008179
20.284000 -0.003374
20.285000 -0.014978
20.286000 -0.026614
20.287000 -0.038261
20.288000 -0.049900
20.289000 -0.061512
20.290000 -0.073076
20.291000 -0.084574
20.292000 -0.095984
20.293000 -0.107289
20.294000 -0.118468
20.295000 -0.129503
20.296000 -0.140375
20.297000 -0.151066
20.298000 -0.161557
20.299000 -0.171830
20.300000 -0.181868
20.301000 -0.191654
20.302000 -0.201171
20.303000 -0.210402
20.304000 -0.219332
20.305000 -0.227946
20.306000 -0.236228
20.307000 -0.244165
20.308000 -0.251742
20.309000 -0.258947
20.310000 -0.265767
20.311000 -0.272190
20.312000 -0.278205
20.313000 -0.283802
20.314000 -0.288970
20.315000 -0.293700
20.316000 -0.297985
20.317000 -0.301815
20.318000 -0.305185
20.319000 -0.308089
20.320000 -0.310519
20.321000 -0.312473
20.322000 -0.313947
20.323000 -0.314936
20.324000 -0.315439
20.325000 -0.315455
20.326000 -0.314983
20.327000 -0.314022
20.328000 -0.312574
20.329000 -0.310641
20.330000 -0.308226
20.331000 -0.305330
20.332000 -0.301960
20.333000 -0.298119
20.334000 -0.293814
20.335000 -0.289050
20.336000 -0.283836
20.337000 -0.278178
20.338000 -0.272087
20.339000 -0.265571
20.340000 -0.258640
20.341000 -0.251305
20.342000 -0.243578
20.343000 -0.235472
20.344000 -0.226997
20.345000 -0.218169
20.346000 -0.209001
20.347000 -0.199508
20.348000 -0.189704
20.349000 -0.179606
20.350000 -0.169229
20.351000 -0.158590
20.352000 -0.147706
20.353000 -0.136594
20.354000 -0.125272
20.355000 -0.113759
20.356000 -0.102072
20.357000 -0.090231
20.358000 -0.078254
20.359000 -0.066161
20.360000 -0.053971
20.361000 -0.041703
20.362000 -0.029378
20.363000 -0.017015
20.364000 -0.004634
20.365000 0.007745
20.366000 0.020103
20.367000 0.032418
20.368000 0.044672
20.369000 0.056845
20.370000 0.068917
20.371000 0.080869
20.372000 0.092681
20.373000 0.104335
20.374000 0.115812
20.375000 0.127094
20.376000 0.138161
20.377000 0.148998
20.378000 0.159585
20.379000 0.169907
20.380000 0.179947
20.381000 0.189688
20.382000 0.199115
20.383000 0.208214
20.384000 0.216969
20.385000 0.225366
20.386000 0.233393
20.387000 0.241037
20.388000 0.248285
20.389000 0.255126
20.390000 0.261549
20.391000 0.267545
20.392000 0.273104
20.393000 0.278217
20.394000 0.282876
20.395000 0.287074
20.396000 0.290805
20.397000 0.294064
20.398000 0.296845
20.399000 0.299144
20.400000 0.300959
20.401000 0.302287
20.402000 0.303125
20.403000 0.303475
20.404000 0.303334
20.405000 0.302705
20.406000 0.301589
20.407000 0.299989
20.408000 0.297907
20.409000 0.295348
20.410000 0.292317
20.411000 0.288819
20.412000 0.284860
20.413000 0.280449
20.414000 0.275593
20.415000 0.270300
20.416000 0.264581
20.417000 0.258444
20.418000 0.251902
20.419000 0.244965
20.420000 0.237646
20.421000 0.229958
20.422000 0.221914
20.423000 0.213527
20.424000 0.204814
20.425000 0.195788
20.426000 0.186466
20.427000 0.176863
20.428000 0.166996
20.429000 0.156883
20.430000 0.146540
20.431000 0.135987
20.432000 0.125240
20.433000 0.114319
20.434000 0.103242
20.435000 0.092028
20.436000 0.080697
20.437000 0.069269
20.438000 0.057762
20.439000 0.046197
20.440000 0.034594
20.441000 0.022973
20.442000 0.011354
20.443000 -0.000244
20.444000 -0.011800
20.445000 -0.023294
20.446000 -0.034706
20.447000 -0.046018
20.448000 -0.057208
20.449000 -0.068259
20.450000 -0.079150
20.451000 -0.089863
20.452000 -0.100380
20.453000 -0.110682
20.454000 -0.120751
20.455000 -0.130570
20.456000 -0.140123
20.457000 -0.149391
20.458000 -0.158360
20.459000 -0.167013
20.460000 -0.175336
20.461000 -0.183314
20.462000 -0.190933
20.463000 -0.198179
20.464000 -0.205040
20.465000 -0.211504
20.466000 -0.217560
20.467000 -0.223196
20.468000 -0.228402
20.469000 -0.233170
20.470000 -0.237491
20.471000 -0.241356
20.472000 -0.244759
20.473000 -0.247693
20.474000 -0.250154
20.475000 -0.252135
20.476000 -0.253634
20.477000 -0.254646
20.478000 -0.255171
20.479000 -0.255206
20.480000 -0.254751
20.481000 -0.253805
20.482000 -0.252371
20.483000 -0.250449
20.484000 -0.248042
20.485000 -0.245154
20.486000 -0.241789
20.487000 -0.237952
20.488000 -0.233650
20.489000 -0.228887
20.490000 -0.223673
20.491000 -0.218015
20.492000 -0.211921
20.493000 -0.205403
20.494000 -0.198469
20.495000 -0.191132
20.496000 -0.183403
20.497000 -0.175293
20.498000 -0.166818
20.499000 -0.157989
20.500000 -0.148821
20.501000 -0.139330
20.502000 -0.129530
20.503000 -0.119437
20.504000 -0.109068
20.505000 -0.098440
20.506000 -0.087570
20.507000 -0.076475
20.508000 -0.065174
20.509000 -0.053686
20.510000 -0.042028
20.511000 -0.030220
20.512000 -0.018282
20.513000 -0.006233
20.514000 0.005908
20.515000 0.018120
20.516000 0.030384
20.517000 0.042679
20.518000 0.054986
20.519000 0.067283
20.520000 0.079552
20.521000 0.091771
20.522000 0.103921
20.523000 0.115982
20.524000 0.127934
20.525000 0.139757
20.526000 0.151433
20.527000 0.162941
20.528000 0.174264
20.529000 0.185382
20.530000 0.196277
20.531000 0.206932
20.532000 0.217328
20.533000 0.227450
20.534000 0.237280
20.535000 0.246803
20.536000 0.256002
20.537000 0.264863
20.538000 0.273372
20.539000 0.281514
20.540000 0.289277
20.541000 0.296647
20.542000 0.303613
20.543000 0.310164
20.544000 0.316289
20.545000 0.321978
20.546000 0.327222
20.547000 0.332012
20.548000 0.336342
20.549000 0.340204
20.550000 0.343593
20.551000 0.346502
20.552000 0.348928
20.553000 0.350868
20.554000 0.352317
20.555000 0.353274
20.556000 0.353739
20.557000 0.353711
20.558000 0.353189
20.559000 0.352177
20.560000 0.350675
20.561000 0.348688
20.562000 0.346218
20.563000 0.343270
20.564000 0.339851
20.565000 0.335965
20.566000 0.331621
20.567000 0.326825
20.568000 0.321587
20.569000 0.315916
20.570000 0.309822
20.571000 0.303315
20.572000 0.296408
20.573000 0.289112
20.574000 0.281440
20.575000 0.273406
20.576000 0.265024
20.577000 0.256307
20.578000 0.247273
20.579000 0.237935
20.580000 0.228311
20.581000 0.218417
20.582000 0.208271
20.583000 0.197890
20.584000 0.187292
20.585000 0.176495
20.586000 0.165519
20.587000 0.154383
20.588000 0.143104
20.589000 0.131705
20.590000 0.120203
20.591000 0.108619
20.592000 0.096973
20.593000 0.085285
20.594000 0.073576
20.595000 0.061865
20.596000 0.050174
20.597000 0.038522
20.598000 0.026929
20.599000 0.015416
20.600000 0.004003
20.601000 -0.007291
20.602000 -0.018446
20.603000 -0.029443
20.604000 -0.040262
20.605000 -0.050886
20.606000 -0.061294
20.607000 -0.071469
20.608000 -0.081395
20.609000 -0.091052
20.610000 -0.100425
20.611000 -0.109497
20.612000 -0.118252
20.613000 -0.126675
20.614000 -0.134751
20.615000 -0.142467
20.616000 -0.149808
20.617000 -0.156762
20.618000 -0.163316
20.619000 -0.169460
20.620000 -0.175181
20.621000 -0.180470
20.622000 -0.185318
20.623000 -0.189716
20.624000 -0.193656
20.625000 -0.197131
20.626000 -0.200135
20.627000 -0.202661
20.628000 -0.204706
20.629000 -0.206266
20.630000 -0.207338
20.631000 -0.207918
20.632000 -0.208007
20.633000 -0.207603
20.634000 -0.206707
20.635000 -0.205320
20.636000 -0.203444
20.637000 -0.201081
20.638000 -0.198236
20.639000 -0.194913
20.640000 -0.191117
20.641000 -0.186854
20.642000 -0.182131
20.643000 -0.176956
20.644000 -0.171338
20.645000 -0.165285
20.646000 -0.158807
20.647000 -0.151916
20.648000 -0.144622
20.649000 -0.136938
20.650000 -0.128877
20.651000 -0.120451
20.652000 -0.111675
20.653000 -0.102564
20.654000 -0.093132
20.655000 -0.083396
20.656000 -0.073372
20.657000 -0.063076
20.658000 -0.052526
20.659000 -0.041740
20.660000 -0.030735
20.661000 -0.019530
20.662000 -0.008144
20.663000 0.003404
20.664000 0.015095
20.665000 0.026908
20.666000 0.038825
20.667000 0.050825
20.668000 0.062887
20.669000 0.074992
20.670000 0.087120
20.671000 0.099249
20.672000 0.111359
20.673000 0.123430
20.674000 0.135442
20.675000 0.147373
20.676000 0.159205
20.677000 0.170918
20.678000 0.182490
20.679000 0.193904
20.680000 0.205139
20.681000 0.216177
20.682000 0.226999
20.683000 0.237587
20.684000 0.247923
20.685000 0.257989
20.686000 0.267769
20.687000 0.277246
20.688000 0.286404
20.689000 0.295228
20.690000 0.303703
20.691000 0.311814
20.692000 0.319549
20.693000 0.326893
20.694000 0.333834
20.695000 0.340362
20.696000 0.346465
20.697000 0.352132
20.698000 0.357354
20.699000 0.362123
20.700000 0.366431
20.701000 0.370270
20.702000 0.373634
20.703000 0.376518
20.704000 0.378916
20.705000 0.380825
20.706000 0.382242
20.707000 0.383164
20.708000 0.383590
20.709000 0.383520
20.710000 0.382954
20.711000 0.381893
20.712000 0.380340
20.713000 0.378296
20.714000 0.375766
20.715000 0.372754
20.716000 0.369265
20.717000 0.365306
20.718000 0.360884
20.719000 0.356007
20.720000 0.350682
20.721000 0.344919
20.722000 0.338729
20.723000 0.332122
20.724000 0.325110
20.725000 0.317705
20.726000 0.309919
20.727000 0.301767
20.728000 0.293262
20.729000 0.284419
20.730000 0.275254
20.731000 0.265783
20.732000 0.256021
20.733000 0.245986
20.734000 0.235696
20.735000 0.225167
20.736000 0.214419
20.737000 0.203470
20.738000 0.192339
20.739000 0.181044
20.740000 0.169607
20.741000 0.158046
20.742000 0.146382
20.743000 0.134634
20.744000 0.122824
20.745000 0.110971
20.746000 0.099097
20.747000 0.087221
20.748000 0.075364
20.749000 0.063547
20.750000 0.051790
20.751000 0.040114
20.752000 0.028539
20.753000 0.017084
20.754000 0.005771
20.755000 -0.005383
20.756000 -0.016357
20.757000 -0.027132
20.758000 -0.037690
20.759000 -0.048012
20.760000 -0.058081
20.761000 -0.067879
20.762000 -0.077389
20.763000 -0.086595
20.764000 -0.095480
20.765000 -0.104030
20.766000 -0.112228
20.767000 -0.120063
20.768000 -0.127518
20.769000 -0.134582
20.770000 -0.141243
20.771000 -0.147488
20.772000 -0.153308
20.773000 -0.158691
20.774000 -0.163629
20.775000 -0.168112
20.776000 -0.172134
20.777000 -0.175687
20.778000 -0.178764
20.779000 -0.181361
20.780000 -0.183473
20.781000 -0.185097
20.782000 -0.186228
20.783000 -0.186866
20.784000 -0.187010
20.785000 -0.186658
20.786000 -0.185811
20.787000 -0.184472
20.788000 -0.182642
20.789000 -0.180324
20.790000 -0.177523
20.791000 -0.174242
20.792000 -0.170489
20.793000 -0.166268
20.794000 -0.161588
20.795000 -0.156457
20.796000 -0.150883
20.797000 -0.144876
20.798000 -0.138446
20.799000 -0.131605
20.800000 -0.124365
20.801000 -0.116737
20.802000 -0.108735
20.803000 -0.100373
20.804000 -0.091666
20.805000 -0.082628
20.806000 -0.073275
20.807000 -0.063624
20.808000 -0.053690
20.809000 -0.043492
20.810000 -0.033047
20.811000 -0.022372
20.812000 -0.011488
20.813000 -0.000411
20.814000 0.010837
20.815000 0.022239
20.816000 0.033773
20.817000 0.045421
20.818000 0.057161
20.819000 0.068973
20.820000 0.080838
20.821000 0.092734
20.822000 0.104640
20.823000 0.116536
20.824000 0.128401
20.825000 0.140215
20.826000 0.151957
20.827000 0.163607
20.828000 0.175143
20.829000 0.186547
20.830000 0.197799
20.831000 0.208878
20.832000 0.219765
20.833000 0.230442
20.834000 0.240890
20.835000 0.251090
20.836000 0.261025
20.837000 0.270678
20.838000 0.280031
20.839000 0.289068
20.840000 0.297774
20.841000 0.306133
20.842000 0.314131
20.843000 0.321753
20.844000 0.328987
20.845000 0.335819
20.846000 0.342237
20.847000 0.348231
20.848000 0.353790
20.849000 0.358904
20.850000 0.363563
20.851000 0.367761
20.852000 0.371488
20.853000 0.374740
20.854000 0.377509
20.855000 0.379791
20.856000 0.381582
20.857000 0.382878
20.858000 0.383678
20.859000 0.383979
20.860000 0.383781
20.861000 0.383084
20.862000 0.381889
20.863000 0.380198
20.864000 0.378014
20.865000 0.375341
20.866000 0.372183
20.867000 0.368545
20.868000 0.364433
20.869000 0.359855
20.870000 0.354818
20.871000 0.349331
20.872000 0.343403
20.873000 0.337045
20.874000 0.330266
20.875000 0.323080
20.876000 0.315498
20.877000 0.307533
20.878000 0.299200
20.879000 0.290511
20.880000 0.281483
20.881000 0.272130
20.882000 0.262469
20.883000 0.252517
20.884000 0.242291
20.885000 0.231808
20.886000 0.221086
20.887000 0.210144
20.888000 0.199001
20.889000 0.187676
20.890000 0.176188
20.891000 0.164558
20.892000 0.152806
20.893000 0.140951
20.894000 0.129014
20.895000 0.117016
20.896000 0.104978
20.897000 0.092920
20.898000 0.080864
20.899000 0.068829
20.900000 0.056837
20.901000 0.044909
20.902000 0.033065
20.903000 0.021325
20.904000 0.009710
20.905000 -0.001759
20.906000 -0.013064
20.907000 -0.024185
20.908000 -0.035102
20.909000 -0.045797
20.910000 -0.056252
20.911000 -0.066447
20.912000 -0.076367
20.913000 -0.085992
20.914000 -0.095308
20.915000 -0.104298
20.916000 -0.112946
20.917000 -0.121238
20.918000 -0.129159
20.919000 -0.136696
20.920000 -0.143836
20.921000 -0.150566
20.922000 -0.156876
20.923000 -0.162754
20.924000 -0.168190
20.925000 -0.173175
20.926000 -0.177701
20.927000 -0.181760
20.928000 -0.185345
20.929000 -0.188450
20.930000 -0.191070
20.931000 -0.193201
20.932000 -0.194840
20.933000 -0.195983
20.934000 -0.196628
20.935000 -0.196776
20.936000 -0.196427
20.937000 -0.195580
20.938000 -0.194238
20.939000 -0.192404
20.940000 -0.190081
20.941000 -0.187273
20.942000 -0.183986
20.943000 -0.180225
20.944000 -0.175999
20.945000 -0.171313
20.946000 -0.166178
20.947000 -0.160602
20.948000 -0.154595
20.949000 -0.148169
20.950000 -0.141334
20.951000 -0.134104
20.952000 -0.126491
20.953000 -0.118509
20.954000 -0.110172
20.955000 -0.101495
20.956000 -0.092494
20.957000 -0.083185
20.958000 -0.073585
20.959000 -0.063711
20.960000 -0.053580
20.961000 -0.043211
20.962000 -0.032623
20.963000 -0.021833
20.964000 -0.010863
20.965000 0.000270
20.966000 0.011544
20.967000 0.022940
20.968000 0.034437
20.969000 0.046015
20.970000 0.057652
20.971000 0.069329
20.972000 0.081023
20.973000 0.092715
20.974000 0.104383
20.975000 0.116006
20.976000 0.127564
20.977000 0.139035
20.978000 0.150400
20.979000 0.161637
20.980000 0.172727
20.981000 0.183650
20.982000 0.194385
20.983000 0.204914
20.984000 0.215218
20.985000 0.225278
20.986000 0.235076
20.987000 0.244595
20.988000 0.253816
20.989000 0.262725
20.990000 0.271303
20.991000 0.279537
20.992000 0.287410
20.993000 0.294909
20.994000 0.302020
20.995000 0.308730
20.996000 0.315027
20.997000 0.320898
20.998000 0.326335
20.999000 0.331325
21.000000 0.335861
21.001000 0.339934
21.002000 0.343535
21.003000 0.346659
21.004000 0.349299
21.005000 0.351450
21.006000 0.353108
21.007000 0.354270
21.008000 0.354933
21.009000 0.355095
21.010000 0.354756
21.011000 0.353915
21.012000 0.352575
21.013000 0.350736
21.014000 0.348401
21.015000 0.345575
21.016000 0.342261
21.017000 0.338465
21.018000 0.334194
21.019000 0.329454
21.020000 0.324253
21.021000 0.318600
21.022000 0.312504
21.023000 0.305977
21.024000 0.299028
21.025000 0.291669
21.026000 0.283914
21.027000 0.275775
21.028000 0.267266
21.029000 0.258402
21.030000 0.249198
21.031000 0.239670
21.032000 0.229834
21.033000 0.219707
21.034000 0.209306
21.035000 0.198649
21.036000 0.187756
21.037000 0.176644
21.038000 0.165332
21.039000 0.153841
21.040000 0.142189
21.041000 0.130398
21.042000 0.118487
21.043000 0.106477
21.044000 0.094389
21.045000 0.082244
21.046000 0.070063
21.047000 0.057866
21.048000 0.045675
21.049000 0.033512
21.050000 0.021396
21.051000 0.009349
21.052000 -0.002608
21.053000 -0.014454
21.054000 -0.026170
21.055000 -0.037734
21.056000 -0.049127
21.057000 -0.060330
21.058000 -0.071322
21.059000 -0.082084
21.060000 -0.092599
21.061000 -0.102849
21.062000 -0.112814
21.063000 -0.122479
21.064000 -0.131827
21.065000 -0.140841
21.066000 -0.149507
21.067000 -0.157808
21.068000 -0.165732
21.069000 -0.173265
21.070000 -0.180393
21.071000 -0.187105
21.072000 -0.193389
21.073000 -0.199234
21.074000 -0.204632
21.075000 -0.209572
21.076000 -0.214046
21.077000 -0.218048
21.078000 -0.221570
21.079000 -0.224607
21.080000 -0.227154
21.081000 -0.229207
21.082000 -0.230763
21.083000 -0.231820
21.084000 -0.232375
21.085000 -0.232430
21.086000 -0.231984
21.087000 -0.231039
21.088000 -0.229596
21.089000 -0.227660
21.090000 -0.225233
21.091000 -0.222322
21.092000 -0.218931
21.093000 -0.215068
21.094000 -0.210739
21.095000 -0.205953
21.096000 -0.200719
21.097000 -0.195047
21.098000 -0.188947
21.099000 -0.182432
21.100000 -0.175513
21.101000 -0.168202
21.102000 -0.160515
21.103000 -0.152464
21.104000 -0.144065
21.105000 -0.135333
21.106000 -0.126285
21.107000 -0.116937
21.108000 -0.107307
21.109000 -0.097412
21.110000 -0.087270
21.111000 -0.076900
21.112000 -0.066321
21.113000 -0.055553
21.114000 -0.044615
21.115000 -0.033527
21.116000 -0.022310
21.117000 -0.010985
21.118000 0.000428
21.119000 0.011908
21.120000 0.023434
21.121000 0.034985
21.122000 0.046539
21.123000 0.058075
21.124000 0.069572
21.125000 0.081009
21.126000 0.092366
21.127000 0.103620
21.128000 0.114751
21.129000 0.125739
21.130000 0.136564
21.131000 0.147206
21.132000 0.157644
21.133000 0.167861
21.134000 0.177836
21.135000 0.187552
21.136000 0.196990
21.137000 0.206134
21.138000 0.214966
21.139000 0.223469
21.140000 0.231628
21.141000 0.239428
21.142000 0.246854
21.143000 0.253892
21.144000 0.260529
21.145000 0.266752
21.146000 0.272551
21.147000 0.277913
21.148000 0.282828
21.149000 0.287288
21.150000 0.291283
21.151000 0.294806
21.152000 0.297850
21.153000 0.300408
21.154000 0.302476
21.155000 0.304049
21.156000 0.305124
21.157000 0.305697
21.158000 0.305769
21.159000 0.305337
21.160000 0.304402
21.161000 0.302964
21.162000 0.301027
21.163000 0.298592
21.164000 0.295663
21.165000 0.292246
21.166000 0.288344
21.167000 0.283966
21.168000 0.279118
21.169000 0.273807
21.170000 0.268044
21.171000 0.261837
21.172000 0.255197
21.173000 0.248136
21.174000 0.240664
21.175000 0.232796
21.176000 0.224545
21.177000 0.215924
21.178000 0.206949
21.179000 0.197634
21.180000 0.187997
21.181000 0.178054
21.182000 0.167821
21.183000 0.157317
21.184000 0.146560
21.185000 0.135568
21.186000 0.124360
21.187000 0.112957
21.188000 0.101378
21.189000 0.089642
21.190000 0.077771
21.191000 0.065785
21.192000 0.053705
21.193000 0.041552
21.194000 0.029347
21.195000 0.017112
21.196000 0.004868
21.197000 -0.007365
21.198000 -0.019564
21.199000 -0.031708
21.200000 -0.043776
21.201000 -0.055747
21.202000 -0.067600
21.203000 -0.079314
21.204000 -0.090870
21.205000 -0.102247
21.206000 -0.113424
21.207000 -0.124383
21.208000 -0.135105
21.209000 -0.145571
21.210000 -0.155762
21.211000 -0.165661
21.212000 -0.175252
21.213000 -0.184516
21.214000 -0.193439
21.215000 -0.202004
21.216000 -0.210198
21.217000 -0.218005
21.218000 -0.225413
21.219000 -0.232408
21.220000 -0.238980
21.221000 -0.245116
21.222000 -0.250806
21.223000 -0.256041
21.224000 -0.260811
21.225000 -0.265110
21.226000 -0.268929
21.227000 -0.272263
21.228000 -0.275106
21.229000 -0.277453
21.230000 -0.279302
21.231000 -0.280649
21.232000 -0.281492
21.233000 -0.281831
21.234000 -0.281666
21.235000 -0.280998
21.236000 -0.279828
21.237000 -0.278159
21.238000 -0.275995
21.239000 -0.273341
21.240000 -0.270201
21.241000 -0.266583
21.242000 -0.262493
21.243000 -0.257939
21.244000 -0.252931
21.245000 -0.247477
21.246000 -0.241589
21.247000 -0.235277
21.248000 -0.228554
21.249000 -0.221432
21.250000 -0.213925
21.251000 -0.206048
21.252000 -0.197814
21.253000 -0.189240
21.254000 -0.180341
21.255000 -0.171135
21.256000 -0.161638
21.257000 -0.151869
21.258000 -0.141846
21.259000 -0.131587
21.260000 -0.121111
21.261000 -0.110439
21.262000 -0.099590
21.263000 -0.088584
21.264000 -0.077442
21.265000 -0.066185
21.266000 -0.054833
21.267000 -0.043409
21.268000 -0.031932
21.269000 -0.020426
21.270000 -0.008910
21.271000 0.002594
21.272000 0.014063
21.273000 0.025477
21.274000 0.036814
21.275000 0.048054
21.276000 0.059174
21.277000 0.070156
21.278000 0.080977
21.279000 0.091617
21.280000 0.102058
21.281000 0.112279
21.282000 0.122260
21.283000 0.131984
21.284000 0.141433
21.285000 0.150587
21.286000 0.159431
21.287000 0.167947
21.288000 0.176120
21.289000 0.183933
21.290000 0.191373
21.291000 0.198424
21.292000 0.205075
21.293000 0.211311
21.294000 0.217121
21.295000 0.222494
21.296000 0.227419
21.297000 0.231887
21.298000 0.235889
21.299000 0.239417
21.300000 0.242465
21.301000 0.245025
21.302000 0.247093
21.303000 0.248665
21.304000 0.249736
21.305000 0.250305
21.306000 0.250369
21.307000 0.249928
21.308000 0.248983
21.309000 0.247533
21.310000 0.245581
21.311000 0.243131
21.312000 0.240185
21.313000 0.236749
21.314000 0.232828
21.315000 0.228429
21.316000 0.223559
21.317000 0.218226
21.318000 0.212439
21.319000 0.206209
21.320000 0.199546
21.321000 0.192461
21.322000 0.184967
21.323000 0.177077
21.324000 0.168804
21.325000 0.160164
21.326000 0.151170
21.327000 0.141839
21.328000 0.132187
21.329000 0.122231
21.330000 0.111989
21.331000 0.101478
21.332000 0.090717
21.333000 0.079726
21.334000 0.068523
21.335000 0.057128
21.336000 0.045562
21.337000 0.033845
21.338000 0.021997
21.339000 0.010040
21.340000 -0.002005
21.341000 -0.014117
21.342000 -0.026274
21.343000 -0.038456
21.344000 -0.050639
21.345000 -0.062803
21.346000 -0.074926
21.347000 -0.086987
21.348000 -0.098964
21.349000 -0.110836
21.350000 -0.122581
21.351000 -0.134180
21.352000 -0.145611
21.353000 -0.156854
21.354000 -0.167889
21.355000 -0.178697
21.356000 -0.189259
21.357000 -0.199555
21.358000 -0.209568
21.359000 -0.219280
21.360000 -0.228674
21.361000 -0.237733
21.362000 -0.246441
21.363000 -0.254783
21.364000 -0.262744
21.365000 -0.270310
21.366000 -0.277469
21.367000 -0.284207
21.368000 -0.290512
21.369000 -0.296375
21.370000 -0.301784
21.371000 -0.306730
21.372000 -0.311205
21.373000 -0.315202
21.374000 -0.318712
21.375000 -0.321731
21.376000 -0.324254
21.377000 -0.326276
21.378000 -0.327795
21.379000 -0.328808
21.380000 -0.329313
21.381000 -0.329311
21.382000 -0.328802
21.383000 -0.327787
21.384000 -0.326269
21.385000 -0.324251
21.386000 -0.321737
21.387000 -0.318733
21.388000 -0.315244
21.389000 -0.311277
21.390000 -0.306841
21.391000 -0.301943
21.392000 -0.296594
21.393000 -0.290803
21.394000 -0.284582
21.395000 -0.277943
21.396000 -0.270898
21.397000 -0.263460
21.398000 -0.255644
21.399000 -0.247465
21.400000 -0.238938
21.401000 -0.230079
21.402000 -0.220905
21.403000 -0.211434
21.404000 -0.201683
21.405000 -0.191670
21.406000 -0.181414
21.407000 -0.170935
21.408000 -0.160253
21.409000 -0.149387
21.410000 -0.138358
21.411000 -0.127186
21.412000 -0.115894
21.413000 -0.104500
21.414000 -0.093028
21.415000 -0.081499
21.416000 -0.069934
21.417000 -0.058355
21.418000 -0.046784
21.419000 -0.035243
21.420000 -0.023752
21.421000 -0.012334
21.422000 -0.001011
21.423000 0.010197
21.424000 0.021269
21.425000 0.032183
21.426000 0.042920
21.427000 0.053458
21.428000 0.063779
21.429000 0.073862
21.430000 0.083689
21.431000 0.093242
21.432000 0.102501
21.433000 0.111451
21.434000 0.120073
21.435000 0.128351
21.436000 0.136270
21.437000 0.143816
21.438000 0.150972
21.439000 0.157726
21.440000 0.164066
21.441000 0.169978
21.442000 0.175452
21.443000 0.180476
21.444000 0.185042
21.445000 0.189141
21.446000 0.192763
21.447000 0.195904
21.448000 0.198555
21.449000 0.200712
21.450000 0.202370
21.451000 0.203526
21.452000 0.204178
21.453000 0.204323
21.454000 0.203961
21.455000 0.203092
21.456000 0.201718
21.457000 0.199840
21.458000 0.197461
21.459000 0.194586
21.460000 0.191219
21.461000 0.187366
21.462000 0.183034
21.463000 0.178230
21.464000 0.172962
21.465000 0.167241
21.466000 0.161076
21.467000 0.154478
21.468000 0.147458
21.469000 0.140030
21.470000 0.132207
21.471000 0.124002
21.472000 0.115430
21.473000 0.106507
21.474000 0.097249
21.475000 0.087673
21.476000 0.077795
21.477000 0.067634
21.478000 0.057207
21.479000 0.046535
21.480000 0.035635
21.481000 0.024528
21.482000 0.013234
21.483000 0.001774
21.484000 -0.009833
21.485000 -0.021564
21.486000 -0.033399
21.487000 -0.045315
21.488000 -0.057293
21.489000 -0.069309
21.490000 -0.081341
21.491000 -0.093369
21.492000 -0.105370
21.493000 -0.117322
21.494000 -0.129204
21.495000 -0.140993
21.496000 -0.152669
21.497000 -0.164211
21.498000 -0.175597
21.499000 -0.186806
21.500000 -0.197819
21.501000 -0.208615
21.502000 -0.219174
21.503000 -0.229478
21.504000 -0.239508
21.505000 -0.249245
21.506000 -0.258671
21.507000 -0.267771
21.508000 -0.276526
21.509000 -0.284922
21.510000 -0.292943
21.511000 -0.300574
21.512000 -0.307802
21.513000 -0.314614
21.514000 -0.320997
21.515000 -0.326939
21.516000 -0.332431
21.517000 -0.337462
21.518000 -0.342024
21.519000 -0.346107
21.520000 -0.349705
21.521000 -0.352812
21.522000 -0.355421
21.523000 -0.357529
21.524000 -0.359132
21.525000 -0.360226
21.526000 -0.360812
21.527000 -0.360886
21.528000 -0.360450
21.529000 -0.359506
21.530000 -0.358053
21.531000 -0.356097
21.532000 -0.353640
21.533000 -0.350687
21.534000 -0.347245
21.535000 -0.343320
21.536000 -0.338918
21.537000 -0.334050
21.538000 -0.328724
21.539000 -0.322949
21.540000 -0.316738
21.541000 -0.310102
21.542000 -0.303054
21.543000 -0.295606
21.544000 -0.287773
21.545000 -0.279569
21.546000 -0.271011
21.547000 -0.262114
21.548000 -0.252894
21.549000 -0.243371
21.550000 -0.233560
21.551000 -0.223481
21.552000 -0.213153
21.553000 -0.202594
21.554000 -0.191826
21.555000 -0.180867
21.556000 -0.169740
21.557000 -0.158464
21.558000 -0.147060
21.559000 -0.135551
21.560000 -0.123958
21.561000 -0.112301
21.562000 -0.100605
21.563000 -0.088890
21.564000 -0.077178
21.565000 -0.065491
21.566000 -0.053851
21.567000 -0.042281
21.568000 -0.030801
21.569000 -0.019434
21.570000 -0.008200
21.571000 0.002878
21.572000 0.013782
21.573000 0.024489
21.574000 0.034980
21.575000 0.045235
21.576000 0.055235
21.577000 0.064961
21.578000 0.074395
21.579000 0.083519
21.580000 0.092316
21.581000 0.100769
21.582000 0.108863
21.583000 0.116581
21.584000 0.123911
21.585000 0.130837
21.586000 0.137347
21.587000 0.143428
21.588000 0.149070
21.589000 0.154260
21.590000 0.158991
21.591000 0.163251
21.592000 0.167035
21.593000 0.170333
21.594000 0.173140
21.595000 0.175451
21.596000 0.177261
21.597000 0.178567
21.598000 0.179366
21.599000 0.179656
21.600000 0.179437
21.601000 0.178709
21.602000 0.177473
21.603000 0.175732
21.604000 0.173488
21.605000 0.170746
21.606000 0.167510
21.607000 0.163788
21.608000 0.159584
21.609000 0.154908
21.610000 0.149768
21.611000 0.144173
21.612000 0.138134
21.613000 0.131661
21.614000 0.124768
21.615000 0.117466
21.616000 0.109769
21.617000 0.101692
21.618000 0.093249
21.619000 0.084457
21.620000 0.075331
21.621000 0.065888
21.622000 0.056147
21.623000 0.046125
21.624000 0.035841
21.625000 0.025314
21.626000 0.014564
21.627000 0.003611
21.628000 -0.007525
21.629000 -0.018823
21.630000 -0.030262
21.631000 -0.041820
21.632000 -0.053476
21.633000 -0.065209
21.634000 -0.076996
21.635000 -0.088815
21.636000 -0.100644
21.637000 -0.112461
21.638000 -0.124244
21.639000 -0.135971
21.640000 -0.147620
21.641000 -0.159169
21.642000 -0.170596
21.643000 -0.181881
21.644000 -0.193001
21.645000 -0.203937
21.646000 -0.214667
21.647000 -0.225172
21.648000 -0.235432
21.649000 -0.245428
21.650000 -0.255140
21.651000 -0.264551
21.652000 -0.273644
21.653000 -0.282400
21.654000 -0.290803
21.655000 -0.298839
21.656000 -0.306491
21.657000 -0.313745
21.658000 -0.320588
21.659000 -0.327007
21.660000 -0.332989
21.661000 -0.338524
21.662000 -0.343601
21.663000 -0.348210
21.664000 -0.352344
21.665000 -0.355992
21.666000 -0.359151
21.667000 -0.361812
21.668000 -0.363971
21.669000 -0.365624
21.670000 -0.366767
21.671000 -0.367399
21.672000 -0.367519
21.673000 -0.367125
21.674000 -0.366219
21.675000 -0.364803
21.676000 -0.362878
21.677000 -0.360448
21.678000 -0.357519
21.679000 -0.354094
21.680000 -0.350182
21.681000 -0.345788
21.682000 -0.340921
21.683000 -0.335591
21.684000 -0.329806
21.685000 -0.323578
21.686000 -0.316919
21.687000 -0.309841
21.688000 -0.302357
21.689000 -0.294481
21.690000 -0.286227
21.691000 -0.277612
21.692000 -0.268651
21.693000 -0.259361
21.694000 -0.249760
21.695000 -0.239865
21.696000 -0.229695
21.697000 -0.219268
21.698000 -0.208606
21.699000 -0.197726
21.700000 -0.186650
21.701000 -0.175399
21.702000 -0.163993
21.703000 -0.152454
21.704000 -0.140803
21.705000 -0.129063
21.706000 -0.117255
21.707000 -0.105401
21.708000 -0.093524
21.709000 -0.081645
21.710000 -0.069788
21.711000 -0.057974
21.712000 -0.046225
21.713000 -0.034563
21.714000 -0.023011
21.715000 -0.011589
21.716000 -0.000319
21.717000 0.010777
21.718000 0.021679
21.719000 0.032367
21.720000 0.042820
21.721000 0.053020
21.722000 0.062946
21.723000 0.072581
21.724000 0.081906
21.725000 0.090904
21.726000 0.099559
21.727000 0.107853
21.728000 0.115772
21.729000 0.123301
21.730000 0.130425
21.731000 0.137132
21.732000 0.143409
21.733000 0.149244
21.734000 0.154627
21.735000 0.159547
21.736000 0.163996
21.737000 0.167965
21.738000 0.171447
21.739000 0.174436
21.740000 0.176926
21.741000 0.178912
21.742000 0.180392
21.743000 0.181362
21.744000 0.181821
21.745000 0.181769
21.746000 0.181204
21.747000 0.180130
21.748000 0.178548
21.749000 0.176462
21.750000 0.173874
21.751000 0.170792
21.752000 0.167220
21.753000 0.163166
21.754000 0.158638
21.755000 0.153644
21.756000 0.148195
21.757000 0.142300
21.758000 0.135971
21.759000 0.129221
21.760000 0.122062
21.761000 0.114508
21.762000 0.106574
21.763000 0.098275
21.764000 0.089628
21.765000 0.080648
21.766000 0.071353
21.767000 0.061761
21.768000 0.051890
21.769000 0.041760
21.770000 0.031389
21.771000 0.020798
21.772000 0.010008
21.773000 -0.000962
21.774000 -0.012090
21.775000 -0.023355
21.776000 -0.034734
21.777000 -0.046207
21.778000 -0.057750
21.779000 -0.069343
21.780000 -0.080962
21.781000 -0.092585
21.782000 -0.104190
21.783000 -0.115755
21.784000 -0.127257
21.785000 -0.138674
21.786000 -0.149984
21.787000 -0.161165
21.788000 -0.172196
21.789000 -0.183055
21.790000 -0.193723
21.791000 -0.204177
21.792000 -0.214397
21.793000 -0.224365
21.794000 -0.234061
21.795000 -0.243465
21.796000 -0.252560
21.797000 -0.261329
21.798000 -0.269753
21.799000 -0.277817
21.800000 -0.285505
21.801000 -0.292803
21.802000 -0.299695
21.803000 -0.306168
21.804000 -0.312210
21.805000 -0.317810
21.806000 -0.322954
21.807000 -0.327635
21.808000 -0.331842
21.809000 -0.335567
21.810000 -0.338803
21.811000 -0.341542
21.812000 -0.343780
21.813000 -0.345512
21.814000 -0.346734
21.815000 -0.347444
21.816000 -0.347639
21.817000 -0.347318
21.818000 -0.346483
21.819000 -0.345135
21.820000 -0.343274
21.821000 -0.340905
21.822000 -0.338032
21.823000 -0.334660
21.824000 -0.330794
21.825000 -0.326443
21.826000 -0.321612
21.827000 -0.316313
21.828000 -0.310553
21.829000 -0.304344
21.830000 -0.297697
21.831000 -0.290624
21.832000 -0.283139
21.833000 -0.275254
21.834000 -0.266986
21.835000 -0.258349
21.836000 -0.249359
21.837000 -0.240032
21.838000 -0.230387
21.839000 -0.220442
21.840000 -0.210214
21.841000 -0.199722
21.842000 -0.188987
21.843000 -0.178029
21.844000 -0.166868
21.845000 -0.155524
21.846000 -0.144019
21.847000 -0.132375
21.848000 -0.120613
21.849000 -0.108755
21.850000 -0.096823
21.851000 -0.084841
21.852000 -0.072829
21.853000 -0.060812
21.854000 -0.048810
21.855000 -0.036847
21.856000 -0.024945
21.857000 -0.013127
21.858000 -0.001414
21.859000 0.010172
21.860000 0.021609
21.861000 0.032875
21.862000 0.043950
21.863000 0.054813
21.864000 0.065443
21.865000 0.075821
21.866000 0.085927
21.867000 0.095743
21.868000 0.105249
21.869000 0.114430
21.870000 0.123266
21.871000 0.131743
21.872000 0.139844
21.873000 0.147554
21.874000 0.154858
21.875000 0.161745
21.876000 0.168200
21.877000 0.174212
21.878000 0.179770
21.879000 0.184863
21.880000 0.189483
21.881000 0.193621
21.882000 0.197270
21.883000 0.200423
21.884000 0.203075
21.885000 0.205220
21.886000 0.206857
21.887000 0.207980
21.888000 0.208591
21.889000 0.208686
21.890000 0.208268
21.891000 0.207336
21.892000 0.205895
21.893000 0.203945
21.894000 0.201493
21.895000 0.198543
21.896000 0.195101
21.897000 0.191175
21.898000 0.186773
21.899000 0.181902
21.900000 0.176575
21.901000 0.170800
21.902000 0.164590
21.903000 0.157957
21.904000 0.150914
21.905000 0.143476
21.906000 0.135658
21.907000 0.127474
21.908000 0.118941
21.909000 0.110076
21.910000 0.100896
21.911000 0.091420
21.912000 0.081667
21.913000 0.071655
21.914000 0.061405
21.915000 0.050936
21.916000 0.040270
21.917000 0.029427
21.918000 0.018429
21.919000 0.007297
21.920000 -0.003946
21.921000 -0.015279
21.922000 -0.026678
21.923000 -0.038123
21.924000 -0.049589
21.925000 -0.061055
21.926000 -0.072498
21.927000 -0.083895
21.928000 -0.095223
21.929000 -0.106462
21.930000 -0.117587
21.931000 -0.128578
21.932000 -0.139412
21.933000 -0.150069
21.934000 -0.160526
21.935000 -0.170764
21.936000 -0.180762
21.937000 -0.190500
21.938000 -0.199959
21.939000 -0.209120
21.940000 -0.217965
21.941000 -0.226477
21.942000 -0.234638
21.943000 -0.242431
21.944000 -0.249842
21.945000 -0.256856
21.946000 -0.263458
21.947000 -0.269635
21.948000 -0.275375
21.949000 -0.280665
21.950000 -0.285496
21.951000 -0.289857
21.952000 -0.293739
21.953000 -0.297135
21.954000 -0.300036
21.955000 -0.302437
21.956000 -0.304333
21.957000 -0.305719
21.958000 -0.306591
21.959000 -0.306949
21.960000 -0.306790
21.961000 -0.306114
21.962000 -0.304922
21.963000 -0.303215
21.964000 -0.300996
21.965000 -0.298270
21.966000 -0.295039
21.967000 -0.291311
21.968000 -0.287091
21.969000 -0.282387
21.970000 -0.277208
21.971000 -0.271563
21.972000 -0.265462
21.973000 -0.258916
21.974000 -0.251938
21.975000 -0.244540
21.976000 -0.236736
21.977000 -0.228540
21.978000 -0.219968
21.979000 -0.211035
21.980000 -0.201759
21.981000 -0.192155
21.982000 -0.182243
21.983000 -0.172041
21.984000 -0.161568
21.985000 -0.150843
21.986000 -0.139887
21.987000 -0.128720
21.988000 -0.117363
21.989000 -0.105838
21.990000 -0.094165
21.991000 -0.082368
21.992000 -0.070468
21.993000 -0.058487
21.994000 -0.046449
21.995000 -0.034375
21.996000 -0.022289
21.997000 -0.010213
21.998000 0.001830
21.999000 0.013817
22.000000 0.025726
22.001000 0.037535
22.002000 0.049221
22.003000 0.060762
22.004000 0.072136
22.005000 0.083323
22.006000 0.094300
22.007000 0.105048
22.008000 0.115547
22.009000 0.125776
22.010000 0.135716
22.011000 0.145349
22.012000 0.154657
22.013000 0.163623
22.014000 0.172229
22.015000 0.180460
22.016000 0.188300
22.017000 0.195735
22.018000 0.202750
22.019000 0.209334
22.020000 0.215474
22.021000 0.221159
22.022000 0.226377
22.023000 0.231121
22.024000 0.235381
22.025000 0.239149
22.026000 0.242420
22.027000 0.245186
22.028000 0.247445
22.029000 0.249191
22.030000 0.250422
22.031000 0.251137
22.032000 0.251334
22.033000 0.251014
22.034000 0.250178
22.035000 0.248829
22.036000 0.246969
22.037000 0.244603
22.038000 0.241737
22.039000 0.238375
22.040000 0.234527
22.041000 0.230199
22.042000 0.225401
22.043000 0.220143
22.044000 0.214435
22.045000 0.208290
22.046000 0.201720
22.047000 0.194738
22.048000 0.187359
22.049000 0.179598
22.050000 0.171470
22.051000 0.162991
22.052000 0.154180
22.053000 0.145054
22.054000 0.135630
22.055000 0.125929
22.056000 0.115970
22.057000 0.105773
22.058000 0.095357
22.059000 0.084745
22.060000 0.073958
22.061000 0.063016
22.062000 0.051943
22.063000 0.040760
22.064000 0.029490
22.065000 0.018155
22.066000 0.006779
22.067000 -0.004617
22.068000 -0.016009
22.069000 -0.027374
22.070000 -0.038690
22.071000 -0.049934
22.072000 -0.061083
22.073000 -0.072115
22.074000 -0.083007
22.075000 -0.093738
22.076000 -0.104287
22.077000 -0.114632
22.078000 -0.124751
22.079000 -0.134626
22.080000 -0.144235
22.081000 -0.153560
22.082000 -0.162582
22.083000 -0.171281
22.084000 -0.179642
22.085000 -0.187646
22.086000 -0.195278
22.087000 -0.202521
22.088000 -0.209362
22.089000 -0.215785
22.090000 -0.221779
22.091000 -0.227330
22.092000 -0.232427
22.093000 -0.237059
22.094000 -0.241217
22.095000 -0.244892
22.096000 -0.248075
22.097000 -0.250761
22.098000 -0.252943
22.099000 -0.254617
22.100000 -0.255777
22.101000 -0.256422
22.102000 -0.256550
22.103000 -0.256159
22.104000 -0.255249
22.105000 -0.253823
22.106000 -0.251881
22.107000 -0.249427
22.108000 -0.246465
22.109000 -0.243001
22.110000 -0.239040
22.111000 -0.234589
22.112000 -0.229657
22.113000 -0.224252
22.114000 -0.218384
22.115000 -0.212065
22.116000 -0.205305
22.117000 -0.198118
22.118000 -0.190516
22.119000 -0.182515
22.120000 -0.174128
22.121000 -0.165372
22.122000 -0.156263
22.123000 -0.146819
22.124000 -0.137057
22.125000 -0.126995
22.126000 -0.116653
22.127000 -0.106051
22.128000 -0.095207
22.129000 -0.084144
22.130000 -0.072882
22.131000 -0.061442
22.132000 -0.049846
22.133000 -0.038116
22.134000 -0.026274
22.135000 -0.014344
22.136000 -0.002348
22.137000 0.009692
22.138000 0.021753
22.139000 0.033810
22.140000 0.045843
22.141000 0.057827
22.142000 0.069739
22.143000 0.081557
22.144000 0.093259
22.145000 0.104822
22.146000 0.116224
22.147000 0.127444
22.148000 0.138459
22.149000 0.149250
22.150000 0.159795
22.151000 0.170074
22.152000 0.180068
22.153000 0.189759
22.154000 0.199126
22.155000 0.208154
22.156000 0.216824
22.157000 0.225121
22.158000 0.233028
22.159000 0.240531
22.160000 0.247616
22.161000 0.254269
22.162000 0.260478
22.163000 0.266231
22.164000 0.271518
22.165000 0.276329
22.166000 0.280655
22.167000 0.284488
22.168000 0.287821
22.169000 0.290649
22.170000 0.292966
22.171000 0.294769
22.172000 0.296054
22.173000 0.296820
22.174000 0.297066
22.175000 0.296792
22.176000 0.295998
22.177000 0.294688
22.178000 0.292864
22.179000 0.290531
22.180000 0.287693
22.181000 0.284358
22.182000 0.280532
22.183000 0.276223
22.184000 0.271440
22.185000 0.266194
22.186000 0.260495
22.187000 0.254355
22.188000 0.247787
22.189000 0.240804
22.190000 0.233422
22.191000 0.225654
22.192000 0.217516
22.193000 0.209026
22.194000 0.200201
22.195000 0.191059
22.196000 0.181618
22.197000 0.171897
22.198000 0.161917
22.199000 0.151697
22.200000 0.141258
22.201000 0.130622
22.202000 0.119809
22.203000 0.108843
22.204000 0.097744
22.205000 0.086536
22.206000 0.075242
22.207000 0.063883
22.208000 0.052484
22.209000 0.041066
22.210000 0.029654
22.211000 0.018271
22.212000 0.006938
22.213000 -0.004320
22.214000 -0.015481
22.215000 -0.026522
22.216000 -0.037421
22.217000 -0.048155
22.218000 -0.058704
22.219000 -0.069046
22.220000 -0.079159
22.221000 -0.089023
22.222000 -0.098618
22.223000 -0.107925
22.224000 -0.116924
22.225000 -0.125597
22.226000 -0.133927
22.227000 -0.141897
22.228000 -0.149489
22.229000 -0.156689
22.230000 -0.163482
22.231000 -0.169854
22.232000 -0.175792
22.233000 -0.181282
22.234000 -0.186315
22.235000 -0.190879
22.236000 -0.194965
22.237000 -0.198565
22.238000 -0.201669
22.239000 -0.204273
22.240000 -0.206370
22.241000 -0.207955
22.242000 -0.209025
22.243000 -0.209577
22.244000 -0.209609
22.245000 -0.209122
22.246000 -0.208114
22.247000 -0.206588
22.248000 -0.204547
22.249000 -0.201993
22.250000 -0.198931
22.251000 -0.195367
22.252000 -0.191307
22.253000 -0.186759
22.254000 -0.181732
22.255000 -0.176233
22.256000 -0.170275
22.257000 -0.163868
22.258000 -0.157025
22.259000 -0.149758
22.260000 -0.142082
22.261000 -0.134010
22.262000 -0.125559
22.263000 -0.116745
22.264000 -0.107584
22.265000 -0.098095
22.266000 -0.088296
22.267000 -0.078205
22.268000 -0.067842
22.269000 -0.057227
22.270000 -0.046381
22.271000 -0.035325
22.272000 -0.024079
22.273000 -0.012667
22.274000 -0.001110
22.275000 0.010570
22.276000 0.022350
22.277000 0.034206
22.278000 0.046117
22.279000 0.058058
22.280000 0.070007
22.281000 0.081940
22.282000 0.093834
22.283000 0.105666
22.284000 0.117412
22.285000 0.129051
22.286000 0.140560
22.287000 0.151915
22.288000 0.163095
22.289000 0.174079
22.290000 0.184844
22.291000 0.195370
22.292000 0.205637
22.293000 0.215624
22.294000 0.225312
22.295000 0.234683
22.296000 0.243717
22.297000 0.252399
22.298000 0.260710
22.299000 0.268634
22.300000 0.276158
22.301000 0.283265
22.302000 0.289942
22.303000 0.296176
22.304000 0.301956
22.305000 0.307271
22.306000 0.312109
22.307000 0.316462
22.308000 0.320322
22.309000 0.323682
22.310000 0.326535
22.311000 0.328875
22.312000 0.330700
22.313000 0.332005
22.314000 0.332788
22.315000 0.333048
22.316000 0.332786
22.317000 0.332001
22.318000 0.330697
22.319000 0.328875
22.320000 0.326540
22.321000 0.323697
22.322000 0.320353
22.323000 0.316514
22.324000 0.312187
22.325000 0.307383
22.326000 0.302112
22.327000 0.296383
22.328000 0.290209
22.329000 0.283603
22.330000 0.276578
22.331000 0.269149
22.332000 0.261330
22.333000 0.253138
22.334000 0.244589
22.335000 0.235702
22.336000 0.226493
22.337000 0.216982
22.338000 0.207188
22.339000 0.197131
22.340000 0.186832
22.341000 0.176310
22.342000 0.165589
22.343000 0.154689
22.344000 0.143632
22.345000 0.132442
22.346000 0.121140
22.347000 0.109750
22.348000 0.098295
22.349000 0.086797
22.350000 0.075281
22.351000 0.063770
22.352000 0.052286
22.353000 0.040854
22.354000 0.029496
22.355000 0.018236
22.356000 0.007096
22.357000 -0.003901
22.358000 -0.014733
22.359000 -0.025377
22.360000 -0.035813
22.361000 -0.046018
22.362000 -0.055973
22.363000 -0.065657
22.364000 -0.075050
22.365000 -0.084133
22.366000 -0.092888
22.367000 -0.101297
22.368000 -0.109343
22.369000 -0.117009
22.370000 -0.124279
22.371000 -0.131140
22.372000 -0.137576
22.373000 -0.143574
22.374000 -0.149123
22.375000 -0.154211
22.376000 -0.158827
22.377000 -0.162962
22.378000 -0.166607
22.379000 -0.169755
22.380000 -0.172399
22.381000 -0.174534
22.382000 -0.176154
22.383000 -0.177257
22.384000 -0.177839
22.385000 -0.177901
22.386000 -0.177440
22.387000 -0.176457
22.388000 -0.174956
22.389000 -0.172937
22.390000 -0.170405
22.391000 -0.167365
22.392000 -0.163823
22.393000 -0.159784
22.394000 -0.155259
22.395000 -0.150254
22.396000 -0.144780
22.397000 -0.138847
22.398000 -0.132468
22.399000 -0.125655
22.400000 -0.118420
22.401000 -0.110779
22.402000 -0.102747
22.403000 -0.094339
22.404000 -0.085573
22.405000 -0.076464
22.406000 -0.067033
22.407000 -0.057296
22.408000 -0.047274
22.409000 -0.036986
22.410000 -0.026454
22.411000 -0.015697
22.412000 -0.004737
22.413000 0.006403
22.414000 0.017703
22.415000 0.029138
22.416000 0.040688
22.417000 0.052327
22.418000 0.064035
22.419000 0.075786
22.420000 0.087557
22.421000 0.099326
22.422000 0.111068
22.423000 0.122761
22.424000 0.134380
22.425000 0.145903
22.426000 0.157307
22.427000 0.168569
22.428000 0.179666
22.429000 0.190576
22.430000 0.201278
22.431000 0.211750
22.432000 0.221971
22.433000 0.231921
22.434000 0.241580
22.435000 0.250929
22.436000 0.259948
22.437000 0.268621
22.438000 0.276929
22.439000 0.284856
22.440000 0.292386
22.441000 0.299505
22.442000 0.306197
22.443000 0.312450
22.444000 0.318252
22.445000 0.323590
22.446000 0.328454
22.447000 0.332834
22.448000 0.336722
22.449000 0.340110
22.450000 0.342990
22.451000 0.345359
22.452000 0.347210
22.453000 0.348540
22.454000 0.349347
22.455000 0.349629
22.456000 0.349385
22.457000 0.348617
22.458000 0.347325
22.459000 0.345513
22.460000 0.343184
22.461000 0.340343
22.462000 0.336996
22.463000 0.333150
22.464000 0.328812
22.465000 0.323992
22.466000 0.318699
22.467000 0.312943
22.468000 0.306737
22.469000 0.300094
22.470000 0.293026
22.471000 0.285548
22.472000 0.277675
22.473000 0.269423
22.474000 0.260809
22.475000 0.251850
22.476000 0.242565
22.477000 0.232972
22.478000 0.223091
22.479000 0.212941
22.480000 0.202544
22.481000 0.191919
22.482000 0.181090
22.483000 0.170077
22.484000 0.158903
22.485000 0.147591
22.486000 0.136164
22.487000 0.124644
22.488000 0.113055
22.489000 0.101420
22.490000 0.089763
22.491000 0.078108
22.492000 0.066479
22.493000 0.054897
22.494000 0.043388
22.495000 0.031975
22.496000 0.020680
22.497000 0.009526
22.498000 -0.001464
22.499000 -0.012267
22.500000 -0.022862
22.501000 -0.033228
22.502000 -0.043343
22.503000 -0.053188
22.504000 -0.062741
22.505000 -0.071984
22.506000 -0.080898
22.507000 -0.089465
22.508000 -0.097668
22.509000 -0.105490
22.510000 -0.112915
22.511000 -0.119928
22.512000 -0.126516
22.513000 -0.132664
22.514000 -0.138360
22.515000 -0.143593
22.516000 -0.148353
22.517000 -0.152629
22.518000 -0.156413
22.519000 -0.159697
22.520000 -0.162475
22.521000 -0.164742
22.522000 -0.166492
22.523000 -0.167722
22.524000 -0.168429
22.525000 -0.168614
22.526000 -0.168274
22.527000 -0.167410
22.528000 -0.166026
22.529000 -0.164123
22.530000 -0.161705
22.531000 -0.158778
22.532000 -0.155347
22.533000 -0.151419
22.534000 -0.147003
22.535000 -0.142108
22.536000 -0.136743
22.537000 -0.130920
22.538000 -0.124650
22.539000 -0.117947
22.540000 -0.110823
22.541000 -0.103295
22.542000 -0.095376
22.543000 -0.087084
22.544000 -0.078434
22.545000 -0.069446
22.546000 -0.060137
22.547000 -0.050526
22.548000 -0.040634
22.549000 -0.030479
22.550000 -0.020084
22.551000 -0.009468
22.552000 0.001345
22.553000 0.012334
22.554000 0.023477
22.555000 0.034750
22.556000 0.046130
22.557000 0.057595
22.558000 0.069121
22.559000 0.080684
22.560000 0.092260
22.561000 0.103826
22.562000 0.115358
22.563000 0.126832
22.564000 0.138225
22.565000 0.149514
22.566000 0.160675
22.567000 0.171685
22.568000 0.182523
22.569000 0.193164
22.570000 0.203589
22.571000 0.213775
22.572000 0.223701
22.573000 0.233347
22.574000 0.242693
22.575000 0.251721
22.576000 0.260410
22.577000 0.268744
22.578000 0.276705
22.579000 0.284276
22.580000 0.291443
22.581000 0.298190
22.582000 0.304503
22.583000 0.310370
22.584000 0.315777
22.585000 0.320714
22.586000 0.325171
22.587000 0.329138
22.588000 0.332606
22.589000 0.335570
22.590000 0.338021
22.591000 0.339955
22.592000 0.341369
22.593000 0.342258
22.594000 0.342620
22.595000 0.342455
22.596000 0.341763
22.597000 0.340545
22.598000 0.338803
22.599000 0.336541
22.600000 0.333762
22.601000 0.330472
22.602000 0.326678
22.603000 0.322388
22.604000 0.317609
22.605000 0.312351
22.606000 0.306625
22.607000 0.300442
22.608000 0.293814
22.609000 0.286755
22.610000 0.279279
22.611000 0.271400
22.612000 0.263136
22.613000 0.254501
22.614000 0.245515
22.615000 0.236194
22.616000 0.226558
22.617000 0.216625
22.618000 0.206417
22.619000 0.195953
22.620000 0.185255
22.621000 0.174344
22.622000 0.163242
22.623000 0.151972
22.624000 0.140557
22.625000 0.129019
22.626000 0.117382
22.627000 0.105669
22.628000 0.093904
22.629000 0.082111
22.630000 0.070314
22.631000 0.058536
22.632000 0.046801
22.633000 0.035133
22.634000 0.023556
22.635000 0.012093
22.636000 0.000767
22.637000 -0.010399
22.638000 -0.021383
22.639000 -0.032162
22.640000 -0.042715
22.641000 -0.053019
22.642000 -0.063056
22.643000 -0.072803
22.644000 -0.082242
22.645000 -0.091354
22.646000 -0.100120
22.647000 -0.108523
22.648000 -0.116545
22.649000 -0.124171
22.650000 -0.131386
22.651000 -0.138174
22.652000 -0.144523
22.653000 -0.150419
22.654000 -0.155851
22.655000 -0.160809
22.656000 -0.165282
22.657000 -0.169261
22.658000 -0.172740
22.659000 -0.175710
22.660000 -0.178166
22.661000 -0.180104
22.662000 -0.181520
22.663000 -0.182412
22.664000 -0.182777
22.665000 -0.182617
22.666000 -0.181930
22.667000 -0.180720
22.668000 -0.178989
22.669000 -0.176741
22.670000 -0.173981
22.671000 -0.170715
22.672000 -0.166950
22.673000 -0.162695
22.674000 -0.157958
22.675000 -0.152750
22.676000 -0.147082
22.677000 -0.140965
22.678000 -0.134414
22.679000 -0.127441
22.680000 -0.120062
22.681000 -0.112291
22.682000 -0.104147
22.683000 -0.095644
22.684000 -0.086803
22.685000 -0.077641
22.686000 -0.068177
22.687000 -0.058432
22.688000 -0.048426
22.689000 -0.038179
22.690000 -0.027714
22.691000 -0.017053
22.692000 -0.006218
22.693000 0.004769
22.694000 0.015884
22.695000 0.027104
22.696000 0.038406
22.697000 0.049765
22.698000 0.061157
22.699000 0.072560
22.700000 0.083948
22.701000 0.095299
22.702000 0.106587
22.703000 0.117790
22.704000 0.128884
22.705000 0.139845
22.706000 0.150651
22.707000 0.161278
22.708000 0.171704
22.709000 0.181908
22.710000 0.191867
22.711000 0.201561
22.712000 0.210969
22.713000 0.220072
22.714000 0.228849
22.715000 0.237283
22.716000 0.245356
22.717000 0.253050
22.718000 0.260349
22.719000 0.267237
22.720000 0.273700
22.721000 0.279724
22.722000 0.285296
22.723000 0.290404
22.724000 0.295036
22.725000 0.299184
22.726000 0.302837
22.727000 0.305988
22.728000 0.308629
22.729000 0.310755
22.730000 0.312361
22.731000 0.313443
22.732000 0.313998
22.733000 0.314024
22.734000 0.313521
22.735000 0.312490
22.736000 0.310931
22.737000 0.308848
22.738000 0.306245
22.739000 0.303126
22.740000 0.299497
22.741000 0.295365
22.742000 0.290739
22.743000 0.285626
22.744000 0.280038
22.745000 0.273985
22.746000 0.267480
22.747000 0.260534
22.748000 0.253163
22.749000 0.245380
22.750000 0.237201
22.751000 0.228643
22.752000 0.219723
22.753000 0.210458
22.754000 0.200868
22.755000 0.190971
22.756000 0.180788
22.757000 0.170339
22.758000 0.159645
22.759000 0.148728
22.760000 0.137610
22.761000 0.126312
22.762000 0.114859
22.763000 0.103273
22.764000 0.091578
22.765000 0.079797
22.766000 0.067955
22.767000 0.056074
22.768000 0.044180
22.769000 0.032296
22.770000 0.020447
22.771000 0.008655
22.772000 -0.003054
22.773000 -0.014657
22.774000 -0.026130
22.775000 -0.037451
22.776000 -0.048596
22.777000 -0.059544
22.778000 -0.070271
22.779000 -0.080756
22.780000 -0.090978
22.781000 -0.100916
22.782000 -0.110551
22.783000 -0.119862
22.784000 -0.128832
22.785000 -0.137442
22.786000 -0.145674
22.787000 -0.153513
22.788000 -0.160943
22.789000 -0.167948
22.790000 -0.174515
22.791000 -0.180631
22.792000 -0.186283
22.793000 -0.191462
22.794000 -0.196155
22.795000 -0.200355
22.796000 -0.204053
22.797000 -0.207242
22.798000 -0.209915
22.799000 -0.212069
22.800000 -0.213699
22.801000 -0.214803
22.802000 -0.215378
22.803000 -0.215424
22.804000 -0.214942
22.805000 -0.213934
22.806000 -0.212401
22.807000 -0.210348
22.808000 -0.207779
22.809000 -0.204702
22.810000 -0.201121
22.811000 -0.197047
22.812000 -0.192487
22.813000 -0.187453
22.814000 -0.181954
22.815000 -0.176003
22.816000 -0.169614
22.817000 -0.162799
22.818000 -0.155575
22.819000 -0.147955
22.820000 -0.139958
22.821000 -0.131600
22.822000 -0.122900
22.823000 -0.113875
22.824000 -0.104546
22.825000 -0.094933
22.826000 -0.085055
22.827000 -0.074936
22.828000 -0.064595
22.829000 -0.054056
22.830000 -0.043341
22.831000 -0.032473
22.832000 -0.021475
22.833000 -0.010371
22.834000 0.000816
22.835000 0.012061
22.836000 0.023340
22.837000 0.034630
22.838000 0.045905
22.839000 0.057142
22.840000 0.068317
22.841000 0.079405
22.842000 0.090384
22.843000 0.101229
22.844000 0.111917
22.845000 0.122425
22.846000 0.132730
22.847000 0.142811
22.848000 0.152646
22.849000 0.162213
22.850000 0.171492
22.851000 0.180463
22.852000 0.189106
22.853000 0.197403
22.854000 0.205335
22.855000 0.212886
22.856000 0.220039
22.857000 0.226779
22.858000 0.233090
22.859000 0.238959
22.860000 0.244372
22.861000 0.249319
22.862000 0.253788
22.863000 0.257768
22.864000 0.261251
22.865000 0.264230
22.866000 0.266696
22.867000 0.268644
22.868000 0.270070
22.869000 0.270970
22.870000 0.271341
22.871000 0.271182
22.872000 0.270492
22.873000 0.269272
22.874000 0.267525
22.875000 0.265252
22.876000 0.262459
22.877000 0.259150
22.878000 0.255331
22.879000 0.251011
22.880000 0.246196
22.881000 0.240897
22.882000 0.235125
22.883000 0.228889
22.884000 0.222204
22.885000 0.215081
22.886000 0.207536
22.887000 0.199584
22.888000 0.191240
22.889000 0.182521
22.890000 0.173445
22.891000 0.164030
22.892000 0.154296
22.893000 0.144261
22.894000 0.133947
22.895000 0.123374
22.896000 0.112564
22.897000 0.101539
22.898000 0.090320
22.899000 0.078932
22.900000 0.067397
22.901000 0.055738
22.902000 0.043980
22.903000 0.032147
22.904000 0.020262
22.905000 0.008349
22.906000 -0.003566
22.907000 -0.015459
22.908000 -0.027307
22.909000 -0.039085
22.910000 -0.050769
22.911000 -0.062335
22.912000 -0.073760
22.913000 -0.085020
22.914000 -0.096092
22.915000 -0.106954
22.916000 -0.117584
22.917000 -0.127960
22.918000 -0.138060
22.919000 -0.147865
22.920000 -0.157355
22.921000 -0.166509
22.922000 -0.175311
22.923000 -0.183741
22.924000 -0.191782
22.925000 -0.199420
22.926000 -0.206637
22.927000 -0.213420
22.928000 -0.219756
22.929000 -0.225630
22.930000 -0.231033
22.931000 -0.235952
22.932000 -0.240380
22.933000 -0.244305
22.934000 -0.247723
22.935000 -0.250624
22.936000 -0.253005
22.937000 -0.254862
22.938000 -0.256189
22.939000 -0.256987
22.940000 -0.257253
22.941000 -0.256987
22.942000 -0.256192
22.943000 -0.254869
22.944000 -0.253022
22.945000 -0.250655
22.946000 -0.247774
22.947000 -0.244386
22.948000 -0.240499
22.949000 -0.236120
22.950000 -0.231262
22.951000 -0.225933
22.952000 -0.220146
22.953000 -0.213915
22.954000 -0.207252
22.955000 -0.200173
22.956000 -0.192693
22.957000 -0.184828
22.958000 -0.176596
22.959000 -0.168015
22.960000 -0.159103
22.961000 -0.149881
22.962000 -0.140368
22.963000 -0.130584
22.964000 -0.120552
22.965000 -0.110293
22.966000 -0.099829
22.967000 -0.089183
22.968000 -0.078378
22.969000 -0.067438
22.970000 -0.056387
22.971000 -0.045247
22.972000 -0.034045
22.973000 -0.022803
22.974000 -0.011547
22.975000 -0.000300
22.976000 0.010912
22.977000 0.022066
22.978000 0.033138
22.979000 0.044102
22.980000 0.054936
22.981000 0.065616
22.982000 0.076119
22.983000 0.086421
22.984000 0.096501
22.985000 0.106336
22.986000 0.115905
22.987000 0.125187
22.988000 0.134162
22.989000 0.142810
22.990000 0.151112
22.991000 0.159050
22.992000 0.166607
22.993000 0.173766
22.994000 0.180511
22.995000 0.186827
22.996000 0.192700
22.997000 0.198117
22.998000 0.203066
22.999000 0.207536
23.000000 0.211517
23.001000 0.214999
23.002000 0.217975
23.003000 0.220437
23.004000 0.222381
23.005000 0.223800
23.006000 0.224692
23.007000 0.225053
23.008000 0.224883
23.009000 0.224181
23.010000 0.222948
23.011000 0.221185
23.012000 0.218897
23.013000 0.216087
23.014000 0.212760
23.015000 0.208923
23.016000 0.204583
23.017000 0.199749
23.018000 0.194431
23.019000 0.188639
23.020000 0.182384
23.021000 0.175680
23.022000 0.168539
23.023000 0.160977
23.024000 0.153009
23.025000 0.144650
23.026000 0.135919
23.027000 0.126833
23.028000 0.117410
23.029000 0.107671
23.030000 0.097634
23.031000 0.087321
23.032000 0.076752
23.033000 0.065951
23.034000 0.054938
23.035000 0.043737
23.036000 0.032371
23.037000 0.020863
23.038000 0.009237
23.039000 -0.002483
23.040000 -0.014272
23.041000 -0.026106
23.042000 -0.037961
23.043000 -0.049812
23.044000 -0.061635
23.045000 -0.073405
23.046000 -0.085098
23.047000 -0.096689
23.048000 -0.108154
23.049000 -0.119470
23.050000 -0.130614
23.051000 -0.141562
23.052000 -0.152291
23.053000 -0.162780
23.054000 -0.173006
23.055000 -0.182949
23.056000 -0.192588
23.057000 -0.201903
23.058000 -0.210875
23.059000 -0.219485
23.060000 -0.227716
23.061000 -0.235551
23.062000 -0.242973
23.063000 -0.249969
23.064000 -0.256522
23.065000 -0.262620
23.066000 -0.268251
23.067000 -0.273403
23.068000 -0.278066
23.069000 -0.282230
23.070000 -0.285887
23.071000 -0.289030
23.072000 -0.291653
23.073000 -0.293751
23.074000 -0.295319
23.075000 -0.296356
23.076000 -0.296859
23.077000 -0.296828
23.078000 -0.296264
23.079000 -0.295169
23.080000 -0.293544
23.081000 -0.291395
23.082000 -0.288726
23.083000 -0.285545
23.084000 -0.281857
23.085000 -0.277672
23.086000 -0.272998
23.087000 -0.267847
23.088000 -0.262231
23.089000 -0.256160
23.090000 -0.249650
23.091000 -0.242714
23.092000 -0.235369
23.093000 -0.227629
23.094000 -0.219512
23.095000 -0.211036
23.096000 -0.202220
23.097000 -0.193083
23.098000 -0.183644
23.099000 -0.173926
23.100000 -0.163948
23.101000 -0.153733
23.102000 -0.143303
23.103000 -0.132681
23.104000 -0.121890
23.105000 -0.110954
23.106000 -0.099896
23.107000 -0.088741
23.108000 -0.077514
23.109000 -0.066237
23.110000 -0.054937
23.111000 -0.043638
23.112000 -0.032364
23.113000 -0.021140
23.114000 -0.009991
23.115000 0.001060
23.116000 0.011987
23.117000 0.022767
23.118000 0.033377
23.119000 0.043793
23.120000 0.053993
23.121000 0.063954
23.122000 0.073654
23.123000 0.083073
23.124000 0.092189
23.125000 0.100983
23.126000 0.109434
23.127000 0.117526
23.128000 0.125239
23.129000 0.132557
23.130000 0.139464
23.131000 0.145944
23.132000 0.151984
23.133000 0.157569
23.134000 0.162687
23.135000 0.167327
23.136000 0.171478
23.137000 0.175131
23.138000 0.178278
23.139000 0.180911
23.140000 0.183025
23.141000 0.184613
23.142000 0.185674
23.143000 0.186203
23.144000 0.186199
23.145000 0.185661
23.146000 0.184591
23.147000 0.182990
23.148000 0.180861
23.149000 0.178208
23.150000 0.175037
23.151000 0.171353
23.152000 0.167165
23.153000 0.162480
23.154000 0.157308
23.155000 0.151661
23.156000 0.145549
23.157000 0.138985
23.158000 0.131983
23.159000 0.124557
23.160000 0.116724
23.161000 0.108498
23.162000 0.099899
23.163000 0.090942
23.164000 0.081648
23.165000 0.072036
23.166000 0.062125
23.167000 0.051938
23.168000 0.041495
23.169000 0.030818
23.170000 0.019930
23.171000 0.008853
23.172000 -0.002388
23.173000 -0.013771
23.174000 -0.025270
23.175000 -0.036863
23.176000 -0.048524
23.177000 -0.060229
23.178000 -0.071952
23.179000 -0.083670
23.180000 -0.095357
23.181000 -0.106989
23.182000 -0.118542
23.183000 -0.129989
23.184000 -0.141309
23.185000 -0.152475
23.186000 -0.163466
23.187000 -0.174257
23.188000 -0.184826
23.189000 -0.195151
23.190000 -0.205209
23.191000 -0.214980
23.192000 -0.224442
23.193000 -0.233576
23.194000 -0.242363
23.195000 -0.250783
23.196000 -0.258820
23.197000 -0.266456
23.198000 -0.273675
23.199000 -0.280462
23.200000 -0.286803
23.201000 -0.292684
23.202000 -0.298094
23.203000 -0.303020
23.204000 -0.307453
23.205000 -0.311383
23.206000 -0.314802
23.207000 -0.317704
23.208000 -0.320081
23.209000 -0.321931
23.210000 -0.323248
23.211000 -0.324030
23.212000 -0.324277
23.213000 -0.323987
23.214000 -0.323162
23.215000 -0.321803
23.216000 -0.319915
23.217000 -0.317501
23.218000 -0.314567
23.219000 -0.311120
23.220000 -0.307167
23.221000 -0.302717
23.222000 -0.297780
23.223000 -0.292367
23.224000 -0.286490
23.225000 -0.280162
23.226000 -0.273397
23.227000 -0.266210
23.228000 -0.258616
23.229000 -0.250633
23.230000 -0.242277
23.231000 -0.233567
23.232000 -0.224522
23.233000 -0.215163
23.234000 -0.205508
23.235000 -0.195581
23.236000 -0.185401
23.237000 -0.174992
23.238000 -0.164376
23.239000 -0.153577
23.240000 -0.142618
23.241000 -0.131522
23.242000 -0.120315
23.243000 -0.109021
23.244000 -0.097663
23.245000 -0.086268
23.246000 -0.074860
23.247000 -0.063464
23.248000 -0.052104
23.249000 -0.040806
23.250000 -0.029594
23.251000 -0.018493
23.252000 -0.007527
23.253000 0.003281
23.254000 0.013906
23.255000 0.024325
23.256000 0.034516
23.257000 0.044456
23.258000 0.054123
23.259000 0.063497
23.260000 0.072557
23.261000 0.081284
23.262000 0.089657
23.263000 0.097658
23.264000 0.105271
23.265000 0.112479
23.266000 0.119265
23.267000 0.125615
23.268000 0.131514
23.269000 0.136951
23.270000 0.141912
23.271000 0.146387
23.272000 0.150367
23.273000 0.153841
23.274000 0.156803
23.275000 0.159246
23.276000 0.161164
23.277000 0.162554
23.278000 0.163411
23.279000 0.163735
23.280000 0.163523
23.281000 0.162776
23.282000 0.161497
23.283000 0.159686
23.284000 0.157349
23.285000 0.154490
23.286000 0.151115
23.287000 0.147231
23.288000 0.142847
23.289000 0.137971
23.290000 0.132615
23.291000 0.126789
23.292000 0.120507
23.293000 0.113781
23.294000 0.106627
23.295000 0.099059
23.296000 0.091094
23.297000 0.082749
23.298000 0.074042
23.299000 0.064992
23.300000 0.055618
23.301000 0.045941
23.302000 0.035981
23.303000 0.025760
23.304000 0.015300
23.305000 0.004624
23.306000 -0.006245
23.307000 -0.017285
23.308000 -0.028470
23.309000 -0.039777
23.310000 -0.051181
23.311000 -0.062657
23.312000 -0.074182
23.313000 -0.085729
23.314000 -0.097273
23.315000 -0.108791
23.316000 -0.120256
23.317000 -0.131644
23.318000 -0.142930
23.319000 -0.154090
23.320000 -0.165099
23.321000 -0.175934
23.322000 -0.186571
23.323000 -0.196987
23.324000 -0.207160
23.325000 -0.217067
23.326000 -0.226687
23.327000 -0.235999
23.328000 -0.244982
23.329000 -0.253618
23.330000 -0.261888
23.331000 -0.269773
23.332000 -0.277256
23.333000 -0.284322
23.334000 -0.290954
23.335000 -0.297139
23.336000 -0.302862
23.337000 -0.308113
23.338000 -0.312878
23.339000 -0.317148
23.340000 -0.320913
23.341000 -0.324166
23.342000 -0.326899
23.343000 -0.329106
23.344000 -0.330782
23.345000 -0.331924
23.346000 -0.332530
23.347000 -0.332597
23.348000 -0.332126
23.349000 -0.331118
23.350000 -0.329575
23.351000 -0.327500
23.352000 -0.324898
23.353000 -0.321775
23.354000 -0.318137
23.355000 -0.313992
23.356000 -0.309349
23.357000 -0.304218
23.358000 -0.298611
23.359000 -0.292540
23.360000 -0.286018
23.361000 -0.279058
23.362000 -0.271677
23.363000 -0.263890
23.364000 -0.255715
23.365000 -0.247168
23.366000 -0.238269
23.367000 -0.229037
23.368000 -0.219492
23.369000 -0.209655
23.370000 -0.199547
23.371000 -0.189191
23.372000 -0.178609
23.373000 -0.167823
23.374000 -0.156858
23.375000 -0.145737
23.376000 -0.134485
23.377000 -0.123126
23.378000 -0.111684
23.379000 -0.100186
23.380000 -0.088655
23.381000 -0.077117
23.382000 -0.065597
23.383000 -0.054120
23.384000 -0.042711
23.385000 -0.031395
23.386000 -0.020197
23.387000 -0.009141
23.388000 0.001750
23.389000 0.012450
23.390000 0.022937
23.391000 0.033188
23.392000 0.043181
23.393000 0.052895
23.394000 0.062306
23.395000 0.071397
23.396000 0.080146
23.397000 0.088534
23.398000 0.096544
23.399000 0.104158
23.400000 0.111359
23.401000 0.118132
23.402000 0.124462
23.403000 0.130335
23.404000 0.135739
23.405000 0.140662
23.406000 0.145093
23.407000 0.149023
23.408000 0.152443
23.409000 0.155346
23.410000 0.157726
23.411000 0.159577
23.412000 0.160896
23.413000 0.161681
23.414000 0.161928
23.415000 0.161639
23.416000 0.160814
23.417000 0.159455
23.418000 0.157565
23.419000 0.155148
23.420000 0.152210
23.421000 0.148757
23.422000 0.144798
23.423000 0.140341
23.424000 0.135396
23.425000 0.129974
23.426000 0.124087
23.427000 0.117749
23.428000 0.110973
23.429000 0.103775
23.430000 0.096170
23.431000 0.088175
23.432000 0.079809
23.433000 0.071090
23.434000 0.062037
23.435000 0.052670
23.436000 0.043010
23.437000 0.033079
23.438000 0.022898
23.439000 0.012490
23.440000 0.001879
23.441000 -0.008913
23.442000 -0.019860
23.443000 -0.030940
23.444000 -0.042127
23.445000 -0.053397
23.446000 -0.064724
23.447000 -0.076084
23.448000 -0.087451
23.449000 -0.098799
23.450000 -0.110104
23.451000 -0.121341
23.452000 -0.132485
23.453000 -0.143510
23.454000 -0.154392
23.455000 -0.165108
23.456000 -0.175632
23.457000 -0.185943
23.458000 -0.196016
23.459000 -0.205830
23.460000 -0.215362
23.461000 -0.224591
23.462000 -0.233497
23.463000 -0.242060
23.464000 -0.250260
23.465000 -0.258080
23.466000 -0.265501
23.467000 -0.272507
23.468000 -0.279083
23.469000 -0.285213
23.470000 -0.290884
23.471000 -0.296083
23.472000 -0.300798
23.473000 -0.305018
23.474000 -0.308734
23.475000 -0.311938
23.476000 -0.314621
23.477000 -0.316778
23.478000 -0.318404
23.479000 -0.319495
23.480000 -0.320047
23.481000 -0.320060
23.482000 -0.319533
23.483000 -0.318467
23.484000 -0.316863
23.485000 -0.314726
23.486000 -0.312059
23.487000 -0.308869
23.488000 -0.305161
23.489000 -0.300943
23.490000 -0.296225
23.491000 -0.291016
23.492000 -0.285328
23.493000 -0.279173
23.494000 -0.272564
23.495000 -0.265515
23.496000 -0.258041
23.497000 -0.250159
23.498000 -0.241886
23.499000 -0.233240
23.500000 -0.224238
23.501000 -0.214902
23.502000 -0.205250
23.503000 -0.195304
23.504000 -0.185086
23.505000 -0.174618
23.506000 -0.163921
23.507000 -0.153021
23.508000 -0.141940
23.509000 -0.130703
23.510000 -0.119333
23.511000 -0.107856
23.512000 -0.096297
23.513000 -0.084680
23.514000 -0.073032
23.515000 -0.061377
23.516000 -0.049741
23.517000 -0.038149
23.518000 -0.026626
23.519000 -0.015198
23.520000 -0.003889
23.521000 0.007277
23.522000 0.018274
23.523000 0.029078
23.524000 0.039668
23.525000 0.050019
23.526000 0.060108
23.527000 0.069915
23.528000 0.079418
23.529000 0.088595
23.530000 0.097428
23.531000 0.105897
23.532000 0.113984
23.533000 0.121672
23.534000 0.128943
23.535000 0.135782
23.536000 0.142174
23.537000 0.148107
23.538000 0.153566
23.539000 0.158541
23.540000 0.163020
23.541000 0.166995
23.542000 0.170456
23.543000 0.173398
23.544000 0.175813
23.545000 0.177696
23.546000 0.179045
23.547000 0.179857
23.548000 0.180129
23.549000 0.179863
23.550000 0.179059
23.551000 0.177719
23.552000 0.175847
23.553000 0.173448
23.554000 0.170527
23.555000 0.167091
23.556000 0.163148
23.557000 0.158708
23.558000 0.153781
23.559000 0.148378
23.560000 0.142512
23.561000 0.136197
23.562000 0.129446
23.563000 0.122276
23.564000 0.114702
23.565000 0.106742
23.566000 0.098415
23.567000 0.089738
23.568000 0.080733
23.569000 0.071420
23.570000 0.061819
23.571000 0.051952
23.572000 0.041843
23.573000 0.031513
23.574000 0.020987
23.575000 0.010289
23.576000 -0.000558
23.577000 -0.011529
23.578000 -0.022599
23.579000 -0.033742
23.580000 -0.044933
23.581000 -0.056148
23.582000 -0.067360
23.583000 -0.078544
23.584000 -0.089674
23.585000 -0.100726
23.586000 -0.111674
23.587000 -0.122494
23.588000 -0.133160
23.589000 -0.143648
23.590000 -0.153935
23.591000 -0.163997
23.592000 -0.173811
23.593000 -0.183355
23.594000 -0.192607
23.595000 -0.201545
23.596000 -0.210150
23.597000 -0.218402
23.598000 -0.226281
23.599000 -0.233770
23.600000 -0.240851
23.601000 -0.247508
23.602000 -0.253725
23.603000 -0.259489
23.604000 -0.264786
23.605000 -0.269603
23.606000 -0.273929
23.607000 -0.277753
23.608000 -0.281068
23.609000 -0.283865
23.610000 -0.286136
23.611000 -0.287877
23.612000 -0.289082
23.613000 -0.289750
23.614000 -0.289876
23.615000 -0.289462
23.616000 -0.288506
23.617000 -0.287011
23.618000 -0.284980
23.619000 -0.282415
23.620000 -0.279323
23.621000 -0.275709
23.622000 -0.271582
23.623000 -0.266949
23.624000 -0.261821
23.625000 -0.256208
23.626000 -0.250123
23.627000 -0.243578
23.628000 -0.236586
23.629000 -0.229165
23.630000 -0.221328
23.631000 -0.213093
23.632000 -0.204479
23.633000 -0.195503
23.634000 -0.186184
23.635000 -0.176544
23.636000 -0.166603
23.637000 -0.156383
23.638000 -0.145906
23.639000 -0.135194
23.640000 -0.124271
23.641000 -0.113161
23.642000 -0.101889
23.643000 -0.090477
23.644000 -0.078952
23.645000 -0.067339
23.646000 -0.055663
23.647000 -0.043949
23.648000 -0.032223
23.649000 -0.020511
23.650000 -0.008838
23.651000 0.002770
23.652000 0.014289
23.653000 0.025692
23.654000 0.036955
23.655000 0.048054
23.656000 0.058963
23.657000 0.069661
23.658000 0.080122
23.659000 0.090325
23.660000 0.100247
23.661000 0.109866
23.662000 0.119162
23.663000 0.128115
23.664000 0.136704
23.665000 0.144912
23.666000 0.152721
23.667000 0.160114
23.668000 0.167075
23.669000 0.173589
23.670000 0.179642
23.671000 0.185221
23.672000 0.190314
23.673000 0.194911
23.674000 0.199002
23.675000 0.202578
23.676000 0.205633
23.677000 0.208159
23.678000 0.210151
23.679000 0.211607
23.680000 0.212524
23.681000 0.212899
23.682000 0.212733
23.683000 0.212027
23.684000 0.210783
23.685000 0.209004
23.686000 0.206696
23.687000 0.203864
23.688000 0.200514
23.689000 0.196656
23.690000 0.192299
23.691000 0.187452
23.692000 0.182128
23.693000 0.176339
23.694000 0.170099
23.695000 0.163422
23.696000 0.156324
23.697000 0.148822
23.698000 0.140934
23.699000 0.132677
23.700000 0.124070
23.701000 0.115135
23.702000 0.105891
23.703000 0.096361
23.704000 0.086565
23.705000 0.076527
23.706000 0.066271
23.707000 0.055819
23.708000 0.045196
23.709000 0.034426
23.710000 0.023535
23.711000 0.012547
23.712000 0.001489
23.713000 -0.009615
23.714000 -0.020739
23.715000 -0.031858
23.716000 -0.042944
23.717000 -0.053974
23.718000 -0.064921
23.719000 -0.075760
23.720000 -0.086466
23.721000 -0.097014
23.722000 -0.107380
23.723000 -0.117539
23.724000 -0.127469
23.725000 -0.137146
23.726000 -0.146548
23.727000 -0.155653
23.728000 -0.164439
23.729000 -0.172887
23.730000 -0.180975
23.731000 -0.188687
23.732000 -0.196003
23.733000 -0.202906
23.734000 -0.209381
23.735000 -0.215411
23.736000 -0.220983
23.737000 -0.226083
23.738000 -0.230699
23.739000 -0.234820
23.740000 -0.238436
23.741000 -0.241538
23.742000 -0.244119
23.743000 -0.246171
23.744000 -0.247691
23.745000 -0.248673
23.746000 -0.249114
23.747000 -0.249013
23.748000 -0.248370
23.749000 -0.247185
23.750000 -0.245460
23.751000 -0.243198
23.752000 -0.240404
23.753000 -0.237084
23.754000 -0.233243
23.755000 -0.228891
23.756000 -0.224036
23.757000 -0.218688
23.758000 -0.212860
23.759000 -0.206562
23.760000 -0.199810
23.761000 -0.192616
23.762000 -0.184998
23.763000 -0.176971
23.764000 -0.168553
23.765000 -0.159762
23.766000 -0.150617
23.767000 -0.141139
23.768000 -0.131347
23.769000 -0.121264
23.770000 -0.110912
23.771000 -0.100312
23.772000 -0.089489
23.773000 -0.078466
23.774000 -0.067268
23.775000 -0.055918
23.776000 -0.044443
23.777000 -0.032866
23.778000 -0.021215
23.779000 -0.009513
23.780000 0.002212
23.781000 0.013935
23.782000 0.025631
23.783000 0.037273
23.784000 0.048837
23.785000 0.060295
23.786000 0.071624
23.787000 0.082798
23.788000 0.093793
23.789000 0.104584
23.790000 0.115149
23.791000 0.125462
23.792000 0.135503
23.793000 0.145248
23.794000 0.154677
23.795000 0.163769
23.796000 0.172504
23.797000 0.180863
23.798000 0.188827
23.799000 0.196380
23.800000 0.203504
23.801000 0.210186
23.802000 0.216409
23.803000 0.222160
23.804000 0.227428
23.805000 0.232201
23.806000 0.236469
23.807000 0.240222
23.808000 0.243454
23.809000 0.246157
23.810000 0.248327
23.811000 0.249957
23.812000 0.251047
23.813000 0.251594
23.814000 0.251597
23.815000 0.251057
23.816000 0.249977
23.817000 0.248358
23.818000 0.246206
23.819000 0.243526
23.820000 0.240325
23.821000 0.236611
23.822000 0.232393
23.823000 0.227680
23.824000 0.222486
23.825000 0.216821
23.826000 0.210700
23.827000 0.204137
23.828000 0.197148
23.829000 0.189749
23.830000 0.181958
23.831000 0.173793
23.832000 0.165273
23.833000 0.156419
23.834000 0.147251
23.835000 0.137790
23.836000 0.128060
23.837000 0.118082
23.838000 0.107880
23.839000 0.097478
23.840000 0.086900
23.841000 0.076171
23.842000 0.065316
23.843000 0.054360
23.844000 0.043329
23.845000 0.032249
23.846000 0.021145
23.847000 0.010044
23.848000 -0.001029
23.849000 -0.012048
23.850000 -0.022987
23.851000 -0.033820
23.852000 -0.044522
23.853000 -0.055069
23.854000 -0.065435
23.855000 -0.075597
23.856000 -0.085530
23.857000 -0.095211
23.858000 -0.104617
23.859000 -0.113727
23.860000 -0.122519
23.861000 -0.130973
23.862000 -0.139068
23.863000 -0.146785
23.864000 -0.154106
23.865000 -0.161014
23.866000 -0.167492
23.867000 -0.173525
23.868000 -0.179099
23.869000 -0.184200
23.870000 -0.188816
23.871000 -0.192935
23.872000 -0.196549
23.873000 -0.199647
23.874000 -0.202222
23.875000 -0.204267
23.876000 -0.205778
23.877000 -0.206750
23.878000 -0.207181
23.879000 -0.207068
23.880000 -0.206411
23.881000 -0.205212
23.882000 -0.203471
23.883000 -0.201193
23.884000 -0.198383
23.885000 -0.195045
23.886000 -0.191187
23.887000 -0.186816
23.888000 -0.181944
23.889000 -0.176579
23.890000 -0.170733
23.891000 -0.164420
23.892000 -0.157652
23.893000 -0.150445
23.894000 -0.142815
23.895000 -0.134778
23.896000 -0.126352
23.897000 -0.117556
23.898000 -0.108408
23.899000 -0.098931
23.900000 -0.089143
23.901000 -0.079068
23.902000 -0.068727
23.903000 -0.058144
23.904000 -0.047342
23.905000 -0.036345
23.906000 -0.025177
23.907000 -0.013865
23.908000 -0.002432
23.909000 0.009096
23.910000 0.020692
23.911000 0.032332
23.912000 0.043988
23.913000 0.055636
23.914000 0.067248
23.915000 0.078799
23.916000 0.090264
23.917000 0.101616
23.918000 0.112830
23.919000 0.123882
23.920000 0.134745
23.921000 0.145397
23.922000 0.155814
23.923000 0.165971
23.924000 0.175847
23.925000 0.185419
23.926000 0.194667
23.927000 0.203569
23.928000 0.212106
23.929000 0.220258
23.930000 0.228009
23.931000 0.235340
23.932000 0.242235
23.933000 0.248679
23.934000 0.254659
23.935000 0.260160
23.936000 0.265170
23.937000 0.269680
23.938000 0.273679
23.939000 0.277158
23.940000 0.280111
23.941000 0.282530
23.942000 0.284412
23.943000 0.285751
23.944000 0.286546
23.945000 0.286796
23.946000 0.286500
23.947000 0.285659
23.948000 0.284277
23.949000 0.282356
23.950000 0.279902
23.951000 0.276921
23.952000 0.273421
23.953000 0.269409
23.954000 0.264896
23.955000 0.259893
23.956000 0.254411
23.957000 0.248464
23.958000 0.242066
23.959000 0.235232
23.960000 0.227978
23.961000 0.220322
23.962000 0.212282
23.963000 0.203876
23.964000 0.195125
23.965000 0.186048
23.966000 0.176668
23.967000 0.167007
23.968000 0.157087
23.969000 0.146932
23.970000 0.136565
23.971000 0.126010
23.972000 0.115294
23.973000 0.104440
23.974000 0.093474
23.975000 0.082421
23.976000 0.071309
23.977000 0.060163
23.978000 0.049008
23.979000 0.037872
23.980000 0.026779
23.981000 0.015757
23.982000 0.004831
23.983000 -0.005973
23.984000 -0.016630
23.985000 -0.027116
23.986000 -0.037404
23.987000 -0.047472
23.988000 -0.057295
23.989000 -0.066851
23.990000 -0.076116
23.991000 -0.085070
23.992000 -0.093691
23.993000 -0.101958
23.994000 -0.109853
23.995000 -0.117356
23.996000 -0.124450
23.997000 -0.131118
23.998000 -0.137344
23.999000 -0.143113
24.000000 -0.148412
24.001000 -0.153228
24.002000 -0.157550
24.003000 -0.161366
24.004000 -0.164668
24.005000 -0.167448
24.006000 -0.169698
24.007000 -0.171414
24.008000 -0.172590
24.009000 -0.173224
24.010000 -0.173313
24.011000 -0.172857
24.012000 -0.171857
24.013000 -0.170315
24.014000 -0.168233
24.015000 -0.165616
24.016000 -0.162469
24.017000 -0.158800
24.018000 -0.154616
24.019000 -0.149927
24.020000 -0.144743
24.021000 -0.139075
24.022000 -0.132937
24.023000 -0.126342
24.024000 -0.119304
24.025000 -0.111840
24.026000 -0.103966
24.027000 -0.095700
24.028000 -0.087061
24.029000 -0.078069
24.030000 -0.068743
24.031000 -0.059105
24.032000 -0.049176
24.033000 -0.038980
24.034000 -0.028540
24.035000 -0.017878
24.036000 -0.007020
24.037000 0.004011
24.038000 0.015188
24.039000 0.026486
24.040000 0.037881
24.041000 0.049345
24.042000 0.060852
24.043000 0.072377
24.044000 0.083894
24.045000 0.095375
24.046000 0.106795
24.047000 0.118127
24.048000 0.129346
24.049000 0.140427
24.050000 0.151344
24.051000 0.162071
24.052000 0.172586
24.053000 0.182863
24.054000 0.192879
24.055000 0.202612
24.056000 0.212039
24.057000 0.221138
24.058000 0.229890
24.059000 0.238274
24.060000 0.246271
24.061000 0.253863
24.062000 0.261032
24.063000 0.267763
24.064000 0.274040
24.065000 0.279849
24.066000 0.285176
24.067000 0.290011
24.068000 0.294341
24.069000 0.298157
24.070000 0.301452
24.071000 0.304216
24.072000 0.306445
24.073000 0.308132
24.074000 0.309276
24.075000 0.309873
24.076000 0.309923
24.077000 0.309425
24.078000 0.308380
24.079000 0.306793
24.080000 0.304666
24.081000 0.302005
24.082000 0.298817
24.083000 0.295108
24.084000 0.290888
24.085000 0.286167
24.086000 0.280957
24.087000 0.275268
24.088000 0.269116
24.089000 0.262515
24.090000 0.255479
24.091000 0.248026
24.092000 0.240174
24.093000 0.231940
24.094000 0.223345
24.095000 0.214407
24.096000 0.205150
24.097000 0.195593
24.098000 0.185760
24.099000 0.175673
24.100000 0.165357
24.101000 0.154835
24.102000 0.144132
24.103000 0.133274
24.104000 0.122285
24.105000 0.111192
24.106000 0.100021
24.107000 0.088797
24.108000 0.077547
24.109000 0.066297
24.110000 0.055075
24.111000 0.043905
24.112000 0.032814
24.113000 0.021829
24.114000 0.010975
24.115000 0.000277
24.116000 -0.010240
24.117000 -0.020550
24.118000 -0.030629
24.119000 -0.040455
24.120000 -0.050004
24.121000 -0.059253
24.122000 -0.068181
24.123000 -0.076767
24.124000 -0.084991
24.125000 -0.092833
24.126000 -0.100275
24.127000 -0.107299
24.128000 -0.113889
24.129000 -0.120030
24.130000 -0.125706
24.131000 -0.130905
24.132000 -0.135614
24.133000 -0.139823
24.134000 -0.143520
24.135000 -0.146698
24.136000 -0.149349
24.137000 -0.151466
24.138000 -0.153045
24.139000 -0.154081
24.140000 -0.154572
24.141000 -0.154517
24.142000 -0.153915
24.143000 -0.152769
24.144000 -0.151080
24.145000 -0.148852
24.146000 -0.146091
24.147000 -0.142803
24.148000 -0.138994
24.149000 -0.134675
24.150000 -0.129855
24.151000 -0.124544
24.152000 -0.118756
24.153000 -0.112504
24.154000 -0.105802
24.155000 -0.098665
24.156000 -0.091111
24.157000 -0.083157
24.158000 -0.074821
24.159000 -0.066122
24.160000 -0.057082
24.161000 -0.047720
24.162000 -0.038059
24.163000 -0.028120
24.164000 -0.017928
24.165000 -0.007506
24.166000 0.003122
24.167000 0.013931
24.168000 0.024896
24.169000 0.035991
24.170000 0.047191
24.171000 0.058469
24.172000 0.069800
24.173000 0.081156
24.174000 0.092511
24.175000 0.103839
24.176000 0.115114
24.177000 0.126308
24.178000 0.137397
24.179000 0.148353
24.180000 0.159152
24.181000 0.169769
24.182000 0.180177
24.183000 0.190354
24.184000 0.200276
24.185000 0.209918
24.186000 0.219259
24.187000 0.228277
24.188000 0.236951
24.189000 0.245260
24.190000 0.253186
24.191000 0.260708
24.192000 0.267811
24.193000 0.274477
24.194000 0.280691
24.195000 0.286438
24.196000 0.291705
24.197000 0.296479
24.198000 0.300749
24.199000 0.304506
24.200000 0.307739
24.201000 0.310443
24.202000 0.312610
24.203000 0.314236
24.204000 0.315315
24.205000 0.315847
24.206000 0.315830
24.207000 0.315263
24.208000 0.314148
24.209000 0.312488
24.210000 0.310286
24.211000 0.307548
24.212000 0.304280
24.213000 0.300489
24.214000 0.296184
24.215000 0.291376
24.216000 0.286076
24.217000 0.280295
24.218000 0.274048
24.219000 0.267349
24.220000 0.260214
24.221000 0.252659
24.222000 0.244703
24.223000 0.236363
24.224000 0.227659
24.225000 0.218611
24.226000 0.209241
24.227000 0.199571
24.228000 0.189623
24.229000 0.179420
24.230000 0.168987
24.231000 0.158348
24.232000 0.147527
24.233000 0.136549
24.234000 0.125442
24.235000 0.114230
24.236000 0.102940
24.237000 0.091598
24.238000 0.080230
24.239000 0.068865
24.240000 0.057527
24.241000 0.046243
24.242000 0.035040
24.243000 0.023945
24.244000 0.012982
24.245000 0.002178
24.246000 -0.008442
24.247000 -0.018853
24.248000 -0.029031
24.249000 -0.038953
24.250000 -0.048594
24.251000 -0.057933
24.252000 -0.066947
24.253000 -0.075616
24.254000 -0.083919
24.255000 -0.091836
24.256000 -0.099351
24.257000 -0.106444
24.258000 -0.113100
24.259000 -0.119302
24.260000 -0.125037
24.261000 -0.130291
24.262000 -0.135052
24.263000 -0.139309
24.264000 -0.143051
24.265000 -0.146271
24.266000 -0.148962
24.267000 -0.151116
24.268000 -0.152729
24.269000 -0.153797
24.270000 -0.154318
24.271000 -0.154291
24.272000 -0.153717
24.273000 -0.152596
24.274000 -0.150932
24.275000 -0.148728
24.276000 -0.145991
24.277000 -0.142727
24.278000 -0.138943
24.279000 -0.134649
24.280000 -0.129855
24.281000 -0.124573
24.282000 -0.118815
24.283000 -0.112596
24.284000 -0.105929
24.285000 -0.098832
24.286000 -0.091320
24.287000 -0.083412
24.288000 -0.075128
24.289000 -0.066485
24.290000 -0.057506
24.291000 -0.048212
24.292000 -0.038624
24.293000 -0.028766
24.294000 -0.018662
24.295000 -0.008334
24.296000 0.002191
24.297000 0.012889
24.298000 0.023735
24.299000 0.034703
24.300000 0.045765
24.301000 0.056897
24.302000 0.068071
24.303000 0.079261
24.304000 0.090440
24.305000 0.101582
24.306000 0.112659
24.307000 0.123646
24.308000 0.134516
24.309000 0.145242
24.310000 0.155801
24.311000 0.166165
24.312000 0.176311
24.313000 0.186215
24.314000 0.195851
24.315000 0.205198
24.316000 0.214233
24.317000 0.222935
24.318000 0.231281
24.319000 0.239253
24.320000 0.246832
24.321000 0.253998
24.322000 0.260735
24.323000 0.267026
24.324000 0.272857
24.325000 0.278212
24.326000 0.283080
24.327000 0.287448
24.328000 0.291305
24.329000 0.294643
24.330000 0.297452
24.331000 0.299727
24.332000 0.301460
24.333000 0.302648
24.334000 0.303288
24.335000 0.303377
24.336000 0.302915
24.337000 0.301904
24.338000 0.300344
24.339000 0.298239
24.340000 0.295594
24.341000 0.292415
24.342000 0.288709
24.343000 0.284484
24.344000 0.279750
24.345000 0.274518
24.346000 0.268800
24.347000 0.262608
24.348000 0.255958
24.349000 0.248865
24.350000 0.241345
24.351000 0.233415
24.352000 0.225095
24.353000 0.216402
24.354000 0.207359
24.355000 0.197984
24.356000 0.188302
24.357000 0.178333
24.358000 0.168102
24.359000 0.157631
24.360000 0.146947
24.361000 0.136072
24.362000 0.125034
24.363000 0.113858
24.364000 0.102569
24.365000 0.091194
24.366000 0.079761
24.367000 0.068295
24.368000 0.056823
24.369000 0.045372
24.370000 0.033969
24.371000 0.022641
24.372000 0.011414
24.373000 0.000314
24.374000 -0.010632
24.375000 -0.021400
24.376000 -0.031964
24.377000 -0.042300
24.378000 -0.052382
24.379000 -0.062188
24.380000 -0.071696
24.381000 -0.080882
24.382000 -0.089725
24.383000 -0.098205
24.384000 -0.106302
24.385000 -0.113998
24.386000 -0.121274
24.387000 -0.128113
24.388000 -0.134501
24.389000 -0.140421
24.390000 -0.145861
24.391000 -0.150808
24.392000 -0.155250
24.393000 -0.159178
24.394000 -0.162583
24.395000 -0.165457
24.396000 -0.167793
24.397000 -0.169588
24.398000 -0.170836
24.399000 -0.171535
24.400000 -0.171684
24.401000 -0.171284
24.402000 -0.170336
24.403000 -0.168842
24.404000 -0.166806
24.405000 -0.164235
24.406000 -0.161134
24.407000 -0.157511
24.408000 -0.153376
24.409000 -0.148738
24.410000 -0.143611
24.411000 -0.138005
24.412000 -0.131935
24.413000 -0.125416
24.414000 -0.118465
24.415000 -0.111097
24.416000 -0.103332
24.417000 -0.095187
24.418000 -0.086684
24.419000 -0.077843
24.420000 -0.068686
24.421000 -0.059234
24.422000 -0.049511
24.423000 -0.039541
24.424000 -0.029349
24.425000 -0.018957
24.426000 -0.008394
24.427000 0.002317
24.428000 0.013149
24.429000 0.024076
24.430000 0.035070
24.431000 0.046106
24.432000 0.057156
24.433000 0.068193
24.434000 0.079191
24.435000 0.090123
24.436000 0.100961
24.437000 0.111680
24.438000 0.122254
24.439000 0.132656
24.440000 0.142862
24.441000 0.152845
24.442000 0.162583
24.443000 0.172051
24.444000 0.181225
24.445000 0.190084
24.446000 0.198606
24.447000 0.206769
24.448000 0.214554
24.449000 0.221941
24.450000 0.228913
24.451000 0.235451
24.452000 0.241541
24.453000 0.247166
24.454000 0.252312
24.455000 0.256967
24.456000 0.261119
24.457000 0.264758
24.458000 0.267874
24.459000 0.270459
24.460000 0.272506
24.461000 0.274010
24.462000 0.274967
24.463000 0.275374
24.464000 0.275229
24.465000 0.274532
24.466000 0.273283
24.467000 0.271487
24.468000 0.269145
24.469000 0.266264
24.470000 0.262849
24.471000 0.258908
24.472000 0.254450
24.473000 0.249484
24.474000 0.244023
24.475000 0.238079
24.476000 0.231665
24.477000 0.224795
24.478000 0.217487
24.479000 0.209757
24.480000 0.201622
24.481000 0.193102
24.482000 0.184216
24.483000 0.174985
24.484000 0.165430
24.485000 0.155575
24.486000 0.145441
24.487000 0.135053
24.488000 0.124434
24.489000 0.113611
24.490000 0.102607
24.491000 0.091448
24.492000 0.080162
24.493000 0.068774
24.494000 0.057311
24.495000 0.045799
24.496000 0.034267
24.497000 0.022740
24.498000 0.011246
24.499000 -0.000188
24.500000 -0.011535
24.501000 -0.022769
24.502000 -0.033864
24.503000 -0.044793
24.504000 -0.055531
24.505000 -0.066053
24.506000 -0.076334
24.507000 -0.086350
24.508000 -0.096077
24.509000 -0.105494
24.510000 -0.114577
24.511000 -0.123307
24.512000 -0.131662
24.513000 -0.139622
24.514000 -0.147171
24.515000 -0.154290
24.516000 -0.160962
24.517000 -0.167173
24.518000 -0.172907
24.519000 -0.178153
24.520000 -0.182897
24.521000 -0.187130
24.522000 -0.190841
24.523000 -0.194023
24.524000 -0.196668
24.525000 -0.198771
24.526000 -0.200328
24.527000 -0.201334
24.528000 -0.201789
24.529000 -0.201693
24.530000 -0.201045
24.531000 -0.199848
24.532000 -0.198107
24.533000 -0.195824
24.534000 -0.193008
24.535000 -0.189665
24.536000 -0.185804
24.537000 -0.181435
24.538000 -0.176569
24.539000 -0.171219
24.540000 -0.165397
24.541000 -0.159120
24.542000 -0.152402
24.543000 -0.145261
24.544000 -0.137714
24.545000 -0.129780
24.546000 -0.121479
24.547000 -0.112832
24.548000 -0.103861
24.549000 -0.094586
24.550000 -0.085033
24.551000 -0.075223
24.552000 -0.065183
24.553000 -0.054935
24.554000 -0.044507
24.555000 -0.033923
24.556000 -0.023211
24.557000 -0.012396
24.558000 -0.001505
24.559000 0.009435
24.560000 0.020396
24.561000 0.031352
24.562000 0.042276
24.563000 0.053140
24.564000 0.063917
24.565000 0.074581
24.566000 0.085105
24.567000 0.095464
24.568000 0.105631
24.569000 0.115582
24.570000 0.125291
24.571000 0.134735
24.572000 0.143889
24.573000 0.152732
24.574000 0.161241
24.575000 0.169394
24.576000 0.177173
24.577000 0.184556
24.578000 0.191525
24.579000 0.198063
24.580000 0.204154
24.581000 0.209782
24.582000 0.214932
24.583000 0.219592
24.584000 0.223749
24.585000 0.227394
24.586000 0.230515
24.587000 0.233105
24.588000 0.235158
24.589000 0.236667
24.590000 0.237628
24.591000 0.238037
24.592000 0.237894
24.593000 0.237198
24.594000 0.235950
24.595000 0.234152
24.596000 0.231808
24.597000 0.228923
24.598000 0.225503
24.599000 0.221555
24.600000 0.217089
24.601000 0.212115
24.602000 0.206643
24.603000 0.200687
24.604000 0.194260
24.605000 0.187377
24.606000 0.180053
24.607000 0.172307
24.608000 0.164156
24.609000 0.155619
24.610000 0.146716
24.611000 0.137467
24.612000 0.127895
24.613000 0.118023
24.614000 0.107872
24.615000 0.097467
24.616000 0.086833
24.617000 0.075995
24.618000 0.064978
24.619000 0.053808
24.620000 0.042511
24.621000 0.031115
24.622000 0.019646
24.623000 0.008131
24.624000 -0.003402
24.625000 -0.014927
24.626000 -0.026416
24.627000 -0.037842
24.628000 -0.049178
24.629000 -0.060397
24.630000 -0.071472
24.631000 -0.082378
24.632000 -0.093089
24.633000 -0.103579
24.634000 -0.113824
24.635000 -0.123800
24.636000 -0.133483
24.637000 -0.142850
24.638000 -0.151879
24.639000 -0.160549
24.640000 -0.168840
24.641000 -0.176733
24.642000 -0.184208
24.643000 -0.191248
24.644000 -0.197838
24.645000 -0.203961
24.646000 -0.209604
24.647000 -0.214753
24.648000 -0.219398
24.649000 -0.223526
24.650000 -0.227129
24.651000 -0.230199
24.652000 -0.232729
24.653000 -0.234714
24.654000 -0.236149
24.655000 -0.237032
24.656000 -0.237361
24.657000 -0.237137
24.658000 -0.236359
24.659000 -0.235032
24.660000 -0.233159
24.661000 -0.230745
24.662000 -0.227797
24.663000 -0.224322
24.664000 -0.220331
24.665000 -0.215832
24.666000 -0.210839
24.667000 -0.205363
24.668000 -0.199419
24.669000 -0.193021
24.670000 -0.186188
24.671000 -0.178934
24.672000 -0.171280
24.673000 -0.163243
24.674000 -0.154845
24.675000 -0.146107
24.676000 -0.137051
24.677000 -0.127698
24.678000 -0.118074
24.679000 -0.108201
24.680000 -0.098105
24.681000 -0.087812
24.682000 -0.077346
24.683000 -0.066733
24.684000 -0.056002
24.685000 -0.045178
24.686000 -0.034288
24.687000 -0.023359
24.688000 -0.012420
24.689000 -0.001497
24.690000 0.009382
24.691000 0.020191
24.692000 0.030901
24.693000 0.041487
24.694000 0.051922
24.695000 0.062179
24.696000 0.072234
24.697000 0.082060
24.698000 0.091633
24.699000 0.100929
24.700000 0.109925
24.701000 0.118598
24.702000 0.126927
24.703000 0.134889
24.704000 0.142466
24.705000 0.149638
24.706000 0.156386
24.707000 0.162695
24.708000 0.168546
24.709000 0.173926
24.710000 0.178821
24.711000 0.183218
24.712000 0.187106
24.713000 0.190475
24.714000 0.193315
24.715000 0.195619
24.716000 0.197381
24.717000 0.198596
24.718000 0.199259
24.719000 0.199370
24.720000 0.198927
24.721000 0.197930
24.722000 0.196381
24.723000 0.194283
24.724000 0.191641
24.725000 0.188460
24.726000 0.184748
24.727000 0.180513
24.728000 0.175765
24.729000 0.170515
24.730000 0.164774
24.731000 0.158556
24.732000 0.151877
24.733000 0.144751
24.734000 0.137195
24.735000 0.129227
24.736000 0.120866
24.737000 0.112132
24.738000 0.103045
24.739000 0.093627
24.740000 0.083901
24.741000 0.073889
24.742000 0.063616
24.743000 0.053106
24.744000 0.042384
24.745000 0.031476
24.746000 0.020407
24.747000 0.009205
24.748000 -0.002105
24.749000 -0.013494
24.750000 -0.024936
24.751000 -0.036403
24.752000 -0.047868
24.753000 -0.059303
24.754000 -0.070681
24.755000 -0.081975
24.756000 -0.093158
24.757000 -0.104202
24.758000 -0.115082
24.759000 -0.125771
24.760000 -0.136244
24.761000 -0.146476
24.762000 -0.156441
24.763000 -0.166118
24.764000 -0.175481
24.765000 -0.184510
24.766000 -0.193182
24.767000 -0.201477
24.768000 -0.209375
24.769000 -0.216857
24.770000 -0.223906
24.771000 -0.230504
24.772000 -0.236637
24.773000 -0.242290
24.774000 -0.247449
24.775000 -0.252103
24.776000 -0.256240
24.777000 -0.259851
24.778000 -0.262928
24.779000 -0.265465
24.780000 -0.267454
24.781000 -0.268892
24.782000 -0.269776
24.783000 -0.270105
24.784000 -0.269878
24.785000 -0.269096
24.786000 -0.267762
24.787000 -0.265880
24.788000 -0.263455
24.789000 -0.260493
24.790000 -0.257002
24.791000 -0.252992
24.792000 -0.248473
24.793000 -0.243456
24.794000 -0.237955
24.795000 -0.231984
24.796000 -0.225557
24.797000 -0.218692
24.798000 -0.211405
24.799000 -0.203715
24.800000 -0.195642
24.801000 -0.187206
24.802000 -0.178428
24.803000 -0.169330
24.804000 -0.159937
24.805000 -0.150270
24.806000 -0.140354
24.807000 -0.130215
24.808000 -0.119878
24.809000 -0.109369
24.810000 -0.098714
24.811000 -0.087940
24.812000 -0.077074
24.813000 -0.066144
24.814000 -0.055176
24.815000 -0.044199
24.816000 -0.033240
24.817000 -0.022326
24.818000 -0.011486
24.819000 -0.000745
24.820000 0.009869
24.821000 0.020328
24.822000 0.030608
24.823000 0.040681
24.824000 0.050524
24.825000 0.060110
24.826000 0.069416
24.827000 0.078418
24.828000 0.087094
24.829000 0.095422
24.830000 0.103380
24.831000 0.110949
24.832000 0.118110
24.833000 0.124843
24.834000 0.131133
24.835000 0.136963
24.836000 0.142318
24.837000 0.147184
24.838000 0.151549
24.839000 0.155403
24.840000 0.158734
24.841000 0.161534
24.842000 0.163795
24.843000 0.165512
24.844000 0.166680
24.845000 0.167296
24.846000 0.167357
24.847000 0.166863
24.848000 0.165814
24.849000 0.164213
24.850000 0.162063
24.851000 0.159370
24.852000 0.156138
24.853000 0.152376
24.854000 0.148093
24.855000 0.143298
24.856000 0.138004
24.857000 0.132222
24.858000 0.125966
24.859000 0.119252
24.860000 0.112096
24.861000 0.104515
24.862000 0.096526
24.863000 0.088151
24.864000 0.079408
24.865000 0.070318
24.866000 0.060905
24.867000 0.051191
24.868000 0.041198
24.869000 0.030953
24.870000 0.020479
24.871000 0.009802
24.872000 -0.001052
24.873000 -0.012057
24.874000 -0.023185
24.875000 -0.034410
24.876000 -0.045705
24.877000 -0.057041
24.878000 -0.068391
24.879000 -0.079728
24.880000 -0.091023
24.881000 -0.102250
24.882000 -0.113381
24.883000 -0.124388
24.884000 -0.135246
24.885000 -0.145926
24.886000 -0.156404
24.887000 -0.166654
24.888000 -0.176651
24.889000 -0.186369
24.890000 -0.195787
24.891000 -0.204881
24.892000 -0.213628
24.893000 -0.222007
24.894000 -0.229998
24.895000 -0.237582
24.896000 -0.244740
24.897000 -0.251455
24.898000 -0.257710
24.899000 -0.263491
24.900000 -0.268782
24.901000 -0.273573
24.902000 -0.277850
24.903000 -0.281605
24.904000 -0.284827
24.905000 -0.287510
24.906000 -0.289646
24.907000 -0.291231
24.908000 -0.292262
24.909000 -0.292736
24.910000 -0.292653
24.911000 -0.292012
24.912000 -0.290816
24.913000 -0.289069
24.914000 -0.286774
24.915000 -0.283938
24.916000 -0.280568
24.917000 -0.276673
24.918000 -0.272263
24.919000 -0.267349
24.920000 -0.261944
24.921000 -0.256061
24.922000 -0.249716
24.923000 -0.242924
24.924000 -0.235703
24.925000 -0.228070
24.926000 -0.220046
24.927000 -0.211650
24.928000 -0.202904
24.929000 -0.193829
24.930000 -0.184449
24.931000 -0.174786
24.932000 -0.164866
24.933000 -0.154714
24.934000 -0.144354
24.935000 -0.133812
24.936000 -0.123117
24.937000 -0.112293
24.938000 -0.101369
24.939000 -0.090372
24.940000 -0.079329
24.941000 -0.068268
24.942000 -0.057218
24.943000 -0.046205
24.944000 -0.035257
24.945000 -0.024403
24.946000 -0.013668
24.947000 -0.003081
24.948000 0.007332
24.949000 0.017546
24.950000 0.027534
24.951000 0.037271
24.952000 0.046733
24.953000 0.055897
24.954000 0.064738
24.955000 0.073234
24.956000 0.081366
24.957000 0.089111
24.958000 0.096450
24.959000 0.103365
24.960000 0.109839
24.961000 0.115854
24.962000 0.121397
24.963000 0.126452
24.964000 0.131007
24.965000 0.135051
24.966000 0.138572
24.967000 0.141563
24.968000 0.144016
24.969000 0.145923
24.970000 0.147281
24.971000 0.148085
24.972000 0.148334
24.973000 0.148027
24.974000 0.147164
24.975000 0.145747
24.976000 0.143779
24.977000 0.141266
24.978000 0.138213
24.979000 0.134628
24.980000 0.130520
24.981000 0.125898
24.982000 0.120774
24.983000 0.115161
24.984000 0.109073
24.985000 0.102524
24.986000 0.095531
24.987000 0.088110
24.988000 0.080282
24.989000 0.072064
24.990000 0.063477
24.991000 0.054543
24.992000 0.045283
24.993000 0.035721
24.994000 0.025881
24.995000 0.015787
24.996000 0.005463
24.997000 -0.005064
24.998000 -0.015768
24.999000 -0.026623
25.000000 -0.037601
25.001000 -0.048676
25.002000 -0.059819
25.003000 -0.071003
25.004000 -0.082200
25.005000 -0.093382
25.006000 -0.104522
25.007000 -0.115591
25.008000 -0.126562
25.009000 -0.137408
25.010000 -0.148101
25.011000 -0.158616
25.012000 -0.168925
25.013000 -0.179003
25.014000 -0.188825
25.015000 -0.198366
25.016000 -0.207603
25.017000 -0.216513
25.018000 -0.225073
25.019000 -0.233262
25.020000 -0.241059
25.021000 -0.248446
25.022000 -0.255403
25.023000 -0.261913
25.024000 -0.267961
25.025000 -0.273530
25.026000 -0.278607
25.027000 -0.283180
25.028000 -0.287237
25.029000 -0.290768
25.030000 -0.293764
25.031000 -0.296217
25.032000 -0.298122
25.033000 -0.299473
25.034000 -0.300268
25.035000 -0.300505
25.036000 -0.300182
25.037000 -0.299301
25.038000 -0.297863
25.039000 -0.295874
25.040000 -0.293336
25.041000 -0.290258
25.042000 -0.286646
25.043000 -0.282510
25.044000 -0.277861
25.045000 -0.272708
25.046000 -0.267067
25.047000 -0.260950
25.048000 -0.254373
25.049000 -0.247353
25.050000 -0.239907
25.051000 -0.232054
25.052000 -0.223814
25.053000 -0.215207
25.054000 -0.206255
25.055000 -0.196980
25.056000 -0.187405
25.057000 -0.177555
25.058000 -0.167454
25.059000 -0.157128
25.060000 -0.146602
25.061000 -0.135903
25.062000 -0.125058
25.063000 -0.114094
25.064000 -0.103038
25.065000 -0.091918
25.066000 -0.080761
25.067000 -0.069597
25.068000 -0.058453
25.069000 -0.047357
25.070000 -0.036336
25.071000 -0.025418
25.072000 -0.014632
25.073000 -0.004003
25.074000 0.006442
25.075000 0.016676
25.076000 0.026674
25.077000 0.036411
25.078000 0.045862
25.079000 0.055004
25.080000 0.063814
25.081000 0.072269
25.082000 0.080349
25.083000 0.088033
25.084000 0.095302
25.085000 0.102138
25.086000 0.108524
25.087000 0.114444
25.088000 0.119883
25.089000 0.124827
25.090000 0.129264
25.091000 0.133184
25.092000 0.136576
25.093000 0.139432
25.094000 0.141745
25.095000 0.143509
25.096000 0.144720
25.097000 0.145375
25.098000 0.145472
25.099000 0.145012
25.100000 0.143996
25.101000 0.142426
25.102000 0.140306
25.103000 0.137642
25.104000 0.134442
25.105000 0.130712
25.106000 0.126463
25.107000 0.121705
25.108000 0.116452
25.109000 0.110715
25.110000 0.104510
25.111000 0.097852
25.112000 0.090760
25.113000 0.083249
25.114000 0.075341
25.115000 0.067054
25.116000 0.058410
25.117000 0.049431
25.118000 0.040140
25.119000 0.030560
25.120000 0.020716
25.121000 0.010633
25.122000 0.000336
25.123000 -0.010148
25.124000 -0.020793
25.125000 -0.031571
25.126000 -0.042455
25.127000 -0.053418
25.128000 -0.064432
25.129000 -0.075468
25.130000 -0.086499
25.131000 -0.097496
25.132000 -0.108431
25.133000 -0.119277
25.134000 -0.130006
25.135000 -0.140590
25.136000 -0.151003
25.137000 -0.161218
25.138000 -0.171209
25.139000 -0.180950
25.140000 -0.190417
25.141000 -0.199585
25.142000 -0.208432
25.143000 -0.216934
25.144000 -0.225069
25.145000 -0.232817
25.146000 -0.240159
25.147000 -0.247074
25.148000 -0.253546
25.149000 -0.259557
25.150000 -0.265093
25.151000 -0.270139
25.152000 -0.274681
25.153000 -0.278709
25.154000 -0.282211
25.155000 -0.285180
25.156000 -0.287605
25.157000 -0.289483
25.158000 -0.290806
25.159000 -0.291572
25.160000 -0.291778
25.161000 -0.291424
25.162000 -0.290511
25.163000 -0.289039
25.164000 -0.287013
25.165000 -0.284437
25.166000 -0.281318
25.167000 -0.277664
25.168000 -0.273482
25.169000 -0.268784
25.170000 -0.263581
25.171000 -0.257886
25.172000 -0.251712
25.173000 -0.245076
25.174000 -0.237994
25.175000 -0.230483
25.176000 -0.222562
25.177000 -0.214251
25.178000 -0.205571
25.179000 -0.196543
25.180000 -0.187189
25.181000 -0.177534
25.182000 -0.167601
25.183000 -0.157415
25.184000 -0.147002
25.185000 -0.136387
25.186000 -0.125598
25.187000 -0.114660
25.188000 -0.103603
25.189000 -0.092452
25.190000 -0.081237
25.191000 -0.069985
25.192000 -0.058725
25.193000 -0.047484
25.194000 -0.036291
25.195000 -0.025174
25.196000 -0.014160
25.197000 -0.003278
25.198000 0.007445
25.199000 0.017984
25.200000 0.028310
25.201000 0.038399
25.202000 0.048225
25.203000 0.057764
25.204000 0.066992
25.205000 0.075886
25.206000 0.084423
25.207000 0.092582
25.208000 0.100344
25.209000 0.107688
25.210000 0.114596
25.211000 0.121052
25.212000 0.127040
25.213000 0.132543
25.214000 0.137550
25.215000 0.142047
25.216000 0.146024
25.217000 0.149471
25.218000 0.152379
25.219000 0.154742
25.220000 0.156555
25.221000 0.157812
25.222000 0.158511
25.223000 0.158651
25.224000 0.158232
25.225000 0.157255
25.226000 0.155724
25.227000 0.153642
25.228000 0.151016
25.229000 0.147853
25.230000 0.144160
25.231000 0.139949
25.232000 0.135229
25.233000 0.130014
25.234000 0.124318
25.235000 0.118155
25.236000 0.111541
25.237000 0.104494
25.238000 0.097033
25.239000 0.089176
25.240000 0.080944
25.241000 0.072359
25.242000 0.063443
25.243000 0.054219
25.244000 0.044711
25.245000 0.034944
25.246000 0.024944
25.247000 0.014736
25.248000 0.004346
25.249000 -0.006197
25.250000 -0.016868
25.251000 -0.027637
25.252000 -0.038478
25.253000 -0.049362
25.254000 -0.060261
25.255000 -0.071146
25.256000 -0.081990
25.257000 -0.092763
25.258000 -0.103438
25.259000 -0.113988
25.260000 -0.124385
25.261000 -0.134601
25.262000 -0.144611
25.263000 -0.154388
25.264000 -0.163907
25.265000 -0.173142
25.266000 -0.182070
25.267000 -0.190668
25.268000 -0.198912
25.269000 -0.206782
25.270000 -0.214257
25.271000 -0.221317
25.272000 -0.227943
25.273000 -0.234119
25.274000 -0.239827
25.275000 -0.245053
25.276000 -0.249783
25.277000 -0.254004
25.278000 -0.257705
25.279000 -0.260875
25.280000 -0.263507
25.281000 -0.265592
25.282000 -0.267126
25.283000 -0.268103
25.284000 -0.268520
25.285000 -0.268377
25.286000 -0.267672
25.287000 -0.266406
25.288000 -0.264584
25.289000 -0.262208
25.290000 -0.259284
25.291000 -0.255819
25.292000 -0.251822
25.293000 -0.247301
25.294000 -0.242269
25.295000 -0.236736
25.296000 -0.230718
25.297000 -0.224228
25.298000 -0.217283
25.299000 -0.209900
25.300000 -0.202097
25.301000 -0.193894
25.302000 -0.185311
25.303000 -0.176369
25.304000 -0.167091
25.305000 -0.157500
25.306000 -0.147619
25.307000 -0.137475
25.308000 -0.127091
25.309000 -0.116494
25.310000 -0.105710
25.311000 -0.094767
25.312000 -0.083692
25.313000 -0.072512
25.314000 -0.061256
25.315000 -0.049953
25.316000 -0.038629
25.317000 -0.027315
25.318000 -0.016037
25.319000 -0.004825
25.320000 0.006294
25.321000 0.017291
25.322000 0.028139
25.323000 0.038811
25.324000 0.049280
25.325000 0.059520
25.326000 0.069505
25.327000 0.079210
25.328000 0.088611
25.329000 0.097684
25.330000 0.106408
25.331000 0.114759
25.332000 0.122717
25.333000 0.130263
25.334000 0.137378
25.335000 0.144044
25.336000 0.150244
25.337000 0.155964
25.338000 0.161189
25.339000 0.165907
25.340000 0.170105
25.341000 0.173775
25.342000 0.176907
25.343000 0.179493
25.344000 0.181528
25.345000 0.183007
25.346000 0.183928
25.347000 0.184287
25.348000 0.184086
25.349000 0.183325
25.350000 0.182007
25.351000 0.180135
25.352000 0.177716
25.353000 0.174756
25.354000 0.171263
25.355000 0.167248
25.356000 0.162721
25.357000 0.157694
25.358000 0.152181
25.359000 0.146197
25.360000 0.139758
25.361000 0.132880
25.362000 0.125584
25.363000 0.117887
25.364000 0.109811
25.365000 0.101376
25.366000 0.092606
25.367000 0.083523
25.368000 0.074151
25.369000 0.064516
25.370000 0.054642
25.371000 0.044557
25.372000 0.034286
25.373000 0.023856
25.374000 0.013295
25.375000 0.002632
25.376000 -0.008106
25.377000 -0.018891
25.378000 -0.029694
25.379000 -0.040487
25.380000 -0.051241
25.381000 -0.061927
25.382000 -0.072518
25.383000 -0.082985
25.384000 -0.093301
25.385000 -0.103439
25.386000 -0.113372
25.387000 -0.123073
25.388000 -0.132517
25.389000 -0.141679
25.390000 -0.150534
25.391000 -0.159059
25.392000 -0.167231
25.393000 -0.175029
25.394000 -0.182431
25.395000 -0.189419
25.396000 -0.195972
25.397000 -0.202074
25.398000 -0.207709
25.399000 -0.212860
25.400000 -0.217514
25.401000 -0.221658
25.402000 -0.225282
25.403000 -0.228374
25.404000 -0.230926
25.405000 -0.232931
25.406000 -0.234383
25.407000 -0.235277
25.408000 -0.235611
25.409000 -0.235382
25.410000 -0.234592
25.411000 -0.233240
25.412000 -0.231331
25.413000 -0.228867
25.414000 -0.225856
25.415000 -0.222303
25.416000 -0.218218
25.417000 -0.213609
25.418000 -0.208490
25.419000 -0.202870
25.420000 -0.196766
25.421000 -0.190192
25.422000 -0.183163
25.423000 -0.175698
25.424000 -0.167815
25.425000 -0.159533
25.426000 -0.150874
25.427000 -0.141860
25.428000 -0.132511
25.429000 -0.122853
25.430000 -0.112910
25.431000 -0.102705
25.432000 -0.092266
25.433000 -0.081618
25.434000 -0.070789
25.435000 -0.059805
25.436000 -0.048693
25.437000 -0.037484
25.438000 -0.026203
25.439000 -0.014881
25.440000 -0.003545
25.441000 0.007776
25.442000 0.019053
25.443000 0.030258
25.444000 0.041362
25.445000 0.052338
25.446000 0.063157
25.447000 0.073794
25.448000 0.084219
25.449000 0.094409
25.450000 0.104336
25.451000 0.113975
25.452000 0.123303
25.453000 0.132297
25.454000 0.140932
25.455000 0.149189
25.456000 0.157046
25.457000 0.164483
25.458000 0.171482
25.459000 0.178026
25.460000 0.184098
25.461000 0.189684
25.462000 0.194769
25.463000 0.199341
25.464000 0.203389
25.465000 0.206903
25.466000 0.209876
25.467000 0.212299
25.468000 0.214167
25.469000 0.215476
25.470000 0.216224
25.471000 0.216409
25.472000 0.216032
25.473000 0.215094
25.474000 0.213598
25.475000 0.211550
25.476000 0.208954
25.477000 0.205819
25.478000 0.202153
25.479000 0.197967
25.480000 0.193272
25.481000 0.188081
25.482000 0.182409
25.483000 0.176270
25.484000 0.169681
25.485000 0.162661
25.486000 0.155229
25.487000 0.147403
25.488000 0.139206
25.489000 0.130659
25.490000 0.121785
25.491000 0.112609
25.492000 0.103154
25.493000 0.093446
25.494000 0.083510
25.495000 0.073375
25.496000 0.063065
25.497000 0.052610
25.498000 0.042037
25.499000 0.031373
25.500000 0.020649
25.501000 0.009891
25.502000 -0.000871
25.503000 -0.011608
25.504000 -0.022292
25.505000 -0.032894
25.506000 -0.043386
25.507000 -0.053740
25.508000 -0.063929
25.509000 -0.073924
25.510000 -0.083700
25.511000 -0.093230
25.512000 -0.102489
25.513000 -0.111452
25.514000 -0.120094
25.515000 -0.128393
25.516000 -0.136326
25.517000 -0.143873
25.518000 -0.151011
25.519000 -0.157723
25.520000 -0.163990
25.521000 -0.169796
25.522000 -0.175123
25.523000 -0.179958
25.524000 -0.184287
25.525000 -0.188099
25.526000 -0.191382
25.527000 -0.194127
25.528000 -0.196327
25.529000 -0.197976
25.530000 -0.199067
25.531000 -0.199598
25.532000 -0.199566
25.533000 -0.198972
25.534000 -0.197815
25.535000 -0.196098
25.536000 -0.193824
25.537000 -0.191000
25.538000 -0.187631
25.539000 -0.183727
25.540000 -0.179295
25.541000 -0.174348
25.542000 -0.168896
25.543000 -0.162955
25.544000 -0.156538
25.545000 -0.149662
25.546000 -0.142344
25.547000 -0.134602
25.548000 -0.126456
25.549000 -0.117927
25.550000 -0.109035
25.551000 -0.099804
25.552000 -0.090257
25.553000 -0.080418
25.554000 -0.070312
25.555000 -0.059965
25.556000 -0.049404
25.557000 -0.038654
25.558000 -0.027744
25.559000 -0.016701
25.560000 -0.005553
25.561000 0.005670
25.562000 0.016942
25.563000 0.028231
25.564000 0.039511
25.565000 0.050752
25.566000 0.061925
25.567000 0.073002
25.568000 0.083955
25.569000 0.094755
25.570000 0.105376
25.571000 0.115789
25.572000 0.125969
25.573000 0.135889
25.574000 0.145525
25.575000 0.154851
25.576000 0.163844
25.577000 0.172481
25.578000 0.180741
25.579000 0.188601
25.580000 0.196043
25.581000 0.203048
25.582000 0.209597
25.583000 0.215675
25.584000 0.221266
25.585000 0.226356
25.586000 0.230933
25.587000 0.234985
25.588000 0.238502
25.589000 0.241476
25.590000 0.243899
25.591000 0.245767
25.592000 0.247074
25.593000 0.247817
25.594000 0.247997
25.595000 0.247612
25.596000 0.246665
25.597000 0.245158
25.598000 0.243096
25.599000 0.240486
25.600000 0.237334
25.601000 0.233649
25.602000 0.229443
25.603000 0.224726
25.604000 0.219512
25.605000 0.213815
25.606000 0.207650
25.607000 0.201034
25.608000 0.193986
25.609000 0.186523
25.610000 0.178668
25.611000 0.170440
25.612000 0.161862
25.613000 0.152957
25.614000 0.143750
25.615000 0.134264
25.616000 0.124526
25.617000 0.114561
25.618000 0.104397
25.619000 0.094060
25.620000 0.083579
25.621000 0.072981
25.622000 0.062295
25.623000 0.051550
25.624000 0.040774
25.625000 0.029996
25.626000 0.019246
25.627000 0.008552
25.628000 -0.002057
25.629000 -0.012554
25.630000 -0.022908
25.631000 -0.033094
25.632000 -0.043083
25.633000 -0.052848
25.634000 -0.062364
25.635000 -0.071604
25.636000 -0.080544
25.637000 -0.089160
25.638000 -0.097429
25.639000 -0.105328
25.640000 -0.112835
25.641000 -0.119932
25.642000 -0.126597
25.643000 -0.132814
25.644000 -0.138564
25.645000 -0.143834
25.646000 -0.148607
25.647000 -0.152872
25.648000 -0.156616
25.649000 -0.159828
25.650000 -0.162500
25.651000 -0.164625
25.652000 -0.166195
25.653000 -0.167207
25.654000 -0.167657
25.655000 -0.167543
25.656000 -0.166865
25.657000 -0.165624
25.658000 -0.163824
25.659000 -0.161468
25.660000 -0.158561
25.661000 -0.155112
25.662000 -0.151128
25.663000 -0.146619
25.664000 -0.141597
25.665000 -0.136075
25.666000 -0.130066
25.667000 -0.123585
25.668000 -0.116650
25.669000 -0.109279
25.670000 -0.101488
25.671000 -0.093300
25.672000 -0.084735
25.673000 -0.075815
25.674000 -0.066562
25.675000 -0.057002
25.676000 -0.047158
25.677000 -0.037056
25.678000 -0.026722
25.679000 -0.016183
25.680000 -0.005465
25.681000 0.005402
25.682000 0.016392
25.683000 0.027475
25.684000 0.038623
25.685000 0.049807
25.686000 0.060997
25.687000 0.072166
25.688000 0.083284
25.689000 0.094322
25.690000 0.105251
25.691000 0.116044
25.692000 0.126672
25.693000 0.137107
25.694000 0.147323
25.695000 0.157293
25.696000 0.166991
25.697000 0.176393
25.698000 0.185473
25.699000 0.194208
25.700000 0.202576
25.701000 0.210555
25.702000 0.218125
25.703000 0.225266
25.704000 0.231959
25.705000 0.238187
25.706000 0.243935
25.707000 0.249187
25.708000 0.253931
25.709000 0.258154
25.710000 0.261845
25.711000 0.264995
25.712000 0.267597
25.713000 0.269643
25.714000 0.271130
25.715000 0.272052
25.716000 0.272410
25.717000 0.272201
25.718000 0.271427
25.719000 0.270090
25.720000 0.268195
25.721000 0.265746
25.722000 0.262751
25.723000 0.259219
25.724000 0.255158
25.725000 0.250580
25.726000 0.245498
25.727000 0.239925
25.728000 0.233877
25.729000 0.227370
25.730000 0.220422
25.731000 0.213051
25.732000 0.205277
25.733000 0.197123
25.734000 0.188608
25.735000 0.179757
25.736000 0.170593
25.737000 0.161141
25.738000 0.151426
25.739000 0.141475
25.740000 0.131314
25.741000 0.120971
25.742000 0.110473
25.743000 0.099848
25.744000 0.089126
25.745000 0.078334
25.746000 0.067502
25.747000 0.056660
25.748000 0.045835
25.749000 0.035058
25.750000 0.024356
25.751000 0.013760
25.752000 0.003296
25.753000 -0.007006
25.754000 -0.017118
25.755000 -0.027015
25.756000 -0.036668
25.757000 -0.046053
25.758000 -0.055144
25.759000 -0.063916
25.760000 -0.072346
25.761000 -0.080411
25.762000 -0.088089
25.763000 -0.095360
25.764000 -0.102204
25.765000 -0.108603
25.766000 -0.114539
25.767000 -0.119995
25.768000 -0.124959
25.769000 -0.129414
25.770000 -0.133351
25.771000 -0.136757
25.772000 -0.139624
25.773000 -0.141944
25.774000 -0.143709
25.775000 -0.144916
25.776000 -0.145560
25.777000 -0.145640
25.778000 -0.145155
25.779000 -0.144106
25.780000 -0.142495
25.781000 -0.140327
25.782000 -0.137607
25.783000 -0.134342
25.784000 -0.130540
25.785000 -0.126212
25.786000 -0.121368
25.787000 -0.116020
25.788000 -0.110184
25.789000 -0.103874
25.790000 -0.097106
25.791000 -0.089899
25.792000 -0.082271
25.793000 -0.074243
25.794000 -0.065835
25.795000 -0.057070
25.796000 -0.047970
25.797000 -0.038559
25.798000 -0.028864
25.799000 -0.018908
25.800000 -0.008718
25.801000 0.001679
25.802000 0.012255
25.803000 0.022983
25.804000 0.033835
25.805000 0.044780
25.806000 0.055792
25.807000 0.066840
25.808000 0.077896
25.809000 0.088929
25.810000 0.099912
25.811000 0.110815
25.812000 0.121609
25.813000 0.132265
25.814000 0.142756
25.815000 0.153054
25.816000 0.163131
25.817000 0.172961
25.818000 0.182518
25.819000 0.191776
25.820000 0.200712
25.821000 0.209300
25.822000 0.217520
25.823000 0.225348
25.824000 0.232765
25.825000 0.239751
25.826000 0.246287
25.827000 0.252356
25.828000 0.257941
25.829000 0.263030
25.830000 0.267607
25.831000 0.271661
25.832000 0.275181
25.833000 0.278158
25.834000 0.280584
25.835000 0.282453
25.836000 0.283760
25.837000 0.284502
25.838000 0.284677
25.839000 0.284284
25.840000 0.283325
25.841000 0.281803
25.842000 0.279721
25.843000 0.277086
25.844000 0.273904
25.845000 0.270184
25.846000 0.265937
25.847000 0.261173
25.848000 0.255906
25.849000 0.250150
25.850000 0.243919
25.851000 0.237232
25.852000 0.230106
25.853000 0.222560
25.854000 0.214615
25.855000 0.206291
25.856000 0.197612
25.857000 0.188600
25.858000 0.179280
25.859000 0.169676
25.860000 0.159815
25.861000 0.149722
25.862000 0.139426
25.863000 0.128953
25.864000 0.118332
25.865000 0.107592
25.866000 0.096760
25.867000 0.085866
25.868000 0.074940
25.869000 0.064010
25.870000 0.053106
25.871000 0.042257
25.872000 0.031492
25.873000 0.020841
25.874000 0.010331
25.875000 -0.000009
25.876000 -0.010151
25.877000 -0.020069
25.878000 -0.029735
25.879000 -0.039124
25.880000 -0.048210
25.881000 -0.056970
25.882000 -0.065379
25.883000 -0.073415
25.884000 -0.081057
25.885000 -0.088283
25.886000 -0.095076
25.887000 -0.101415
25.888000 -0.107286
25.889000 -0.112670
25.890000 -0.117555
25.891000 -0.121928
25.892000 -0.125775
25.893000 -0.129088
25.894000 -0.131857
25.895000 -0.134075
25.896000 -0.135735
25.897000 -0.136834
25.898000 -0.137369
25.899000 -0.137337
25.900000 -0.136740
25.901000 -0.135578
25.902000 -0.133855
25.903000 -0.131576
25.904000 -0.128747
25.905000 -0.125375
25.906000 -0.121470
25.907000 -0.117041
25.908000 -0.112101
25.909000 -0.106664
25.910000 -0.100743
25.911000 -0.094355
25.912000 -0.087517
25.913000 -0.080247
25.914000 -0.072565
25.915000 -0.064492
25.916000 -0.056049
25.917000 -0.047260
25.918000 -0.038147
25.919000 -0.028735
25.920000 -0.019051
25.921000 -0.009119
25.922000 0.001034
25.923000 0.011379
25.924000 0.021890
25.925000 0.032538
25.926000 0.043294
25.927000 0.054129
25.928000 0.065013
25.929000 0.075919
25.930000 0.086816
25.931000 0.097674
25.932000 0.108465
25.933000 0.119159
25.934000 0.129728
25.935000 0.140143
25.936000 0.150376
25.937000 0.160398
25.938000 0.170184
25.939000 0.179707
25.940000 0.188940
25.941000 0.197860
25.942000 0.206441
25.943000 0.214661
25.944000 0.222497
25.945000 0.229928
25.946000 0.236934
25.947000 0.243497
25.948000 0.249597
25.949000 0.255219
25.950000 0.260347
25.951000 0.264968
25.952000 0.269068
25.953000 0.272637
25.954000 0.275665
25.955000 0.278143
25.956000 0.280064
25.957000 0.281424
25.958000 0.282219
25.959000 0.282445
25.960000 0.282103
25.961000 0.281193
25.962000 0.279717
25.963000 0.277680
25.964000 0.275086
25.965000 0.271942
25.966000 0.268256
25.967000 0.264040
25.968000 0.259302
25.969000 0.254057
25.970000 0.248317
25.971000 0.242099
25.972000 0.235419
25.973000 0.228294
25.974000 0.220744
25.975000 0.212789
25.976000 0.204450
25.977000 0.195749
25.978000 0.186710
25.979000 0.177356
25.980000 0.167713
25.981000 0.157807
25.982000 0.147664
25.983000 0.137312
25.984000 0.126777
25.985000 0.116088
25.986000 0.105274
25.987000 0.094364
25.988000 0.083387
25.989000 0.072372
25.990000 0.061349
25.991000 0.050347
25.992000 0.039396
25.993000 0.028526
25.994000 0.017764
25.995000 0.007141
25.996000 -0.003316
25.997000 -0.013579
25.998000 -0.023619
25.999000 -0.033411
26.000000 -0.042928
26.001000 -0.052144
26.002000 -0.061036
26.003000 -0.069578
26.004000 -0.077749
26.005000 -0.085527
26.006000 -0.092890
26.007000 -0.099819
26.008000 -0.106297
26.009000 -0.112305
26.010000 -0.117827
26.011000 -0.122850
26.012000 -0.127359
26.013000 -0.131343
26.014000 -0.134792
26.015000 -0.137696
26.016000 -0.140048
26.017000 -0.141841
26.018000 -0.143072
26.019000 -0.143737
26.020000 -0.143834
26.021000 -0.143365
26.022000 -0.142330
26.023000 -0.140733
26.024000 -0.138578
26.025000 -0.135871
26.026000 -0.132621
26.027000 -0.128835
26.028000 -0.124526
26.029000 -0.119705
26.030000 -0.114385
26.031000 -0.108581
26.032000 -0.102309
26.033000 -0.095587
26.034000 -0.088433
26.035000 -0.080866
26.036000 -0.072909
26.037000 -0.064582
26.038000 -0.055909
26.039000 -0.046913
26.040000 -0.037620
26.041000 -0.028055
26.042000 -0.018244
26.043000 -0.008214
26.044000 0.002007
26.045000 0.012392
26.046000 0.022910
26.047000 0.033535
26.048000 0.044236
26.049000 0.054983
26.050000 0.065748
26.051000 0.076501
26.052000 0.087212
26.053000 0.097852
26.054000 0.108391
26.055000 0.118801
26.056000 0.129052
26.057000 0.139117
26.058000 0.148967
26.059000 0.158576
26.060000 0.167917
26.061000 0.176965
26.062000 0.185693
26.063000 0.194079
26.064000 0.202099
26.065000 0.209730
26.066000 0.216952
26.067000 0.223745
26.068000 0.230089
26.069000 0.235967
26.070000 0.241362
26.071000 0.246260
26.072000 0.250646
26.073000 0.254509
26.074000 0.257837
26.075000 0.260621
26.076000 0.262852
26.077000 0.264525
26.078000 0.265634
26.079000 0.266176
26.080000 0.266149
26.081000 0.265552
26.082000 0.264387
26.083000 0.262656
26.084000 0.260363
26.085000 0.257515
26.086000 0.254119
26.087000 0.250183
26.088000 0.245717
26.089000 0.240734
26.090000 0.235246
26.091000 0.229267
26.092000 0.222815
26.093000 0.215905
26.094000 0.208556
26.095000 0.200787
26.096000 0.192620
26.097000 0.184075
26.098000 0.175176
26.099000 0.165947
26.100000 0.156411
26.101000 0.146595
26.102000 0.136525
26.103000 0.126228
26.104000 0.115730
26.105000 0.105061
26.106000 0.094249
26.107000 0.083323
26.108000 0.072311
26.109000 0.061244
26.110000 0.050152
26.111000 0.039063
26.112000 0.028008
26.113000 0.017016
26.114000 0.006117
26.115000 -0.004661
26.116000 -0.015287
26.117000 -0.025735
26.118000 -0.035975
26.119000 -0.045981
26.120000 -0.055726
26.121000 -0.065184
26.122000 -0.074328
26.123000 -0.083136
26.124000 -0.091584
26.125000 -0.099648
26.126000 -0.107309
26.127000 -0.114544
26.128000 -0.121336
26.129000 -0.127666
26.130000 -0.133517
26.131000 -0.138874
26.132000 -0.143723
26.133000 -0.148051
26.134000 -0.151847
26.135000 -0.155102
26.136000 -0.157806
26.137000 -0.159953
26.138000 -0.161539
26.139000 -0.162558
26.140000 -0.163009
26.141000 -0.162891
26.142000 -0.162206
26.143000 -0.160954
26.144000 -0.159142
26.145000 -0.156774
26.146000 -0.153856
26.147000 -0.150399
26.148000 -0.146411
26.149000 -0.141905
26.150000 -0.136893
26.151000 -0.131389
26.152000 -0.125410
26.153000 -0.118971
26.154000 -0.112092
26.155000 -0.104792
26.156000 -0.097091
26.157000 -0.089012
26.158000 -0.080576
26.159000 -0.071807
26.160000 -0.062730
26.161000 -0.053371
26.162000 -0.043756
26.163000 -0.033911
26.164000 -0.023864
26.165000 -0.013644
26.166000 -0.003279
26.167000 0.007202
26.168000 0.017770
26.169000 0.028395
26.170000 0.039048
26.171000 0.049698
26.172000 0.060316
26.173000 0.070872
26.174000 0.081337
26.175000 0.091681
26.176000 0.101876
26.177000 0.111892
26.178000 0.121701
26.179000 0.131277
26.180000 0.140592
26.181000 0.149621
26.182000 0.158336
26.183000 0.166715
26.184000 0.174734
26.185000 0.182369
26.186000 0.189600
26.187000 0.196406
26.188000 0.202767
26.189000 0.208666
26.190000 0.214085
26.191000 0.219010
26.192000 0.223425
26.193000 0.227318
26.194000 0.230679
26.195000 0.233496
26.196000 0.235762
26.197000 0.237470
26.198000 0.238614
26.199000 0.239190
26.200000 0.239197
26.201000 0.238634
26.202000 0.237501
26.203000 0.235801
26.204000 0.233537
26.205000 0.230717
26.206000 0.227346
26.207000 0.223433
26.208000 0.218988
26.209000 0.214024
26.210000 0.208552
26.211000 0.202587
26.212000 0.196145
26.213000 0.189242
26.214000 0.181898
26.215000 0.174132
26.216000 0.165963
26.217000 0.157415
26.218000 0.148510
26.219000 0.139271
26.220000 0.129724
26.221000 0.119894
26.222000 0.109807
26.223000 0.099490
26.224000 0.088971
26.225000 0.078279
26.226000 0.067442
26.227000 0.056488
26.228000 0.045448
26.229000 0.034352
26.230000 0.023228
26.231000 0.012107
26.232000 0.001020
26.233000 -0.010006
26.234000 -0.020939
26.235000 -0.031750
26.236000 -0.042410
26.237000 -0.052891
26.238000 -0.063165
26.239000 -0.073204
26.240000 -0.082980
26.241000 -0.092468
26.242000 -0.101643
26.243000 -0.110479
26.244000 -0.118954
26.245000 -0.127044
26.246000 -0.134728
26.247000 -0.141985
26.248000 -0.148797
26.249000 -0.155145
26.250000 -0.161012
26.251000 -0.166383
26.252000 -0.171244
26.253000 -0.175582
26.254000 -0.179386
26.255000 -0.182646
26.256000 -0.185355
26.257000 -0.187504
26.258000 -0.189089
26.259000 -0.190107
26.260000 -0.190554
26.261000 -0.190432
26.262000 -0.189740
26.263000 -0.188482
26.264000 -0.186661
26.265000 -0.184283
26.266000 -0.181356
26.267000 -0.177889
26.268000 -0.173891
26.269000 -0.169375
26.270000 -0.164353
26.271000 -0.158840
26.272000 -0.152853
26.273000 -0.146408
26.274000 -0.139524
26.275000 -0.132221
26.276000 -0.124519
26.277000 -0.116441
26.278000 -0.108010
26.279000 -0.099249
26.280000 -0.090183
26.281000 -0.080839
26.282000 -0.071243
26.283000 -0.061422
26.284000 -0.051404
26.285000 -0.041217
26.286000 -0.030890
26.287000 -0.020453
26.288000 -0.009935
26.289000 0.000634
26.290000 0.011225
26.291000 0.021806
26.292000 0.032349
26.293000 0.042823
26.294000 0.053199
26.295000 0.063447
26.296000 0.073539
26.297000 0.083444
26.298000 0.093137
26.299000 0.102588
26.300000 0.111771
26.301000 0.120660
26.302000 0.129229
26.303000 0.137455
26.304000 0.145313
26.305000 0.152781
26.306000 0.159838
26.307000 0.166464
26.308000 0.172639
26.309000 0.178345
26.310000 0.183567
26.311000 0.188288
26.312000 0.192496
26.313000 0.196177
26.314000 0.199321
26.315000 0.201918
26.316000 0.203961
26.317000 0.205443
26.318000 0.206358
26.319000 0.206705
26.320000 0.206481
26.321000 0.205686
26.322000 0.204322
26.323000 0.202391
26.324000 0.199899
26.325000 0.196851
26.326000 0.193255
26.327000 0.189120
26.328000 0.184457
26.329000 0.179279
26.330000 0.173599
26.331000 0.167431
26.332000 0.160793
26.333000 0.153702
26.334000 0.146177
26.335000 0.138237
26.336000 0.129905
26.337000 0.121203
26.338000 0.112154
26.339000 0.102782
26.340000 0.093113
26.341000 0.083173
26.342000 0.072989
26.343000 0.062587
26.344000 0.051997
26.345000 0.041247
26.346000 0.030366
26.347000 0.019384
26.348000 0.008330
26.349000 -0.002766
26.350000 -0.013873
26.351000 -0.024962
26.352000 -0.036002
26.353000 -0.046964
26.354000 -0.057818
26.355000 -0.068534
26.356000 -0.079084
26.357000 -0.089438
26.358000 -0.099569
26.359000 -0.109450
26.360000 -0.119053
26.361000 -0.128353
26.362000 -0.137324
26.363000 -0.145943
26.364000 -0.154186
26.365000 -0.162031
26.366000 -0.169456
26.367000 -0.176443
26.368000 -0.182972
26.369000 -0.189026
26.370000 -0.194589
26.371000 -0.199645
26.372000 -0.204182
26.373000 -0.208188
26.374000 -0.211653
26.375000 -0.214566
26.376000 -0.216922
26.377000 -0.218714
26.378000 -0.219938
26.379000 -0.220592
26.380000 -0.220673
26.381000 -0.220183
26.382000 -0.219124
26.383000 -0.217499
26.384000 -0.215314
26.385000 -0.212576
26.386000 -0.209292
26.387000 -0.205473
26.388000 -0.201130
26.389000 -0.196275
26.390000 -0.190924
26.391000 -0.185092
26.392000 -0.178795
26.393000 -0.172052
26.394000 -0.164882
26.395000 -0.157306
26.396000 -0.149346
26.397000 -0.141026
26.398000 -0.132367
26.399000 -0.123396
26.400000 -0.114139
26.401000 -0.104621
26.402000 -0.094870
26.403000 -0.084914
26.404000 -0.074781
26.405000 -0.064500
26.406000 -0.054101
26.407000 -0.043613
26.408000 -0.033066
26.409000 -0.022491
26.410000 -0.011917
26.411000 -0.001375
26.412000 0.009105
26.413000 0.019493
26.414000 0.029760
26.415000 0.039877
26.416000 0.049813
26.417000 0.059542
26.418000 0.069034
26.419000 0.078264
26.420000 0.087204
26.421000 0.095829
26.422000 0.104114
26.423000 0.112035
26.424000 0.119570
26.425000 0.126696
26.426000 0.133394
26.427000 0.139643
26.428000 0.145426
26.429000 0.150726
26.430000 0.155527
26.431000 0.159815
26.432000 0.163579
26.433000 0.166805
26.434000 0.169485
26.435000 0.171611
26.436000 0.173176
26.437000 0.174175
26.438000 0.174605
26.439000 0.174463
26.440000 0.173749
26.441000 0.172465
26.442000 0.170614
26.443000 0.168200
26.444000 0.165229
26.445000 0.161709
26.446000 0.157650
26.447000 0.153061
26.448000 0.147955
26.449000 0.142345
26.450000 0.136248
26.451000 0.129678
26.452000 0.122654
26.453000 0.115196
26.454000 0.107322
26.455000 0.099054
26.456000 0.090416
26.457000 0.081430
26.458000 0.072121
26.459000 0.062514
26.460000 0.052636
26.461000 0.042514
26.462000 0.032175
26.463000 0.021648
26.464000 0.010961
26.465000 0.000144
26.466000 -0.010773
26.467000 -0.021761
26.468000 -0.032789
26.469000 -0.043827
26.470000 -0.054845
26.471000 -0.065813
26.472000 -0.076700
26.473000 -0.087476
26.474000 -0.098113
26.475000 -0.108580
26.476000 -0.118850
26.477000 -0.128893
26.478000 -0.138683
26.479000 -0.148192
26.480000 -0.157395
26.481000 -0.166265
26.482000 -0.174780
26.483000 -0.182916
26.484000 -0.190650
26.485000 -0.197962
26.486000 -0.204831
26.487000 -0.211239
26.488000 -0.217169
26.489000 -0.222604
26.490000 -0.227530
26.491000 -0.231933
26.492000 -0.235802
26.493000 -0.239127
26.494000 -0.241899
26.495000 -0.244110
26.496000 -0.245755
26.497000 -0.246830
26.498000 -0.247333
26.499000 -0.247262
26.500000 -0.246619
26.501000 -0.245406
26.502000 -0.243626
26.503000 -0.241286
26.504000 -0.238393
26.505000 -0.234955
26.506000 -0.230982
26.507000 -0.226487
26.508000 -0.221482
26.509000 -0.215982
26.510000 -0.210003
26.511000 -0.203563
26.512000 -0.196680
26.513000 -0.189374
26.514000 -0.181665
26.515000 -0.173578
26.516000 -0.165134
26.517000 -0.156357
26.518000 -0.147274
26.519000 -0.137911
26.520000 -0.128293
26.521000 -0.118449
26.522000 -0.108407
26.523000 -0.098196
26.524000 -0.087844
26.525000 -0.077383
26.526000 -0.066841
26.527000 -0.056248
26.528000 -0.045636
26.529000 -0.035034
26.530000 -0.024474
26.531000 -0.013984
26.532000 -0.003596
26.533000 0.006662
26.534000 0.016759
26.535000 0.026667
26.536000 0.036357
26.537000 0.045802
26.538000 0.054974
26.539000 0.063848
26.540000 0.072397
26.541000 0.080596
26.542000 0.088424
26.543000 0.095856
26.544000 0.102872
26.545000 0.109451
26.546000 0.115574
26.547000 0.121223
26.548000 0.126382
26.549000 0.131037
26.550000 0.135173
26.551000 0.138778
26.552000 0.141841
26.553000 0.144354
26.554000 0.146309
26.555000 0.147700
26.556000 0.148523
26.557000 0.148774
26.558000 0.148453
26.559000 0.147561
26.560000 0.146098
26.561000 0.144069
26.562000 0.141479
26.563000 0.138335
26.564000 0.134645
26.565000 0.130419
26.566000 0.125670
26.567000 0.120409
26.568000 0.114651
26.569000 0.108412
26.570000 0.101709
26.571000 0.094561
26.572000 0.086987
26.573000 0.079009
26.574000 0.070648
26.575000 0.061927
26.576000 0.052871
26.577000 0.043506
26.578000 0.033856
26.579000 0.023949
26.580000 0.013812
26.581000 0.003474
26.582000 -0.007036
26.583000 -0.017690
26.584000 -0.028458
26.585000 -0.039309
26.586000 -0.050213
26.587000 -0.061141
26.588000 -0.072060
26.589000 -0.082942
26.590000 -0.093755
26.591000 -0.104470
26.592000 -0.115056
26.593000 -0.125485
26.594000 -0.135726
26.595000 -0.145751
26.596000 -0.155533
26.597000 -0.165043
26.598000 -0.174256
26.599000 -0.183146
26.600000 -0.191688
26.601000 -0.199859
26.602000 -0.207634
26.603000 -0.214994
26.604000 -0.221917
26.605000 -0.228384
26.606000 -0.234378
26.607000 -0.239881
26.608000 -0.244878
26.609000 -0.249356
26.610000 -0.253303
26.611000 -0.256706
26.612000 -0.259558
26.613000 -0.261851
26.614000 -0.263577
26.615000 -0.264734
26.616000 -0.265317
26.617000 -0.265326
26.618000 -0.264760
26.619000 -0.263623
26.620000 -0.261916
26.621000 -0.259646
26.622000 -0.256819
26.623000 -0.253444
26.624000 -0.249530
26.625000 -0.245089
26.626000 -0.240134
26.627000 -0.234679
26.628000 -0.228740
26.629000 -0.222333
26.630000 -0.215479
26.631000 -0.208195
26.632000 -0.200504
26.633000 -0.192427
26.634000 -0.183987
26.635000 -0.175210
26.636000 -0.166119
26.637000 -0.156741
26.638000 -0.147103
26.639000 -0.137233
26.640000 -0.127158
26.641000 -0.116908
26.642000 -0.106512
26.643000 -0.096000
26.644000 -0.085402
26.645000 -0.074748
26.646000 -0.064069
26.647000 -0.053395
26.648000 -0.042757
26.649000 -0.032186
26.650000 -0.021711
26.651000 -0.011363
26.652000 -0.001171
26.653000 0.008835
26.654000 0.018628
26.655000 0.028178
26.656000 0.037458
26.657000 0.046443
26.658000 0.055105
26.659000 0.063421
26.660000 0.071366
26.661000 0.078918
26.662000 0.086054
26.663000 0.092755
26.664000 0.099001
26.665000 0.104775
26.666000 0.110058
26.667000 0.114838
26.668000 0.119098
26.669000 0.122828
26.670000 0.126017
26.671000 0.128654
26.672000 0.130733
26.673000 0.132248
26.674000 0.133193
26.675000 0.133567
26.676000 0.133367
26.677000 0.132594
26.678000 0.131251
26.679000 0.129340
26.680000 0.126867
26.681000 0.123840
26.682000 0.120266
26.683000 0.116155
26.684000 0.111519
26.685000 0.106372
26.686000 0.100727
26.687000 0.094600
26.688000 0.088010
26.689000 0.080973
26.690000 0.073511
26.691000 0.065645
26.692000 0.057396
26.693000 0.048788
26.694000 0.039846
26.695000 0.030595
26.696000 0.021061
26.697000 0.011270
26.698000 0.001252
26.699000 -0.008966
26.700000 -0.019355
26.701000 -0.029884
26.702000 -0.040526
26.703000 -0.051248
26.704000 -0.062020
26.705000 -0.072813
26.706000 -0.083594
26.707000 -0.094335
26.708000 -0.105003
26.709000 -0.115570
26.710000 -0.126003
26.711000 -0.136275
26.712000 -0.146356
26.713000 -0.156217
26.714000 -0.165829
26.715000 -0.175167
26.716000 -0.184202
26.717000 -0.192910
26.718000 -0.201266
26.719000 -0.209245
26.720000 -0.216826
26.721000 -0.223986
26.722000 -0.230705
26.723000 -0.236965
26.724000 -0.242746
26.725000 -0.248033
26.726000 -0.252811
26.727000 -0.257066
26.728000 -0.260786
26.729000 -0.263961
26.730000 -0.266581
26.731000 -0.268638
26.732000 -0.270128
26.733000 -0.271046
26.734000 -0.271389
26.735000 -0.271156
26.736000 -0.270349
26.737000 -0.268968
26.738000 -0.267019
26.739000 -0.264507
26.740000 -0.261439
26.741000 -0.257824
26.742000 -0.253672
26.743000 -0.248995
26.744000 -0.243807
26.745000 -0.238121
26.746000 -0.231956
26.747000 -0.225328
26.748000 -0.218255
26.749000 -0.210760
26.750000 -0.202861
26.751000 -0.194584
26.752000 -0.185950
26.753000 -0.176985
26.754000 -0.167715
26.755000 -0.158165
26.756000 -0.148364
26.757000 -0.138338
26.758000 -0.128118
26.759000 -0.117732
26.760000 -0.107209
26.761000 -0.096580
26.762000 -0.085876
26.763000 -0.075126
26.764000 -0.064362
26.765000 -0.053615
26.766000 -0.042914
26.767000 -0.032291
26.768000 -0.021776
26.769000 -0.011400
26.770000 -0.001191
26.771000 0.008822
26.772000 0.018608
26.773000 0.028141
26.774000 0.037393
26.775000 0.046338
26.776000 0.054951
26.777000 0.063206
26.778000 0.071080
26.779000 0.078551
26.780000 0.085597
26.781000 0.092198
26.782000 0.098336
26.783000 0.103992
26.784000 0.109151
26.785000 0.113799
26.786000 0.117921
26.787000 0.121506
26.788000 0.124545
26.789000 0.127028
26.790000 0.128948
26.791000 0.130300
26.792000 0.131081
26.793000 0.131288
26.794000 0.130921
26.795000 0.129980
26.796000 0.128470
26.797000 0.126393
26.798000 0.123757
26.799000 0.120570
26.800000 0.116839
26.801000 0.112578
26.802000 0.107796
26.803000 0.102510
26.804000 0.096733
26.805000 0.090483
26.806000 0.083779
26.807000 0.076638
26.808000 0.069082
26.809000 0.061134
26.810000 0.052815
26.811000 0.044151
26.812000 0.035165
26.813000 0.025885
26.814000 0.016337
26.815000 0.006549
26.816000 -0.003452
26.817000 -0.013635
26.818000 -0.023972
26.819000 -0.034433
26.820000 -0.044986
26.821000 -0.055603
26.822000 -0.066251
26.823000 -0.076901
26.824000 -0.087520
26.825000 -0.098079
26.826000 -0.108547
26.827000 -0.118894
26.828000 -0.129089
26.829000 -0.139103
26.830000 -0.148907
26.831000 -0.158472
26.832000 -0.167771
26.833000 -0.176776
26.834000 -0.185462
26.835000 -0.193804
26.836000 -0.201776
26.837000 -0.209355
26.838000 -0.216521
26.839000 -0.223251
26.840000 -0.229527
26.841000 -0.235329
26.842000 -0.240641
26.843000 -0.245447
26.844000 -0.249733
26.845000 -0.253487
26.846000 -0.256697
26.847000 -0.259354
26.848000 -0.261450
26.849000 -0.262978
26.850000 -0.263935
26.851000 -0.264316
26.852000 -0.264121
26.853000 -0.263350
26.854000 -0.262004
26.855000 -0.260088
26.856000 -0.257606
26.857000 -0.254566
26.858000 -0.250975
26.859000 -0.246845
26.860000 -0.242186
26.861000 -0.237011
26.862000 -0.231336
26.863000 -0.225177
26.864000 -0.218550
26.865000 -0.211474
26.866000 -0.203970
26.867000 -0.196060
26.868000 -0.187765
26.869000 -0.179109
26.870000 -0.170117
26.871000 -0.160814
26.872000 -0.151227
26.873000 -0.141384
26.874000 -0.131311
26.875000 -0.121039
26.876000 -0.110597
26.877000 -0.100014
26.878000 -0.089320
26.879000 -0.078546
26.880000 -0.067723
26.881000 -0.056882
26.882000 -0.046053
26.883000 -0.035268
26.884000 -0.024557
26.885000 -0.013951
26.886000 -0.003481
26.887000 0.006825
26.888000 0.016935
26.889000 0.026823
26.890000 0.036459
26.891000 0.045816
26.892000 0.054867
26.893000 0.063587
26.894000 0.071950
26.895000 0.079933
26.896000 0.087513
26.897000 0.094670
26.898000 0.101381
26.899000 0.107629
26.900000 0.113395
26.901000 0.118664
26.902000 0.123421
26.903000 0.127651
26.904000 0.131345
26.905000 0.134490
26.906000 0.137079
26.907000 0.139104
26.908000 0.140560
26.909000 0.141444
26.910000 0.141752
26.911000 0.141485
26.912000 0.140644
26.913000 0.139232
26.914000 0.137253
26.915000 0.134713
26.916000 0.131620
26.917000 0.127984
26.918000 0.123816
26.919000 0.119128
26.920000 0.113934
26.921000 0.108250
26.922000 0.102092
26.923000 0.095480
26.924000 0.088432
26.925000 0.080969
26.926000 0.073114
26.927000 0.064890
26.928000 0.056321
26.929000 0.047432
26.930000 0.038251
26.931000 0.028803
26.932000 0.019116
26.933000 0.009220
26.934000 -0.000856
26.935000 -0.011084
26.936000 -0.021432
26.937000 -0.031870
26.938000 -0.042368
26.939000 -0.052894
26.940000 -0.063417
26.941000 -0.073907
26.942000 -0.084332
26.943000 -0.094661
26.944000 -0.104865
26.945000 -0.114913
26.946000 -0.124775
26.947000 -0.134422
26.948000 -0.143826
26.949000 -0.152959
26.950000 -0.161794
26.951000 -0.170304
26.952000 -0.178465
26.953000 -0.186252
26.954000 -0.193642
26.955000 -0.200613
26.956000 -0.207144
26.957000 -0.213216
26.958000 -0.218811
26.959000 -0.223911
26.960000 -0.228502
26.961000 -0.232569
26.962000 -0.236101
26.963000 -0.239086
26.964000 -0.241516
26.965000 -0.243382
26.966000 -0.244678
26.967000 -0.245401
26.968000 -0.245548
26.969000 -0.245117
26.970000 -0.244110
26.971000 -0.242528
26.972000 -0.240377
26.973000 -0.237660
26.974000 -0.234387
26.975000 -0.230566
26.976000 -0.226207
26.977000 -0.221323
26.978000 -0.215926
26.979000 -0.210034
26.980000 -0.203661
26.981000 -0.196826
26.982000 -0.189548
26.983000 -0.181848
26.984000 -0.173748
26.985000 -0.165270
26.986000 -0.156439
26.987000 -0.147280
26.988000 -0.137820
26.989000 -0.128084
26.990000 -0.118101
26.991000 -0.107899
26.992000 -0.097508
26.993000 -0.086956
26.994000 -0.076275
26.995000 -0.065495
26.996000 -0.054646
26.997000 -0.043760
26.998000 -0.032868
26.999000 -0.022000
27.000000 -0.011189
27.001000 -0.000464
27.002000 0.010144
27.003000 0.020603
27.004000 0.030885
27.005000 0.040959
27.006000 0.050798
27.007000 0.060373
27.008000 0.069657
27.009000 0.078623
27.010000 0.087246
27.011000 0.095501
27.012000 0.103365
27.013000 0.110815
27.014000 0.117831
27.015000 0.124392
27.016000 0.130481
27.017000 0.136079
27.018000 0.141171
27.019000 0.145744
27.020000 0.149783
27.021000 0.153279
27.022000 0.156221
27.023000 0.158602
27.024000 0.160415
27.025000 0.161656
27.026000 0.162321
27.027000 0.162410
27.028000 0.161923
27.029000 0.160861
27.030000 0.159229
27.031000 0.157032
27.032000 0.154277
27.033000 0.150973
27.034000 0.147130
27.035000 0.142760
27.036000 0.137877
27.037000 0.132495
27.038000 0.126630
27.039000 0.120302
27.040000 0.113528
27.041000 0.106329
27.042000 0.098727
27.043000 0.090745
27.044000 0.082407
27.045000 0.073738
27.046000 0.064764
27.047000 0.055511
27.048000 0.046009
27.049000 0.036284
27.050000 0.026367
27.051000 0.016286
27.052000 0.006073
27.053000 -0.004243
27.054000 -0.014630
27.055000 -0.025057
27.056000 -0.035494
27.057000 -0.045909
27.058000 -0.056270
27.059000 -0.066547
27.060000 -0.076709
27.061000 -0.086726
27.062000 -0.096567
27.063000 -0.106204
27.064000 -0.115606
27.065000 -0.124746
27.066000 -0.133597
27.067000 -0.142131
27.068000 -0.150323
27.069000 -0.158149
27.070000 -0.165585
27.071000 -0.172608
27.072000 -0.179197
27.073000 -0.185332
27.074000 -0.190994
27.075000 -0.196166
27.076000 -0.200833
27.077000 -0.204979
27.078000 -0.208592
27.079000 -0.211661
27.080000 -0.214176
27.081000 -0.216129
27.082000 -0.217513
27.083000 -0.218324
27.084000 -0.218558
27.085000 -0.218215
27.086000 -0.217294
27.087000 -0.215798
27.088000 -0.213730
27.089000 -0.211095
27.090000 -0.207901
27.091000 -0.204157
27.092000 -0.199871
27.093000 -0.195058
27.094000 -0.189728
27.095000 -0.183899
27.096000 -0.177586
27.097000 -0.170807
27.098000 -0.163581
27.099000 -0.155928
27.100000 -0.147871
27.101000 -0.139432
27.102000 -0.130636
27.103000 -0.121507
27.104000 -0.112072
27.105000 -0.102357
27.106000 -0.092391
27.107000 -0.082202
27.108000 -0.071819
27.109000 -0.061272
27.110000 -0.050591
27.111000 -0.039807
27.112000 -0.028952
27.113000 -0.018055
27.114000 -0.007148
27.115000 0.003737
27.116000 0.014569
27.117000 0.025316
27.118000 0.035949
27.119000 0.046436
27.120000 0.056748
27.121000 0.066855
27.122000 0.076727
27.123000 0.086337
27.124000 0.095657
27.125000 0.104660
27.126000 0.113321
27.127000 0.121614
27.128000 0.129517
27.129000 0.137006
27.130000 0.144061
27.131000 0.150661
27.132000 0.156787
27.133000 0.162423
27.134000 0.167552
27.135000 0.172161
27.136000 0.176236
27.137000 0.179765
27.138000 0.182741
27.139000 0.185153
27.140000 0.186997
27.141000 0.188267
27.142000 0.188960
27.143000 0.189076
27.144000 0.188614
27.145000 0.187576
27.146000 0.185967
27.147000 0.183792
27.148000 0.181057
27.149000 0.177773
27.150000 0.173949
27.151000 0.169597
27.152000 0.164731
27.153000 0.159366
27.154000 0.153518
27.155000 0.147206
27.156000 0.140449
27.157000 0.133267
27.158000 0.125683
27.159000 0.117720
27.160000 0.109401
27.161000 0.100752
27.162000 0.091800
27.163000 0.082572
27.164000 0.073094
27.165000 0.063398
27.166000 0.053510
27.167000 0.043463
27.168000 0.033285
27.169000 0.023008
27.170000 0.012662
27.171000 0.002280
27.172000 -0.008108
27.173000 -0.018470
27.174000 -0.028774
27.175000 -0.038991
27.176000 -0.049088
27.177000 -0.059035
27.178000 -0.068802
27.179000 -0.078359
27.180000 -0.087678
27.181000 -0.096730
27.182000 -0.105488
27.183000 -0.113925
27.184000 -0.122015
27.185000 -0.129734
27.186000 -0.137058
27.187000 -0.143965
27.188000 -0.150434
27.189000 -0.156444
27.190000 -0.161978
27.191000 -0.167018
27.192000 -0.171548
27.193000 -0.175555
27.194000 -0.179025
27.195000 -0.181949
27.196000 -0.184316
27.197000 -0.186118
27.198000 -0.187351
27.199000 -0.188008
27.200000 -0.188088
27.201000 -0.187590
27.202000 -0.186514
27.203000 -0.184863
27.204000 -0.182641
27.205000 -0.179853
27.206000 -0.176508
27.207000 -0.172615
27.208000 -0.168183
27.209000 -0.163227
27.210000 -0.157759
27.211000 -0.151795
27.212000 -0.145352
27.213000 -0.138448
27.214000 -0.131103
27.215000 -0.123339
27.216000 -0.115176
27.217000 -0.106640
27.218000 -0.097754
27.219000 -0.088544
27.220000 -0.079036
27.221000 -0.069258
27.222000 -0.059239
27.223000 -0.049006
27.224000 -0.038591
27.225000 -0.028022
27.226000 -0.017331
27.227000 -0.006548
27.228000 0.004295
27.229000 0.015167
27.230000 0.026037
27.231000 0.036872
27.232000 0.047642
27.233000 0.058315
27.234000 0.068861
27.235000 0.079248
27.236000 0.089447
27.237000 0.099428
27.238000 0.109163
27.239000 0.118622
27.240000 0.127780
27.241000 0.136608
27.242000 0.145083
27.243000 0.153179
27.244000 0.160873
27.245000 0.168143
27.246000 0.174969
27.247000 0.181330
27.248000 0.187208
27.249000 0.192587
27.250000 0.197452
27.251000 0.201788
27.252000 0.205584
27.253000 0.208828
27.254000 0.211513
27.255000 0.213631
27.256000 0.215176
27.257000 0.216144
27.258000 0.216534
27.259000 0.216344
27.260000 0.215576
27.261000 0.214234
27.262000 0.212321
27.263000 0.209844
27.264000 0.206811
27.265000 0.203232
27.266000 0.199119
27.267000 0.194483
27.268000 0.189340
27.269000 0.183706
27.270000 0.177598
27.271000 0.171035
27.272000 0.164037
27.273000 0.156626
27.274000 0.148824
27.275000 0.140655
27.276000 0.132145
27.277000 0.123319
27.278000 0.114204
27.279000 0.104829
27.280000 0.095221
27.281000 0.085410
27.282000 0.075425
27.283000 0.065298
27.284000 0.055059
27.285000 0.044740
27.286000 0.034370
27.287000 0.023983
27.288000 0.013610
27.289000 0.003282
27.290000 -0.006970
27.291000 -0.017113
27.292000 -0.027118
27.293000 -0.036953
27.294000 -0.046589
27.295000 -0.055997
27.296000 -0.065147
27.297000 -0.074012
27.298000 -0.082565
27.299000 -0.090779
27.300000 -0.098630
27.301000 -0.106093
27.302000 -0.113146
27.303000 -0.119766
27.304000 -0.125934
27.305000 -0.131630
27.306000 -0.136837
27.307000 -0.141539
27.308000 -0.145721
27.309000 -0.149369
27.310000 -0.152473
27.311000 -0.155022
27.312000 -0.157008
27.313000 -0.158425
27.314000 -0.159268
27.315000 -0.159533
27.316000 -0.159219
27.317000 -0.158327
27.318000 -0.156858
27.319000 -0.154817
27.320000 -0.152209
27.321000 -0.149040
27.322000 -0.145320
27.323000 -0.141059
27.324000 -0.136270
27.325000 -0.130965
27.326000 -0.125161
27.327000 -0.118874
27.328000 -0.112121
27.329000 -0.104924
27.330000 -0.097302
27.331000 -0.089278
27.332000 -0.080874
27.333000 -0.072116
27.334000 -0.063030
27.335000 -0.053641
27.336000 -0.043977
27.337000 -0.034066
27.338000 -0.023938
27.339000 -0.013622
27.340000 -0.003148
27.341000 0.007453
27.342000 0.018150
27.343000 0.028911
27.344000 0.039705
27.345000 0.050501
27.346000 0.061266
27.347000 0.071969
27.348000 0.082578
27.349000 0.093064
27.350000 0.103393
27.351000 0.113537
27.352000 0.123466
27.353000 0.133150
27.354000 0.142561
27.355000 0.151671
27.356000 0.160455
27.357000 0.168885
27.358000 0.176938
27.359000 0.184589
27.360000 0.191818
27.361000 0.198601
27.362000 0.204921
27.363000 0.210757
27.364000 0.216095
27.365000 0.220917
27.366000 0.225211
27.367000 0.228963
27.368000 0.232163
27.369000 0.234803
27.370000 0.236875
27.371000 0.238372
27.372000 0.239292
27.373000 0.239632
27.374000 0.239392
27.375000 0.238572
27.376000 0.237176
27.377000 0.235209
27.378000 0.232676
27.379000 0.229587
27.380000 0.225950
27.381000 0.221778
27.382000 0.217083
27.383000 0.211881
27.384000 0.206186
27.385000 0.200017
27.386000 0.193392
27.387000 0.186333
27.388000 0.178861
27.389000 0.170998
27.390000 0.162769
27.391000 0.154199
27.392000 0.145314
27.393000 0.136142
27.394000 0.126710
27.395000 0.117047
27.396000 0.107183
27.397000 0.097148
27.398000 0.086973
27.399000 0.076687
27.400000 0.066324
27.401000 0.055914
27.402000 0.045489
27.403000 0.035082
27.404000 0.024722
27.405000 0.014444
27.406000 0.004276
27.407000 -0.005748
27.408000 -0.015599
27.409000 -0.025248
27.410000 -0.034663
27.411000 -0.043817
27.412000 -0.052681
27.413000 -0.061229
27.414000 -0.069434
27.415000 -0.077272
27.416000 -0.084718
27.417000 -0.091749
27.418000 -0.098343
27.419000 -0.104482
27.420000 -0.110145
27.421000 -0.115315
27.422000 -0.119977
27.423000 -0.124115
27.424000 -0.127717
27.425000 -0.130772
27.426000 -0.133269
27.427000 -0.135202
27.428000 -0.136564
27.429000 -0.137350
27.430000 -0.137557
27.431000 -0.137185
27.432000 -0.136234
27.433000 -0.134707
27.434000 -0.132608
27.435000 -0.129942
27.436000 -0.126718
27.437000 -0.122944
27.438000 -0.118632
27.439000 -0.113795
27.440000 -0.108445
27.441000 -0.102600
27.442000 -0.096276
27.443000 -0.089493
27.444000 -0.082269
27.445000 -0.074626
27.446000 -0.066588
27.447000 -0.058177
27.448000 -0.049420
27.449000 -0.040341
27.450000 -0.030968
27.451000 -0.021329
27.452000 -0.011452
27.453000 -0.001367
27.454000 0.008897
27.455000 0.019308
27.456000 0.029835
27.457000 0.040448
27.458000 0.051115
27.459000 0.061803
27.460000 0.072481
27.461000 0.083117
27.462000 0.093679
27.463000 0.104137
27.464000 0.114458
27.465000 0.124611
27.466000 0.134568
27.467000 0.144297
27.468000 0.153770
27.469000 0.162959
27.470000 0.171835
27.471000 0.180374
27.472000 0.188549
27.473000 0.196336
27.474000 0.203711
27.475000 0.210654
27.476000 0.217142
27.477000 0.223158
27.478000 0.228682
27.479000 0.233699
27.480000 0.238194
27.481000 0.242154
27.482000 0.245567
27.483000 0.248422
27.484000 0.250712
27.485000 0.252430
27.486000 0.253571
27.487000 0.254132
27.488000 0.254112
27.489000 0.253510
27.490000 0.252330
27.491000 0.250574
27.492000 0.248249
27.493000 0.245361
27.494000 0.241920
27.495000 0.237936
27.496000 0.233422
27.497000 0.228392
27.498000 0.222860
27.499000 0.216845
27.500000 0.210364
27.501000 0.203438
27.502000 0.196087
27.503000 0.188334
27.504000 0.180202
27.505000 0.171718
27.506000 0.162905
27.507000 0.153793
27.508000 0.144407
27.509000 0.134777
27.510000 0.124932
27.511000 0.114902
27.512000 0.104719
27.513000 0.094412
27.514000 0.084013
27.515000 0.073554
27.516000 0.063067
27.517000 0.052583
27.518000 0.042135
27.519000 0.031755
27.520000 0.021474
27.521000 0.011323
27.522000 0.001334
27.523000 -0.008463
27.524000 -0.018039
27.525000 -0.027364
27.526000 -0.036409
27.527000 -0.045148
27.528000 -0.053553
27.529000 -0.061599
27.530000 -0.069261
27.531000 -0.076516
27.532000 -0.083341
27.533000 -0.089717
27.534000 -0.095622
27.535000 -0.101041
27.536000 -0.105954
27.537000 -0.110349
27.538000 -0.114211
27.539000 -0.117528
27.540000 -0.120290
27.541000 -0.122489
27.542000 -0.124118
27.543000 -0.125172
27.544000 -0.125647
27.545000 -0.125542
27.546000 -0.124858
27.547000 -0.123595
27.548000 -0.121758
27.549000 -0.119352
27.550000 -0.116385
27.551000 -0.112865
27.552000 -0.108803
27.553000 -0.104211
27.554000 -0.099103
27.555000 -0.093495
27.556000 -0.087403
27.557000 -0.080845
27.558000 -0.073842
27.559000 -0.066415
27.560000 -0.058586
27.561000 -0.050379
27.562000 -0.041819
27.563000 -0.032931
27.564000 -0.023743
27.565000 -0.014283
27.566000 -0.004578
27.567000 0.005341
27.568000 0.015444
27.569000 0.025701
27.570000 0.036081
27.571000 0.046551
27.572000 0.057081
27.573000 0.067639
27.574000 0.078192
27.575000 0.088708
27.576000 0.099155
27.577000 0.109503
27.578000 0.119718
27.579000 0.129771
27.580000 0.139630
27.581000 0.149266
27.582000 0.158649
27.583000 0.167752
27.584000 0.176545
27.585000 0.185003
27.586000 0.193100
27.587000 0.200811
27.588000 0.208113
27.589000 0.214983
27.590000 0.221401
27.591000 0.227347
27.592000 0.232803
27.593000 0.237752
27.594000 0.242180
27.595000 0.246072
27.596000 0.249418
27.597000 0.252206
27.598000 0.254429
27.599000 0.256079
27.600000 0.257151
27.601000 0.257643
27.602000 0.257552
27.603000 0.256879
27.604000 0.255626
27.605000 0.253797
27.606000 0.251397
27.607000 0.248434
27.608000 0.244916
27.609000 0.240855
27.610000 0.236262
27.611000 0.231151
27.612000 0.225539
27.613000 0.219441
27.614000 0.212877
27.615000 0.205867
27.616000 0.198432
27.617000 0.190594
27.618000 0.182378
27.619000 0.173808
27.620000 0.164910
27.621000 0.155712
27.622000 0.146241
27.623000 0.136527
27.624000 0.126599
27.625000 0.116486
27.626000 0.106220
27.627000 0.095833
27.628000 0.085355
27.629000 0.074818
27.630000 0.064255
27.631000 0.053698
27.632000 0.043179
27.633000 0.032729
27.634000 0.022382
27.635000 0.012167
27.636000 0.002117
27.637000 -0.007739
27.638000 -0.017370
27.639000 -0.026747
27.640000 -0.035841
27.641000 -0.044626
27.642000 -0.053073
27.643000 -0.061158
27.644000 -0.068855
27.645000 -0.076143
27.646000 -0.082997
27.647000 -0.089399
27.648000 -0.095327
27.649000 -0.100765
27.650000 -0.105695
27.651000 -0.110104
27.652000 -0.113976
27.653000 -0.117302
27.654000 -0.120071
27.655000 -0.122274
27.656000 -0.123906
27.657000 -0.124961
27.658000 -0.125436
27.659000 -0.125330
27.660000 -0.124643
27.661000 -0.123378
27.662000 -0.121539
27.663000 -0.119132
27.664000 -0.116164
27.665000 -0.112644
27.666000 -0.108584
27.667000 -0.103997
27.668000 -0.098895
27.669000 -0.093296
27.670000 -0.087216
27.671000 -0.080675
27.672000 -0.073693
27.673000 -0.066290
27.674000 -0.058491
27.675000 -0.050320
27.676000 -0.041801
27.677000 -0.032960
27.678000 -0.023826
27.679000 -0.014427
27.680000 -0.004791
27.681000 0.005052
27.682000 0.015071
27.683000 0.025236
27.684000 0.035515
27.685000 0.045876
27.686000 0.056287
27.687000 0.066716
27.688000 0.077131
27.689000 0.087500
27.690000 0.097790
27.691000 0.107970
27.692000 0.118008
27.693000 0.127874
27.694000 0.137536
27.695000 0.146965
27.696000 0.156132
27.697000 0.165008
27.698000 0.173565
27.699000 0.181778
27.700000 0.189620
27.701000 0.197068
27.702000 0.204098
27.703000 0.210688
27.704000 0.216818
27.705000 0.222468
27.706000 0.227622
27.707000 0.232263
27.708000 0.236375
27.709000 0.239948
27.710000 0.242968
27.711000 0.245427
27.712000 0.247317
27.713000 0.248631
27.714000 0.249366
27.715000 0.249518
27.716000 0.249087
27.717000 0.248073
27.718000 0.246481
27.719000 0.244313
27.720000 0.241577
27.721000 0.238281
27.722000 0.234434
27.723000 0.230048
27.724000 0.225135
27.725000 0.219712
27.726000 0.213794
27.727000 0.207398
27.728000 0.200545
27.729000 0.193254
27.730000 0.185549
27.731000 0.177451
27.732000 0.168987
27.733000 0.160181
27.734000 0.151060
27.735000 0.141652
27.736000 0.131986
27.737000 0.122090
27.738000 0.111996
27.739000 0.101732
27.740000 0.091332
27.741000 0.080825
27.742000 0.070245
27.743000 0.059624
27.744000 0.048993
27.745000 0.038385
27.746000 0.027833
27.747000 0.017367
27.748000 0.007021
27.749000 -0.003174
27.750000 -0.013188
27.751000 -0.022990
27.752000 -0.032550
27.753000 -0.041839
27.754000 -0.050829
27.755000 -0.059493
27.756000 -0.067805
27.757000 -0.075739
27.758000 -0.083271
27.759000 -0.090379
27.760000 -0.097041
27.761000 -0.103237
27.762000 -0.108948
27.763000 -0.114158
27.764000 -0.118850
27.765000 -0.123010
27.766000 -0.126627
27.767000 -0.129690
27.768000 -0.132189
27.769000 -0.134118
27.770000 -0.135470
27.771000 -0.136242
27.772000 -0.136433
27.773000 -0.136042
27.774000 -0.135070
27.775000 -0.133522
27.776000 -0.131402
27.777000 -0.128718
27.778000 -0.125478
27.779000 -0.121693
27.780000 -0.117375
27.781000 -0.112538
27.782000 -0.107197
27.783000 -0.101369
27.784000 -0.095073
27.785000 -0.088328
27.786000 -0.081157
27.787000 -0.073581
27.788000 -0.065624
27.789000 -0.057312
27.790000 -0.048670
27.791000 -0.039727
27.792000 -0.030509
27.793000 -0.021047
27.794000 -0.011369
27.795000 -0.001506
27.796000 0.008510
27.797000 0.018649
27.798000 0.028879
27.799000 0.039167
27.800000 0.049481
27.801000 0.059788
27.802000 0.070057
27.803000 0.080255
27.804000 0.090350
27.805000 0.100310
27.806000 0.110105
27.807000 0.119702
27.808000 0.129072
27.809000 0.138186
27.810000 0.147014
27.811000 0.155529
27.812000 0.163704
27.813000 0.171513
27.814000 0.178932
27.815000 0.185936
27.816000 0.192505
27.817000 0.198616
27.818000 0.204250
27.819000 0.209390
27.820000 0.214018
27.821000 0.218121
27.822000 0.221685
27.823000 0.224697
27.824000 0.227149
27.825000 0.229032
27.826000 0.230340
27.827000 0.231068
27.828000 0.231214
27.829000 0.230775
27.830000 0.229754
27.831000 0.228152
27.832000 0.225975
27.833000 0.223227
27.834000 0.219918
27.835000 0.216057
27.836000 0.211654
27.837000 0.206724
27.838000 0.201281
27.839000 0.195342
27.840000 0.188923
27.841000 0.182044
27.842000 0.174727
27.843000 0.166993
27.844000 0.158865
27.845000 0.150369
27.846000 0.141529
27.847000 0.132373
27.848000 0.122928
27.849000 0.113224
27.850000 0.103289
27.851000 0.093154
27.852000 0.082850
27.853000 0.072408
27.854000 0.061859
27.855000 0.051236
27.856000 0.040572
27.857000 0.029898
27.858000 0.019248
27.859000 0.008653
27.860000 -0.001855
27.861000 -0.012242
27.862000 -0.022478
27.863000 -0.032531
27.864000 -0.042371
27.865000 -0.051968
27.866000 -0.061293
27.867000 -0.070317
27.868000 -0.079014
27.869000 -0.087356
27.870000 -0.095319
27.871000 -0.102878
27.872000 -0.110010
27.873000 -0.116695
27.874000 -0.122911
27.875000 -0.128641
27.876000 -0.133867
27.877000 -0.138574
27.878000 -0.142747
27.879000 -0.146374
27.880000 -0.149445
27.881000 -0.151951
27.882000 -0.153885
27.883000 -0.155241
27.884000 -0.156016
27.885000 -0.156207
27.886000 -0.155816
27.887000 -0.154844
27.888000 -0.153295
27.889000 -0.151174
27.890000 -0.148488
27.891000 -0.145247
27.892000 -0.141461
27.893000 -0.137143
27.894000 -0.132307
27.895000 -0.126969
27.896000 -0.121145
27.897000 -0.114855
27.898000 -0.108119
27.899000 -0.100959
27.900000 -0.093397
27.901000 -0.085458
27.902000 -0.077167
27.903000 -0.068551
27.904000 -0.059637
27.905000 -0.050454
27.906000 -0.041031
27.907000 -0.031398
27.908000 -0.021586
27.909000 -0.011625
27.910000 -0.001549
27.911000 0.008612
27.912000 0.018825
27.913000 0.029057
27.914000 0.039276
27.915000 0.049450
27.916000 0.059545
27.917000 0.069529
27.918000 0.079372
27.919000 0.089041
27.920000 0.098506
27.921000 0.107736
27.922000 0.116702
27.923000 0.125376
27.924000 0.133729
27.925000 0.141734
27.926000 0.149367
27.927000 0.156603
27.928000 0.163418
27.929000 0.169790
27.930000 0.175699
27.931000 0.181126
27.932000 0.186053
27.933000 0.190463
27.934000 0.194343
27.935000 0.197680
27.936000 0.200463
27.937000 0.202681
27.938000 0.204328
27.939000 0.205398
27.940000 0.205886
27.941000 0.205790
27.942000 0.205111
27.943000 0.203848
27.944000 0.202007
27.945000 0.199590
27.946000 0.196607
27.947000 0.193064
27.948000 0.188973
27.949000 0.184345
27.950000 0.179194
27.951000 0.173535
27.952000 0.167386
27.953000 0.160765
27.954000 0.153692
27.955000 0.146188
27.956000 0.138277
27.957000 0.129981
27.958000 0.121326
27.959000 0.112339
27.960000 0.103047
27.961000 0.093477
27.962000 0.083661
27.963000 0.073626
27.964000 0.063405
27.965000 0.053027
27.966000 0.042526
27.967000 0.031933
27.968000 0.021280
27.969000 0.010600
27.970000 -0.000075
27.971000 -0.010711
27.972000 -0.021276
27.973000 -0.031738
27.974000 -0.042065
27.975000 -0.052225
27.976000 -0.062188
27.977000 -0.071922
27.978000 -0.081399
27.979000 -0.090588
27.980000 -0.099463
27.981000 -0.107996
27.982000 -0.116161
27.983000 -0.123934
27.984000 -0.131290
27.985000 -0.138208
27.986000 -0.144666
27.987000 -0.150646
27.988000 -0.156128
27.989000 -0.161098
27.990000 -0.165539
27.991000 -0.169439
27.992000 -0.172786
27.993000 -0.175571
27.994000 -0.177786
27.995000 -0.179424
27.996000 -0.180480
27.997000 -0.180954
27.998000 -0.180843
27.999000 -0.180149
28.000000 -0.178875
28.001000 -0.177025
28.002000 -0.174607
28.003000 -0.171628
28.004000 -0.168098
28.005000 -0.164030
28.006000 -0.159437
28.007000 -0.154334
28.008000 -0.148738
28.009000 -0.142666
28.010000 -0.136140
28.011000 -0.129180
28.012000 -0.121809
28.013000 -0.114051
28.014000 -0.105930
28.015000 -0.097473
28.016000 -0.088708
28.017000 -0.079662
28.018000 -0.070365
28.019000 -0.060847
28.020000 -0.051137
28.021000 -0.041269
28.022000 -0.031273
28.023000 -0.021181
28.024000 -0.011026
28.025000 -0.000841
28.026000 0.009342
28.027000 0.019490
28.028000 0.029571
28.029000 0.039551
28.030000 0.049399
28.031000 0.059084
28.032000 0.068573
28.033000 0.077837
28.034000 0.086845
28.035000 0.095569
28.036000 0.103980
28.037000 0.112051
28.038000 0.119756
28.039000 0.127071
28.040000 0.133970
28.041000 0.140433
28.042000 0.146437
28.043000 0.151964
28.044000 0.156994
28.045000 0.161512
28.046000 0.165503
28.047000 0.168952
28.048000 0.171850
28.049000 0.174185
28.050000 0.175950
28.051000 0.177138
28.052000 0.177746
28.053000 0.177769
28.054000 0.177208
28.055000 0.176064
28.056000 0.174339
28.057000 0.172038
28.058000 0.169167
28.059000 0.165736
28.060000 0.161753
28.061000 0.157231
28.062000 0.152183
28.063000 0.146625
28.064000 0.140573
28.065000 0.134045
28.066000 0.127062
28.067000 0.119644
28.068000 0.111814
28.069000 0.103597
28.070000 0.095017
28.071000 0.086100
28.072000 0.076875
28.073000 0.067368
28.074000 0.057610
28.075000 0.047631
28.076000 0.037461
28.077000 0.027131
28.078000 0.016674
28.079000 0.006122
28.080000 -0.004493
28.081000 -0.015139
28.082000 -0.025781
28.083000 -0.036388
28.084000 -0.046927
28.085000 -0.057365
28.086000 -0.067670
28.087000 -0.077810
28.088000 -0.087754
28.089000 -0.097472
28.090000 -0.106933
28.091000 -0.116108
28.092000 -0.124969
28.093000 -0.133489
28.094000 -0.141642
28.095000 -0.149402
28.096000 -0.156746
28.097000 -0.163652
28.098000 -0.170098
28.099000 -0.176065
28.100000 -0.181534
28.101000 -0.186490
28.102000 -0.190916
28.103000 -0.194801
28.104000 -0.198132
28.105000 -0.200899
28.106000 -0.203096
28.107000 -0.204714
28.108000 -0.205750
28.109000 -0.206202
28.110000 -0.206068
28.111000 -0.205350
28.112000 -0.204051
28.113000 -0.202176
28.114000 -0.199730
28.115000 -0.196724
28.116000 -0.193166
28.117000 -0.189069
28.118000 -0.184447
28.119000 -0.179315
28.120000 -0.173689
28.121000 -0.167589
28.122000 -0.161034
28.123000 -0.154045
28.124000 -0.146646
28.125000 -0.138861
28.126000 -0.130715
28.127000 -0.122234
28.128000 -0.113446
28.129000 -0.104379
28.130000 -0.095063
28.131000 -0.085528
28.132000 -0.075805
28.133000 -0.065926
28.134000 -0.055921
28.135000 -0.045824
28.136000 -0.035668
28.137000 -0.025484
28.138000 -0.015306
28.139000 -0.005168
28.140000 0.004899
28.141000 0.014862
28.142000 0.024688
28.143000 0.034346
28.144000 0.043805
28.145000 0.053034
28.146000 0.062002
28.147000 0.070681
28.148000 0.079043
28.149000 0.087061
28.150000 0.094708
28.151000 0.101960
28.152000 0.108793
28.153000 0.115185
28.154000 0.121114
28.155000 0.126561
28.156000 0.131509
28.157000 0.135942
28.158000 0.139843
28.159000 0.143201
28.160000 0.146004
28.161000 0.148242
28.162000 0.149908
28.163000 0.150997
28.164000 0.151502
28.165000 0.151424
28.166000 0.150760
28.167000 0.149514
28.168000 0.147687
28.169000 0.145285
28.170000 0.142316
28.171000 0.138787
28.172000 0.134710
28.173000 0.130096
28.174000 0.124961
28.175000 0.119319
28.176000 0.113188
28.177000 0.106586
28.178000 0.099534
28.179000 0.092054
28.180000 0.084169
28.181000 0.075903
28.182000 0.067282
28.183000 0.058333
28.184000 0.049084
28.185000 0.039562
28.186000 0.029799
28.187000 0.019824
28.188000 0.009668
28.189000 -0.000636
28.190000 -0.011058
28.191000 -0.021563
28.192000 -0.032121
28.193000 -0.042696
28.194000 -0.053257
28.195000 -0.063771
28.196000 -0.074204
28.197000 -0.084525
28.198000 -0.094700
28.199000 -0.104699
28.200000 -0.114489
28.201000 -0.124041
28.202000 -0.133325
28.203000 -0.142311
28.204000 -0.150972
28.205000 -0.159281
28.206000 -0.167211
28.207000 -0.174739
28.208000 -0.181841
28.209000 -0.188494
28.210000 -0.194679
28.211000 -0.200376
28.212000 -0.205567
28.213000 -0.210237
28.214000 -0.214371
28.215000 -0.217958
28.216000 -0.220985
28.217000 -0.223443
28.218000 -0.225327
28.219000 -0.226629
28.220000 -0.227347
28.221000 -0.227479
28.222000 -0.227025
28.223000 -0.225986
28.224000 -0.224368
28.225000 -0.222175
28.226000 -0.219415
28.227000 -0.216097
28.228000 -0.212233
28.229000 -0.207835
28.230000 -0.202918
28.231000 -0.197499
28.232000 -0.191594
28.233000 -0.185223
28.234000 -0.178408
28.235000 -0.171169
28.236000 -0.163532
28.237000 -0.155521
28.238000 -0.147161
28.239000 -0.138481
28.240000 -0.129508
28.241000 -0.120271
28.242000 -0.110801
28.243000 -0.101127
28.244000 -0.091283
28.245000 -0.081298
28.246000 -0.071206
28.247000 -0.061040
28.248000 -0.050832
28.249000 -0.040615
28.250000 -0.030423
28.251000 -0.020288
28.252000 -0.010244
28.253000 -0.000322
28.254000 0.009444
28.255000 0.019024
28.256000 0.028386
28.257000 0.037500
28.258000 0.046336
28.259000 0.054866
28.260000 0.063062
28.261000 0.070897
28.262000 0.078346
28.263000 0.085385
28.264000 0.091990
28.265000 0.098140
28.266000 0.103816
28.267000 0.108997
28.268000 0.113668
28.269000 0.117814
28.270000 0.121419
28.271000 0.124473
28.272000 0.126965
28.273000 0.128887
28.274000 0.130232
28.275000 0.130995
28.276000 0.131174
28.277000 0.130768
28.278000 0.129778
28.279000 0.128205
28.280000 0.126055
28.281000 0.123335
28.282000 0.120053
28.283000 0.116218
28.284000 0.111842
28.285000 0.106940
28.286000 0.101526
28.287000 0.095618
28.288000 0.089233
28.289000 0.082393
28.290000 0.075117
28.291000 0.067430
28.292000 0.059356
28.293000 0.050919
28.294000 0.042147
28.295000 0.033067
28.296000 0.023709
28.297000 0.014100
28.298000 0.004273
28.299000 -0.005743
28.300000 -0.015914
28.301000 -0.026210
28.302000 -0.036597
28.303000 -0.047043
28.304000 -0.057514
28.305000 -0.067978
28.306000 -0.078401
28.307000 -0.088750
28.308000 -0.098992
28.309000 -0.109095
28.310000 -0.119027
28.311000 -0.128756
28.312000 -0.138252
28.313000 -0.147485
28.314000 -0.156424
28.315000 -0.165042
28.316000 -0.173312
28.317000 -0.181208
28.318000 -0.188703
28.319000 -0.195776
28.320000 -0.202403
28.321000 -0.208563
28.322000 -0.214238
28.323000 -0.219408
28.324000 -0.224059
28.325000 -0.228175
28.326000 -0.231743
28.327000 -0.234753
28.328000 -0.237194
28.329000 -0.239060
28.330000 -0.240345
28.331000 -0.241045
28.332000 -0.241157
28.333000 -0.240683
28.334000 -0.239623
28.335000 -0.237982
28.336000 -0.235765
28.337000 -0.232980
28.338000 -0.229635
28.339000 -0.225741
28.340000 -0.221313
28.341000 -0.216363
28.342000 -0.210908
28.343000 -0.204967
28.344000 -0.198557
28.345000 -0.191701
28.346000 -0.184421
28.347000 -0.176739
28.348000 -0.168682
28.349000 -0.160275
28.350000 -0.151545
28.351000 -0.142521
28.352000 -0.133233
28.353000 -0.123709
28.354000 -0.113982
28.355000 -0.104082
28.356000 -0.094041
28.357000 -0.083893
28.358000 -0.073670
28.359000 -0.063405
28.360000 -0.053131
28.361000 -0.042882
28.362000 -0.032691
28.363000 -0.022590
28.364000 -0.012613
28.365000 -0.002792
28.366000 0.006842
28.367000 0.016257
28.368000 0.025423
28.369000 0.034309
28.370000 0.042888
28.371000 0.051132
28.372000 0.059013
28.373000 0.066506
28.374000 0.073587
28.375000 0.080233
28.376000 0.086422
28.377000 0.092135
28.378000 0.097352
28.379000 0.102057
28.380000 0.106234
28.381000 0.109870
28.382000 0.112953
28.383000 0.115472
28.384000 0.117420
28.385000 0.118791
28.386000 0.119578
28.387000 0.119781
28.388000 0.119398
28.389000 0.118430
28.390000 0.116880
28.391000 0.114753
28.392000 0.112056
28.393000 0.108797
28.394000 0.104987
28.395000 0.100638
28.396000 0.095763
28.397000 0.090379
28.398000 0.084502
28.399000 0.078152
28.400000 0.071349
28.401000 0.064114
28.402000 0.056472
28.403000 0.048445
28.404000 0.040061
28.405000 0.031347
28.406000 0.022329
28.407000 0.013038
28.408000 0.003502
28.409000 -0.006246
28.410000 -0.016177
28.411000 -0.026257
28.412000 -0.036454
28.413000 -0.046737
28.414000 -0.057070
28.415000 -0.067422
28.416000 -0.077759
28.417000 -0.088047
28.418000 -0.098253
28.419000 -0.108345
28.420000 -0.118290
28.421000 -0.128055
28.422000 -0.137610
28.423000 -0.146924
28.424000 -0.155966
28.425000 -0.164708
28.426000 -0.173120
28.427000 -0.181177
28.428000 -0.188852
28.429000 -0.196120
28.430000 -0.202957
28.431000 -0.209343
28.432000 -0.215256
28.433000 -0.220677
28.434000 -0.225588
28.435000 -0.229974
28.436000 -0.233821
28.437000 -0.237115
28.438000 -0.239848
28.439000 -0.242009
28.440000 -0.243591
28.441000 -0.244591
28.442000 -0.245003
28.443000 -0.244828
28.444000 -0.244065
28.445000 -0.242718
28.446000 -0.240789
28.447000 -0.238287
28.448000 -0.235218
28.449000 -0.231593
28.450000 -0.227423
28.451000 -0.222722
28.452000 -0.217506
28.453000 -0.211790
28.454000 -0.205593
28.455000 -0.198936
28.456000 -0.191840
28.457000 -0.184328
28.458000 -0.176424
28.459000 -0.168153
28.460000 -0.159543
28.461000 -0.150622
28.462000 -0.141417
28.463000 -0.131960
28.464000 -0.122280
28.465000 -0.112408
28.466000 -0.102378
28.467000 -0.092220
28.468000 -0.081969
28.469000 -0.071656
28.470000 -0.061316
28.471000 -0.050982
28.472000 -0.040687
28.473000 -0.030465
28.474000 -0.020348
28.475000 -0.010370
28.476000 -0.000562
28.477000 0.009043
28.478000 0.018415
28.479000 0.027524
28.480000 0.036339
28.481000 0.044833
28.482000 0.052978
28.483000 0.060748
28.484000 0.068117
28.485000 0.075063
28.486000 0.081561
28.487000 0.087593
28.488000 0.093137
28.489000 0.098177
28.490000 0.102696
28.491000 0.106679
28.492000 0.110114
28.493000 0.112990
28.494000 0.115297
28.495000 0.117028
28.496000 0.118179
28.497000 0.118744
28.498000 0.118723
28.499000 0.118116
28.500000 0.116924
28.501000 0.115153
28.502000 0.112807
28.503000 0.109896
28.504000 0.106427
28.505000 0.102413
28.506000 0.097867
28.507000 0.092805
28.508000 0.087241
28.509000 0.081196
28.510000 0.074689
28.511000 0.067740
28.512000 0.060373
28.513000 0.052613
28.514000 0.044484
28.515000 0.036012
28.516000 0.027227
28.517000 0.018157
28.518000 0.008830
28.519000 -0.000721
28.520000 -0.010466
28.521000 -0.020373
28.522000 -0.030410
28.523000 -0.040543
28.524000 -0.050739
28.525000 -0.060966
28.526000 -0.071189
28.527000 -0.081375
28.528000 -0.091490
28.529000 -0.101502
28.530000 -0.111378
28.531000 -0.121084
28.532000 -0.130590
28.533000 -0.139865
28.534000 -0.148877
28.535000 -0.157597
28.536000 -0.165996
28.537000 -0.174048
28.538000 -0.181725
28.539000 -0.189002
28.540000 -0.195855
28.541000 -0.202262
28.542000 -0.208201
28.543000 -0.213653
28.544000 -0.218600
28.545000 -0.223025
28.546000 -0.226914
28.547000 -0.230253
28.548000 -0.233033
28.549000 -0.235242
28.550000 -0.236874
28.551000 -0.237924
28.552000 -0.238386
28.553000 -0.238261
28.554000 -0.237547
28.555000 -0.236247
28.556000 -0.234364
28.557000 -0.231905
28.558000 -0.228878
28.559000 -0.225291
28.560000 -0.221156
28.561000 -0.216487
28.562000 -0.211298
28.563000 -0.205605
28.564000 -0.199428
28.565000 -0.192786
28.566000 -0.185700
28.567000 -0.178193
28.568000 -0.170290
28.569000 -0.162015
28.570000 -0.153395
28.571000 -0.144459
28.572000 -0.135234
28.573000 -0.125752
28.574000 -0.116041
28.575000 -0.106134
28.576000 -0.096063
28.577000 -0.085860
28.578000 -0.075559
28.579000 -0.065191
28.580000 -0.054792
28.581000 -0.044394
28.582000 -0.034031
28.583000 -0.023736
28.584000 -0.013544
28.585000 -0.003486
28.586000 0.006405
28.587000 0.016096
28.588000 0.025557
28.589000 0.034758
28.590000 0.043667
28.591000 0.052258
28.592000 0.060501
28.593000 0.068371
28.594000 0.075842
28.595000 0.082890
28.596000 0.089493
28.597000 0.095629
28.598000 0.101279
28.599000 0.106424
28.600000 0.111049
28.601000 0.115139
28.602000 0.118680
28.603000 0.121661
28.604000 0.124074
28.605000 0.125910
28.606000 0.127164
28.607000 0.127833
28.608000 0.127915
28.609000 0.127410
28.610000 0.126319
28.611000 0.124648
28.612000 0.122402
28.613000 0.119588
28.614000 0.116217
28.615000 0.112300
28.616000 0.107850
28.617000 0.102883
28.618000 0.097414
28.619000 0.091463
28.620000 0.085050
28.621000 0.078195
28.622000 0.070922
28.623000 0.063255
28.624000 0.055219
28.625000 0.046843
28.626000 0.038152
28.627000 0.029177
28.628000 0.019948
28.629000 0.010494
28.630000 0.000848
28.631000 -0.008958
28.632000 -0.018893
28.633000 -0.028922
28.634000 -0.039012
28.635000 -0.049130
28.636000 -0.059242
28.637000 -0.069314
28.638000 -0.079314
28.639000 -0.089206
28.640000 -0.098960
28.641000 -0.108541
28.642000 -0.117919
28.643000 -0.127062
28.644000 -0.135939
28.645000 -0.144521
28.646000 -0.152778
28.647000 -0.160685
28.648000 -0.168213
28.649000 -0.175338
28.650000 -0.182036
28.651000 -0.188284
28.652000 -0.194062
28.653000 -0.199349
28.654000 -0.204128
28.655000 -0.208383
28.656000 -0.212099
28.657000 -0.215264
28.658000 -0.217866
28.659000 -0.219897
28.660000 -0.221349
28.661000 -0.222217
28.662000 -0.222497
28.663000 -0.222188
28.664000 -0.221291
28.665000 -0.219808
28.666000 -0.217743
28.667000 -0.215103
28.668000 -0.211895
28.669000 -0.208130
28.670000 -0.203819
28.671000 -0.198977
28.672000 -0.193617
28.673000 -0.187758
28.674000 -0.181418
28.675000 -0.174618
28.676000 -0.167378
28.677000 -0.159724
28.678000 -0.151678
28.679000 -0.143267
28.680000 -0.134517
28.681000 -0.125459
28.682000 -0.116119
28.683000 -0.106529
28.684000 -0.096719
28.685000 -0.086722
28.686000 -0.076569
28.687000 -0.066293
28.688000 -0.055928
28.689000 -0.045507
28.690000 -0.035063
28.691000 -0.024631
28.692000 -0.014244
28.693000 -0.003936
28.694000 0.006260
28.695000 0.016311
28.696000 0.026185
28.697000 0.035849
28.698000 0.045273
28.699000 0.054425
28.700000 0.063277
28.701000 0.071800
28.702000 0.079966
28.703000 0.087750
28.704000 0.095126
28.705000 0.102070
28.706000 0.108561
28.707000 0.114577
28.708000 0.120099
28.709000 0.125111
28.710000 0.129595
28.711000 0.133538
28.712000 0.136927
28.713000 0.139753
28.714000 0.142006
28.715000 0.143679
28.716000 0.144767
28.717000 0.145269
28.718000 0.145182
28.719000 0.144508
28.720000 0.143249
28.721000 0.141411
28.722000 0.139000
28.723000 0.136024
28.724000 0.132495
28.725000 0.128424
28.726000 0.123826
28.727000 0.118716
28.728000 0.113112
28.729000 0.107033
28.730000 0.100500
28.731000 0.093535
28.732000 0.086162
28.733000 0.078405
28.734000 0.070292
28.735000 0.061849
28.736000 0.053106
28.737000 0.044090
28.738000 0.034834
28.739000 0.025369
28.740000 0.015725
28.741000 0.005937
28.742000 -0.003964
28.743000 -0.013944
28.744000 -0.023968
28.745000 -0.034004
28.746000 -0.044018
28.747000 -0.053975
28.748000 -0.063843
28.749000 -0.073587
28.750000 -0.083175
28.751000 -0.092575
28.752000 -0.101754
28.753000 -0.110682
28.754000 -0.119329
28.755000 -0.127665
28.756000 -0.135662
28.757000 -0.143293
28.758000 -0.150532
28.759000 -0.157354
28.760000 -0.163737
28.761000 -0.169657
28.762000 -0.175096
28.763000 -0.180034
28.764000 -0.184454
28.765000 -0.188340
28.766000 -0.191681
28.767000 -0.194463
28.768000 -0.196676
28.769000 -0.198314
28.770000 -0.199368
28.771000 -0.199837
28.772000 -0.199716
28.773000 -0.199006
28.774000 -0.197709
28.775000 -0.195827
28.776000 -0.193367
28.777000 -0.190337
28.778000 -0.186744
28.779000 -0.182601
28.780000 -0.177920
28.781000 -0.172717
28.782000 -0.167008
28.783000 -0.160810
28.784000 -0.154144
28.785000 -0.147032
28.786000 -0.139495
28.787000 -0.131559
28.788000 -0.123249
28.789000 -0.114591
28.790000 -0.105614
28.791000 -0.096347
28.792000 -0.086819
28.793000 -0.077062
28.794000 -0.067107
28.795000 -0.056987
28.796000 -0.046733
28.797000 -0.036380
28.798000 -0.025962
28.799000 -0.015511
28.800000 -0.005062
28.801000 0.005352
28.802000 0.015696
28.803000 0.025936
28.804000 0.036041
28.805000 0.045976
28.806000 0.055710
28.807000 0.065211
28.808000 0.074448
28.809000 0.083391
28.810000 0.092013
28.811000 0.100283
28.812000 0.108177
28.813000 0.115668
28.814000 0.122733
28.815000 0.129348
28.816000 0.135493
28.817000 0.141147
28.818000 0.146293
28.819000 0.150915
28.820000 0.154997
28.821000 0.158528
28.822000 0.161495
28.823000 0.163891
28.824000 0.165707
28.825000 0.166939
28.826000 0.167583
28.827000 0.167638
28.828000 0.167104
28.829000 0.165984
28.830000 0.164283
28.831000 0.162006
28.832000 0.159163
28.833000 0.155763
28.834000 0.151818
28.835000 0.147342
28.836000 0.142352
28.837000 0.136864
28.838000 0.130897
28.839000 0.124472
28.840000 0.117611
28.841000 0.110338
28.842000 0.102678
28.843000 0.094656
28.844000 0.086301
28.845000 0.077640
28.846000 0.068704
28.847000 0.059523
28.848000 0.050128
28.849000 0.040551
28.850000 0.030825
28.851000 0.020983
28.852000 0.011059
28.853000 0.001086
28.854000 -0.008901
28.855000 -0.018869
28.856000 -0.028784
28.857000 -0.038612
28.858000 -0.048320
28.859000 -0.057874
28.860000 -0.067241
28.861000 -0.076391
28.862000 -0.085291
28.863000 -0.093911
28.864000 -0.102222
28.865000 -0.110196
28.866000 -0.117804
28.867000 -0.125021
28.868000 -0.131823
28.869000 -0.138185
28.870000 -0.144086
28.871000 -0.149505
28.872000 -0.154423
28.873000 -0.158824
28.874000 -0.162692
28.875000 -0.166013
28.876000 -0.168776
28.877000 -0.170970
28.878000 -0.172587
28.879000 -0.173622
28.880000 -0.174069
28.881000 -0.173928
28.882000 -0.173197
28.883000 -0.171878
28.884000 -0.169975
28.885000 -0.167494
28.886000 -0.164442
28.887000 -0.160828
28.888000 -0.156664
28.889000 -0.151963
28.890000 -0.146739
28.891000 -0.141011
28.892000 -0.134795
28.893000 -0.128112
28.894000 -0.120983
28.895000 -0.113432
28.896000 -0.105483
28.897000 -0.097162
28.898000 -0.088495
28.899000 -0.079512
28.900000 -0.070240
28.901000 -0.060711
28.902000 -0.050956
28.903000 -0.041006
28.904000 -0.030894
28.905000 -0.020653
28.906000 -0.010316
28.907000 0.000083
28.908000 0.010509
28.909000 0.020930
28.910000 0.031310
28.911000 0.041616
28.912000 0.051814
28.913000 0.061870
28.914000 0.071753
28.915000 0.081429
28.916000 0.090867
28.917000 0.100036
28.918000 0.108907
28.919000 0.117450
28.920000 0.125637
28.921000 0.133443
28.922000 0.140840
28.923000 0.147807
28.924000 0.154319
28.925000 0.160357
28.926000 0.165900
28.927000 0.170931
28.928000 0.175433
28.929000 0.179393
28.930000 0.182797
28.931000 0.185636
28.932000 0.187900
28.933000 0.189583
28.934000 0.190679
28.935000 0.191186
28.936000 0.191103
28.937000 0.190431
28.938000 0.189173
28.939000 0.187333
28.940000 0.184920
28.941000 0.181940
28.942000 0.178406
28.943000 0.174330
28.944000 0.169726
28.945000 0.164611
28.946000 0.159001
28.947000 0.152918
28.948000 0.146381
28.949000 0.139414
28.950000 0.132040
28.951000 0.124286
28.952000 0.116177
28.953000 0.107742
28.954000 0.099010
28.955000 0.090010
28.956000 0.080774
28.957000 0.071333
28.958000 0.061720
28.959000 0.051968
28.960000 0.042109
28.961000 0.032178
28.962000 0.022209
28.963000 0.012236
28.964000 0.002293
28.965000 -0.007585
28.966000 -0.017366
28.967000 -0.027015
28.968000 -0.036500
28.969000 -0.045787
28.970000 -0.054845
28.971000 -0.063643
28.972000 -0.072151
28.973000 -0.080339
28.974000 -0.088180
28.975000 -0.095645
28.976000 -0.102710
28.977000 -0.109350
28.978000 -0.115542
28.979000 -0.121265
28.980000 -0.126498
28.981000 -0.131224
28.982000 -0.135425
28.983000 -0.139088
28.984000 -0.142198
28.985000 -0.144746
28.986000 -0.146721
28.987000 -0.148117
28.988000 -0.148927
28.989000 -0.149150
28.990000 -0.148782
28.991000 -0.147825
28.992000 -0.146282
28.993000 -0.144156
28.994000 -0.141455
28.995000 -0.138186
28.996000 -0.134361
28.997000 -0.129991
28.998000 -0.125090
28.999000 -0.119674
29.000000 -0.113760
29.001000 -0.107369
29.002000 -0.100520
29.003000 -0.093237
29.004000 -0.085542
29.005000 -0.077462
29.006000 -0.069022
29.007000 -0.060250
29.008000 -0.051176
29.009000 -0.041829
29.010000 -0.032240
29.011000 -0.022441
29.012000 -0.012463
29.013000 -0.002340
29.014000 0.007894
29.015000 0.018206
29.016000 0.028563
29.017000 0.038928
29.018000 0.049270
29.019000 0.059552
29.020000 0.069742
29.021000 0.079805
29.022000 0.089708
29.023000 0.099419
29.024000 0.108906
29.025000 0.118137
29.026000 0.127081
29.027000 0.135710
29.028000 0.143995
29.029000 0.151908
29.030000 0.159423
29.031000 0.166517
29.032000 0.173164
29.033000 0.179345
29.034000 0.185038
29.035000 0.190225
29.036000 0.194889
29.037000 0.199015
29.038000 0.202590
29.039000 0.205602
29.040000 0.208042
29.041000 0.209902
29.042000 0.211177
29.043000 0.211862
29.044000 0.211956
29.045000 0.211460
29.046000 0.210375
29.047000 0.208707
29.048000 0.206460
29.049000 0.203644
29.050000 0.200268
29.051000 0.196345
29.052000 0.191888
29.053000 0.186913
29.054000 0.181437
29.055000 0.175479
29.056000 0.169061
29.057000 0.162204
29.058000 0.154932
29.059000 0.147270
29.060000 0.139245
29.061000 0.130884
29.062000 0.122216
29.063000 0.113272
29.064000 0.104081
29.065000 0.094675
29.066000 0.085087
29.067000 0.075350
29.068000 0.065497
29.069000 0.055562
29.070000 0.045579
29.071000 0.035583
29.072000 0.025607
29.073000 0.015686
29.074000 0.005854
29.075000 -0.003855
29.076000 -0.013408
29.077000 -0.022771
29.078000 -0.031914
29.079000 -0.040804
29.080000 -0.049410
29.081000 -0.057704
29.082000 -0.065656
29.083000 -0.073240
29.084000 -0.080428
29.085000 -0.087197
29.086000 -0.093522
29.087000 -0.099382
29.088000 -0.104756
29.089000 -0.109626
29.090000 -0.113975
29.091000 -0.117788
29.092000 -0.121050
29.093000 -0.123752
29.094000 -0.125882
29.095000 -0.127434
29.096000 -0.128401
29.097000 -0.128780
29.098000 -0.128569
29.099000 -0.127768
29.100000 -0.126379
29.101000 -0.124408
29.102000 -0.121859
29.103000 -0.118741
29.104000 -0.115064
29.105000 -0.110840
29.106000 -0.106084
29.107000 -0.100810
29.108000 -0.095035
29.109000 -0.088780
29.110000 -0.082065
29.111000 -0.074912
29.112000 -0.067345
29.113000 -0.059388
29.114000 -0.051070
29.115000 -0.042416
29.116000 -0.033457
29.117000 -0.024222
29.118000 -0.014742
29.119000 -0.005048
29.120000 0.004826
29.121000 0.014848
29.122000 0.024985
29.123000 0.035202
29.124000 0.045465
29.125000 0.055740
29.126000 0.065992
29.127000 0.076188
29.128000 0.086292
29.129000 0.096271
29.130000 0.106092
29.131000 0.115722
29.132000 0.125128
29.133000 0.134280
29.134000 0.143145
29.135000 0.151695
29.136000 0.159902
29.137000 0.167736
29.138000 0.175174
29.139000 0.182189
29.140000 0.188758
29.141000 0.194859
29.142000 0.200472
29.143000 0.205579
29.144000 0.210162
29.145000 0.214206
29.146000 0.217699
29.147000 0.220627
29.148000 0.222983
29.149000 0.224757
29.150000 0.225946
29.151000 0.226544
29.152000 0.226550
29.153000 0.225965
29.154000 0.224792
29.155000 0.223033
29.156000 0.220697
29.157000 0.217790
29.158000 0.214324
29.159000 0.210310
29.160000 0.205762
29.161000 0.200697
29.162000 0.195132
29.163000 0.189086
29.164000 0.182580
29.165000 0.175636
29.166000 0.168279
29.167000 0.160534
29.168000 0.152428
29.169000 0.143988
29.170000 0.135243
29.171000 0.126224
29.172000 0.116962
29.173000 0.107488
29.174000 0.097835
29.175000 0.088036
29.176000 0.078126
29.177000 0.068137
29.178000 0.058104
29.179000 0.048062
29.180000 0.038045
29.181000 0.028088
29.182000 0.018225
29.183000 0.008489
29.184000 -0.001086
29.185000 -0.010466
29.186000 -0.019621
29.187000 -0.028517
29.188000 -0.037126
29.189000 -0.045416
29.190000 -0.053361
29.191000 -0.060931
29.192000 -0.068102
29.193000 -0.074848
29.194000 -0.081146
29.195000 -0.086975
29.196000 -0.092314
29.197000 -0.097146
29.198000 -0.101452
29.199000 -0.105219
29.200000 -0.108433
29.201000 -0.111084
29.202000 -0.113161
29.203000 -0.114657
29.204000 -0.115568
29.205000 -0.115889
29.206000 -0.115620
29.207000 -0.114761
29.208000 -0.113315
29.209000 -0.111286
29.210000 -0.108682
29.211000 -0.105511
29.212000 -0.101783
29.213000 -0.097512
29.214000 -0.092711
29.215000 -0.087397
29.216000 -0.081587
29.217000 -0.075301
29.218000 -0.068561
29.219000 -0.061390
29.220000 -0.053811
29.221000 -0.045850
29.222000 -0.037534
29.223000 -0.028893
29.224000 -0.019953
29.225000 -0.010748
29.226000 -0.001306
29.227000 0.008339
29.228000 0.018154
29.229000 0.028107
29.230000 0.038164
29.231000 0.048290
29.232000 0.058450
29.233000 0.068611
29.234000 0.078738
29.235000 0.088796
29.236000 0.098751
29.237000 0.108569
29.238000 0.118217
29.239000 0.127662
29.240000 0.136872
29.241000 0.145816
29.242000 0.154462
29.243000 0.162782
29.244000 0.170747
29.245000 0.178331
29.246000 0.185507
29.247000 0.192251
29.248000 0.198539
29.249000 0.204352
29.250000 0.209668
29.251000 0.214471
29.252000 0.218742
29.253000 0.222469
29.254000 0.225638
29.255000 0.228239
29.256000 0.230263
29.257000 0.231702
29.258000 0.232553
29.259000 0.232812
29.260000 0.232479
29.261000 0.231554
29.262000 0.230042
29.263000 0.227947
29.264000 0.225276
29.265000 0.222040
29.266000 0.218248
29.267000 0.213915
29.268000 0.209054
29.269000 0.203683
29.270000 0.197820
29.271000 0.191486
29.272000 0.184701
29.273000 0.177490
29.274000 0.169877
29.275000 0.161888
29.276000 0.153551
29.277000 0.144894
29.278000 0.135948
29.279000 0.126742
29.280000 0.117308
29.281000 0.107679
29.282000 0.097888
29.283000 0.087968
29.284000 0.077953
29.285000 0.067878
29.286000 0.057777
29.287000 0.047685
29.288000 0.037637
29.289000 0.027667
29.290000 0.017809
29.291000 0.008097
29.292000 -0.001436
29.293000 -0.010757
29.294000 -0.019833
29.295000 -0.028635
29.296000 -0.037131
29.297000 -0.045293
29.298000 -0.053092
29.299000 -0.060502
29.300000 -0.067498
29.301000 -0.074055
29.302000 -0.080151
29.303000 -0.085765
29.304000 -0.090878
29.305000 -0.095473
29.306000 -0.099533
29.307000 -0.103045
29.308000 -0.105996
29.309000 -0.108378
29.310000 -0.110180
29.311000 -0.111399
29.312000 -0.112028
29.313000 -0.112067
29.314000 -0.111515
29.315000 -0.110374
29.316000 -0.108648
29.317000 -0.106344
29.318000 -0.103469
29.319000 -0.100032
29.320000 -0.096047
29.321000 -0.091527
29.322000 -0.086487
29.323000 -0.080945
29.324000 -0.074920
29.325000 -0.068434
29.326000 -0.061507
29.327000 -0.054165
29.328000 -0.046432
29.329000 -0.038336
29.330000 -0.029904
29.331000 -0.021165
29.332000 -0.012150
29.333000 -0.002889
29.334000 0.006584
29.335000 0.016238
29.336000 0.026040
29.337000 0.035954
29.338000 0.045948
29.339000 0.055986
29.340000 0.066035
29.341000 0.076058
29.342000 0.086022
29.343000 0.095891
29.344000 0.105633
29.345000 0.115213
29.346000 0.124598
29.347000 0.133755
29.348000 0.142654
29.349000 0.151262
29.350000 0.159551
29.351000 0.167491
29.352000 0.175055
29.353000 0.182217
29.354000 0.188953
29.355000 0.195237
29.356000 0.201050
29.357000 0.206370
29.358000 0.211179
29.359000 0.215460
29.360000 0.219199
29.361000 0.222382
29.362000 0.224997
29.363000 0.227037
29.364000 0.228494
29.365000 0.229362
29.366000 0.229638
29.367000 0.229321
29.368000 0.228413
29.369000 0.226915
29.370000 0.224833
29.371000 0.222174
29.372000 0.218946
29.373000 0.215162
29.374000 0.210833
29.375000 0.205974
29.376000 0.200602
29.377000 0.194735
29.378000 0.188393
29.379000 0.181598
29.380000 0.174372
29.381000 0.166742
29.382000 0.158732
29.383000 0.150370
29.384000 0.141685
29.385000 0.132707
29.386000 0.123466
29.387000 0.113993
29.388000 0.104322
29.389000 0.094486
29.390000 0.084517
29.391000 0.074451
29.392000 0.064322
29.393000 0.054164
29.394000 0.044012
29.395000 0.033902
29.396000 0.023867
29.397000 0.013943
29.398000 0.004162
29.399000 -0.005441
29.400000 -0.014833
29.401000 -0.023983
29.402000 -0.032859
29.403000 -0.041430
29.404000 -0.049668
29.405000 -0.057544
29.406000 -0.065031
29.407000 -0.072104
29.408000 -0.078739
29.409000 -0.084912
29.410000 -0.090604
29.411000 -0.095794
29.412000 -0.100465
29.413000 -0.104602
29.414000 -0.108189
29.415000 -0.111216
29.416000 -0.113672
29.417000 -0.115549
29.418000 -0.116841
29.419000 -0.117543
29.420000 -0.117654
29.421000 -0.117173
29.422000 -0.116103
29.423000 -0.114448
29.424000 -0.112213
29.425000 -0.109408
29.426000 -0.106041
29.427000 -0.102126
29.428000 -0.097675
29.429000 -0.092705
29.430000 -0.087234
29.431000 -0.081280
29.432000 -0.074865
29.433000 -0.068012
29.434000 -0.060744
29.435000 -0.053086
29.436000 -0.045067
29.437000 -0.036714
29.438000 -0.028057
29.439000 -0.019125
29.440000 -0.009951
29.441000 -0.000566
29.442000 0.008996
29.443000 0.018703
29.444000 0.028519
29.445000 0.038411
29.446000 0.048344
29.447000 0.058283
29.448000 0.068193
29.449000 0.078039
29.450000 0.087786
29.451000 0.097402
29.452000 0.106851
29.453000 0.116100
29.454000 0.125118
29.455000 0.133872
29.456000 0.142331
29.457000 0.150466
29.458000 0.158248
29.459000 0.165649
29.460000 0.172644
29.461000 0.179208
29.462000 0.185317
29.463000 0.190950
29.464000 0.196087
29.465000 0.200710
29.466000 0.204801
29.467000 0.208347
29.468000 0.211335
29.469000 0.213753
29.470000 0.215594
29.471000 0.216849
29.472000 0.217515
29.473000 0.217588
29.474000 0.217068
29.475000 0.215956
29.476000 0.214256
29.477000 0.211972
29.478000 0.209113
29.479000 0.205688
29.480000 0.201708
29.481000 0.197186
29.482000 0.192139
29.483000 0.186582
29.484000 0.180535
29.485000 0.174018
29.486000 0.167054
29.487000 0.159665
29.488000 0.151878
29.489000 0.143719
29.490000 0.135215
29.491000 0.126397
29.492000 0.117293
29.493000 0.107935
29.494000 0.098355
29.495000 0.088586
29.496000 0.078662
29.497000 0.068616
29.498000 0.058482
29.499000 0.048297
29.500000 0.038093
29.501000 0.027907
29.502000 0.017774
29.503000 0.007727
29.504000 -0.002198
29.505000 -0.011968
29.506000 -0.021549
29.507000 -0.030908
29.508000 -0.040014
29.509000 -0.048834
29.510000 -0.057340
29.511000 -0.065501
29.512000 -0.073291
29.513000 -0.080682
29.514000 -0.087649
29.515000 -0.094170
29.516000 -0.100220
29.517000 -0.105781
29.518000 -0.110832
29.519000 -0.115358
29.520000 -0.119343
29.521000 -0.122774
29.522000 -0.125639
29.523000 -0.127929
29.524000 -0.129636
29.525000 -0.130756
29.526000 -0.131284
29.527000 -0.131220
29.528000 -0.130565
29.529000 -0.129321
29.530000 -0.127493
29.531000 -0.125089
29.532000 -0.122117
29.533000 -0.118588
29.534000 -0.114515
29.535000 -0.109913
29.536000 -0.104799
29.537000 -0.099191
29.538000 -0.093109
29.539000 -0.086575
29.540000 -0.079613
29.541000 -0.072247
29.542000 -0.064504
29.543000 -0.056412
29.544000 -0.047998
29.545000 -0.039294
29.546000 -0.030330
29.547000 -0.021139
29.548000 -0.011752
29.549000 -0.002204
29.550000 0.007472
29.551000 0.017242
29.552000 0.027070
29.553000 0.036922
29.554000 0.046762
29.555000 0.056556
29.556000 0.066268
29.557000 0.075865
29.558000 0.085312
29.559000 0.094575
29.560000 0.103621
29.561000 0.112419
29.562000 0.120936
29.563000 0.129143
29.564000 0.137009
29.565000 0.144508
29.566000 0.151612
29.567000 0.158295
29.568000 0.164533
29.569000 0.170305
29.570000 0.175589
29.571000 0.180366
29.572000 0.184619
29.573000 0.188332
29.574000 0.191491
29.575000 0.194086
29.576000 0.196106
29.577000 0.197543
29.578000 0.198392
29.579000 0.198649
29.580000 0.198313
29.581000 0.197383
29.582000 0.195864
29.583000 0.193758
29.584000 0.191074
29.585000 0.187820
29.586000 0.184006
29.587000 0.179645
29.588000 0.174752
29.589000 0.169343
29.590000 0.163436
29.591000 0.157052
29.592000 0.150213
29.593000 0.142940
29.594000 0.135260
29.595000 0.127198
29.596000 0.118782
29.597000 0.110041
29.598000 0.101005
29.599000 0.091704
29.600000 0.082171
29.601000 0.072438
29.602000 0.062538
29.603000 0.052506
29.604000 0.042377
29.605000 0.032184
29.606000 0.021963
29.607000 0.011749
29.608000 0.001577
29.609000 -0.008517
29.610000 -0.018500
29.611000 -0.028337
29.612000 -0.037994
29.613000 -0.047439
29.614000 -0.056637
29.615000 -0.065559
29.616000 -0.074174
29.617000 -0.082451
29.618000 -0.090364
29.619000 -0.097884
29.620000 -0.104986
29.621000 -0.111646
29.622000 -0.117841
29.623000 -0.123550
29.624000 -0.128754
29.625000 -0.133436
29.626000 -0.137580
29.627000 -0.141171
29.628000 -0.144198
29.629000 -0.146652
29.630000 -0.148523
29.631000 -0.149807
29.632000 -0.150500
29.633000 -0.150600
29.634000 -0.150107
29.635000 -0.149024
29.636000 -0.147355
29.637000 -0.145108
29.638000 -0.142290
29.639000 -0.138912
29.640000 -0.134987
29.641000 -0.130530
29.642000 -0.125556
29.643000 -0.120085
29.644000 -0.114135
29.645000 -0.107729
29.646000 -0.100890
29.647000 -0.093643
29.648000 -0.086014
29.649000 -0.078030
29.650000 -0.069721
29.651000 -0.061116
29.652000 -0.052246
29.653000 -0.043143
29.654000 -0.033841
29.655000 -0.024372
29.656000 -0.014770
29.657000 -0.005070
29.658000 0.004692
29.659000 0.014483
29.660000 0.024267
29.661000 0.034008
29.662000 0.043672
29.663000 0.053224
29.664000 0.062630
29.665000 0.071855
29.666000 0.080867
29.667000 0.089633
29.668000 0.098121
29.669000 0.106301
29.670000 0.114143
29.671000 0.121620
29.672000 0.128703
29.673000 0.135367
29.674000 0.141588
29.675000 0.147344
29.676000 0.152612
29.677000 0.157375
29.678000 0.161614
29.679000 0.165314
29.680000 0.168461
29.681000 0.171044
29.682000 0.173051
29.683000 0.174476
29.684000 0.175313
29.685000 0.175558
29.686000 0.175209
29.687000 0.174267
29.688000 0.172735
29.689000 0.170616
29.690000 0.167919
29.691000 0.164651
29.692000 0.160823
29.693000 0.156449
29.694000 0.151542
29.695000 0.146120
29.696000 0.140200
29.697000 0.133803
29.698000 0.126951
29.699000 0.119666
29.700000 0.111975
29.701000 0.103903
29.702000 0.095478
29.703000 0.086729
29.704000 0.077686
29.705000 0.068380
29.706000 0.058844
29.707000 0.049109
29.708000 0.039211
29.709000 0.029183
29.710000 0.019059
29.711000 0.008874
29.712000 -0.001335
29.713000 -0.011535
29.714000 -0.021689
29.715000 -0.031763
29.716000 -0.041722
29.717000 -0.051531
29.718000 -0.061157
29.719000 -0.070566
29.720000 -0.079726
29.721000 -0.088605
29.722000 -0.097173
29.723000 -0.105401
29.724000 -0.113259
29.725000 -0.120721
29.726000 -0.127762
29.727000 -0.134357
29.728000 -0.140484
29.729000 -0.146121
29.730000 -0.151250
29.731000 -0.155854
29.732000 -0.159916
29.733000 -0.163424
29.734000 -0.166365
29.735000 -0.168731
29.736000 -0.170513
29.737000 -0.171705
29.738000 -0.172305
29.739000 -0.172312
29.740000 -0.171725
29.741000 -0.170548
29.742000 -0.168785
29.743000 -0.166444
29.744000 -0.163534
29.745000 -0.160066
29.746000 -0.156052
29.747000 -0.151509
29.748000 -0.146452
29.749000 -0.140900
29.750000 -0.134874
29.751000 -0.128396
29.752000 -0.121489
29.753000 -0.114179
29.754000 -0.106492
29.755000 -0.098457
29.756000 -0.090103
29.757000 -0.081459
29.758000 -0.072557
29.759000 -0.063430
29.760000 -0.054111
29.761000 -0.044633
29.762000 -0.035031
29.763000 -0.025339
29.764000 -0.015593
29.765000 -0.005827
29.766000 0.003922
29.767000 0.013619
29.768000 0.023230
29.769000 0.032720
29.770000 0.042054
29.771000 0.051198
29.772000 0.060120
29.773000 0.068786
29.774000 0.077166
29.775000 0.085229
29.776000 0.092945
29.777000 0.100287
29.778000 0.107228
29.779000 0.113742
29.780000 0.119806
29.781000 0.125397
29.782000 0.130495
29.783000 0.135081
29.784000 0.139138
29.785000 0.142651
29.786000 0.145607
29.787000 0.147994
29.788000 0.149803
29.789000 0.151027
29.790000 0.151662
29.791000 0.151703
29.792000 0.151151
29.793000 0.150006
29.794000 0.148272
29.795000 0.145954
29.796000 0.143060
29.797000 0.139599
29.798000 0.135583
29.799000 0.131026
29.800000 0.125942
29.801000 0.120349
29.802000 0.114267
29.803000 0.107716
29.804000 0.100719
29.805000 0.093299
29.806000 0.085483
29.807000 0.077298
29.808000 0.068772
29.809000 0.059934
29.810000 0.050816
29.811000 0.041448
29.812000 0.031864
29.813000 0.022096
29.814000 0.012180
29.815000 0.002149
29.816000 -0.007962
29.817000 -0.018117
29.818000 -0.028282
29.819000 -0.038420
29.820000 -0.048496
29.821000 -0.058475
29.822000 -0.068323
29.823000 -0.078005
29.824000 -0.087487
29.825000 -0.096737
29.826000 -0.105722
29.827000 -0.114411
29.828000 -0.122773
29.829000 -0.130780
29.830000 -0.138404
29.831000 -0.145619
29.832000 -0.152398
29.833000 -0.158720
29.834000 -0.164563
29.835000 -0.169905
29.836000 -0.174729
29.837000 -0.179019
29.838000 -0.182759
29.839000 -0.185938
29.840000 -0.188544
29.841000 -0.190570
29.842000 -0.192007
29.843000 -0.192853
29.844000 -0.193105
29.845000 -0.192762
29.846000 -0.191826
29.847000 -0.190302
29.848000 -0.188195
29.849000 -0.185515
29.850000 -0.182270
29.851000 -0.178473
29.852000 -0.174139
29.853000 -0.169284
29.854000 -0.163925
29.855000 -0.158082
29.856000 -0.151778
29.857000 -0.145034
29.858000 -0.137876
29.859000 -0.130329
29.860000 -0.122423
29.861000 -0.114184
29.862000 -0.105644
29.863000 -0.096833
29.864000 -0.087784
29.865000 -0.078529
29.866000 -0.069103
29.867000 -0.059538
29.868000 -0.049871
29.869000 -0.040136
29.870000 -0.030369
29.871000 -0.020605
29.872000 -0.010879
29.873000 -0.001228
29.874000 0.008315
29.875000 0.017713
29.876000 0.026934
29.877000 0.035944
29.878000 0.044709
29.879000 0.053198
29.880000 0.061380
29.881000 0.069225
29.882000 0.076705
29.883000 0.083792
29.884000 0.090460
29.885000 0.096684
29.886000 0.102443
29.887000 0.107715
29.888000 0.112480
29.889000 0.116721
29.890000 0.120421
29.891000 0.123568
29.892000 0.126149
29.893000 0.128155
29.894000 0.129578
29.895000 0.130411
29.896000 0.130652
29.897000 0.130299
29.898000 0.129353
29.899000 0.127817
29.900000 0.125695
29.901000 0.122994
29.902000 0.119724
29.903000 0.115895
29.904000 0.111522
29.905000 0.106618
29.906000 0.101201
29.907000 0.095289
29.908000 0.088904
29.909000 0.082067
29.910000 0.074802
29.911000 0.067135
29.912000 0.059093
29.913000 0.050703
29.914000 0.041996
29.915000 0.033002
29.916000 0.023752
29.917000 0.014279
29.918000 0.004617
29.919000 -0.005201
29.920000 -0.015140
29.921000 -0.025165
29.922000 -0.035241
29.923000 -0.045332
29.924000 -0.055402
29.925000 -0.065416
29.926000 -0.075339
29.927000 -0.085136
29.928000 -0.094772
29.929000 -0.104213
29.930000 -0.113426
29.931000 -0.122379
29.932000 -0.131039
29.933000 -0.139377
29.934000 -0.147363
29.935000 -0.154969
29.936000 -0.162169
29.937000 -0.168936
29.938000 -0.175248
29.939000 -0.181082
29.940000 -0.186418
29.941000 -0.191237
29.942000 -0.195523
29.943000 -0.199260
29.944000 -0.202436
29.945000 -0.205040
29.946000 -0.207063
29.947000 -0.208498
29.948000 -0.209341
29.949000 -0.209589
29.950000 -0.209242
29.951000 -0.208302
29.952000 -0.206772
29.953000 -0.204658
29.954000 -0.201969
29.955000 -0.198715
29.956000 -0.194907
29.957000 -0.190560
29.958000 -0.185691
29.959000 -0.180316
29.960000 -0.174456
29.961000 -0.168133
29.962000 -0.161368
29.963000 -0.154189
29.964000 -0.146619
29.965000 -0.138688
29.966000 -0.130424
29.967000 -0.121857
29.968000 -0.113018
29.969000 -0.103940
29.970000 -0.094656
29.971000 -0.085199
29.972000 -0.075604
29.973000 -0.065906
29.974000 -0.056140
29.975000 -0.046341
29.976000 -0.036546
29.977000 -0.026789
29.978000 -0.017107
29.979000 -0.007535
29.980000 0.001893
29.981000 0.011142
29.982000 0.020179
29.983000 0.028971
29.984000 0.037485
29.985000 0.045691
29.986000 0.053559
29.987000 0.061060
29.988000 0.068166
29.989000 0.074853
29.990000 0.081095
29.991000 0.086869
29.992000 0.092154
29.993000 0.096932
29.994000 0.101184
29.995000 0.104894
29.996000 0.108050
29.997000 0.110638
29.998000 0.112651
29.999000 0.114079
